Youtuber,subscribers,video views,category,Title,uploads,Country,channel_type,country_rank,video_views_for_the_last_30_days,highest_monthly_earnings,subscribers_for_last_30_days,Gross tertiary education enrollment (%),Population,Unemployment rate,subscribers_for_last_30_days_missing,country_rank_missing,channel_age,views_per_subscriber,views_per_upload,earnings_spread,urban_ratio,subscriber_growth_rate
T-Series,1.0,0.9999999999999999,Music,T-Series,0.7853292722315561,India,Music,1.0,0.9511340769568142,0.9748657175477985,0.9088072776818376,28.1,0.9976791355194754,5.36,0,0,0.3076923076923077,0.8818167347073718,0.6727533936806496,0.9782089899706772,0.2050100546163604,0.027649712863932693
YouTube Movies,0.87784042651292,0.0,Film & Animation,youtubemovies,0.05494238558786014,United States,Games,7670.0,0.0854098901454222,0.0029703768700582948,0.7573396995666664,88.2,0.8515167182046919,14.7,1,0,0.3076923076923077,0.0,0.0,0.022909565372149096,0.7871914495325427,0.00399863696883235
MrBeast,0.8698814146138005,0.9203118126080613,Entertainment,MrBeast,0.5238907764287285,United States,Entertainment,1.0,0.9275956235188036,0.9437663264457214,0.9999999999999999,88.2,0.8515167182046919,14.7,0,0,0.19230769230769235,0.663839695816671,0.7230917411260119,0.9508787588406119,0.7871914495325427,0.16007207304052226
Cocomelon - Nursery Rhymes,0.8617282614544326,0.9874016710890203,Education,Cocomelon - Nursery Rhymes,0.5448840808088949,United States,Education,2.0,0.9450237466615397,0.9669292063850191,0.8632109370795048,88.2,0.8515167182046919,14.7,0,0,0.3076923076923077,0.8926633297104282,0.7847725553738412,0.971124064739868,0.7871914495325427,0.020928637927271412
SET India,0.8554801784670278,0.9834764740128793,Shows,SET India,0.9247038950888894,India,Entertainment,2.0,0.9413945146945467,0.9621203412566939,0.8632109370795048,28.1,0.9976791355194754,5.36,0,0,0.3076923076923077,0.8818451637199385,0.5820381318970493,0.9668373452641152,0.2050100546163604,0.021322284012497836
Music,0.7586172941961014,0.0,Entertainment,Music,0.0,Unknown,Music,-1.0,0.7885997468573448,0.0,0.7573396995666664,68.0,0.8515167182046919,9.02,1,1,0.17307692307692307,0.0,0.0,0.0,0.7871914495325427,0.005710933060814887
ýýý Kids Diana Show,0.7383527440229622,0.9658124654610265,People & Blogs,ýýý Kids Diana Show,0.5559587621584101,United States,Entertainment,3.0,0.8997139111820844,0.905917553928791,0.7573396995666664,88.2,0.8515167182046919,14.7,1,0,0.13461538461538464,0.8674733259940557,0.7555985950668588,0.9183821946372622,0.7871914495325427,0.006067552926869833
PewDiePie,0.735354852121108,0.9212296535141007,Gaming,PewDiePie,0.6704978573595548,Japan,Entertainment,1.0,0.7661525582221593,0.7282600980294611,0.7573396995666664,63.2,0.7535767983676296,2.29,1,0,0.23076923076923078,0.7185833897655816,0.6474423749283597,0.7636906289986152,0.899617702251325,0.006122167081813745
Like Nastya,0.7199483138881169,0.9646602333714697,People & Blogs,Like Nastya Vlog,0.491644642819498,Russia,People,5.0,0.776303792244823,0.7418218292206733,0.7117436549793702,81.9,0.7673429455374423,4.59,0,0,0.1153846153846154,0.8706844272285039,0.7879988942758218,0.7737183090042493,0.6916878398408963,0.0032068124026125395
Vlad and Niki,0.6967739287737507,0.95858145665563,Entertainment,Vlad and Niki,0.5036798226134332,United States,Entertainment,5.0,0.8891589351986432,0.8918053266518591,0.8296080224506922,88.2,0.8515167182046919,14.7,0,0,0.07692307692307693,0.8591361516027132,0.7751155120773482,0.9063001571530496,0.7871914495325427,0.020569978318184672
Zee Music Company,0.6892544097009567,0.9475622744510054,Music,Zee Music Company,0.7176321647728059,India,Music,3.0,0.9039931958742532,0.9119106475025457,0.8694805931248841,28.1,0.9976791355194754,5.36,0,0,0.15384615384615385,0.8249187219817506,0.6513323037001163,0.9234538328781279,0.2050100546163604,0.03846815771878081
WWE,0.6868259206153322,0.9587042754549295,Sports,WWE,0.8844462033008106,United States,Sports,6.0,0.89863738995454,0.905917553928791,0.8296080224506922,88.2,0.8515167182046919,14.7,0,0,0.2884615384615385,0.8633836230296036,0.5762417709641128,0.9172411157499897,0.7871914495325427,0.021189433552529897
Gaming,0.678363121610051,0.0,Entertainment,Gaming,0.0,Unknown,Games,-1.0,0.7885997468573448,0.0,0.7573396995666664,68.0,0.8515167182046919,9.02,1,1,0.17307692307692307,0.0,0.0,0.0,0.7871914495325427,0.007259062616184749
BLACKPINK,0.6645094673295491,0.9250896518192551,People & Blogs,BLACKPINK,0.4992868874393272,South Korea,Music,1.0,0.8822436777930782,0.8832965328346507,0.8397482946937163,94.3,0.6621159315066372,4.15,0,0,0.1153846153846154,0.7588081535168998,0.741141302613174,0.8979860314666973,0.7747075675040715,0.026407529853620514
Goldmines,0.6535366445308082,0.9141050360605097,Film & Animation,goldmines,0.05494238558786014,Unknown,Music,-1.0,0.10272591173206003,0.004119102444257344,0.7573396995666664,68.0,0.8515167182046919,9.02,1,1,0.3076923076923077,0.7260936607071953,0.9900257242372218,0.031480809852027364,0.7871914495325427,0.007818100235511546
Sony SAB,0.6381881619949308,0.9688663935848563,Shows,Sony SAB,0.8857277115292223,India,Entertainment,5.0,0.9370130009516018,0.95598328661451,0.8694805931248841,28.1,0.9976791355194754,5.36,0,0,0.2884615384615385,0.9163752855218239,0.5865783455369751,0.9618191747273935,0.2050100546163604,0.04477610458977965
5-Minute Crafts,0.6263001912000448,0.9173243941815142,Howto & Style,5-Minute Crafts 2.0,0.05494238558786014,United Kingdom,Entertainment,4797.0,0.0,0.0,0.7573396995666664,60.0,0.6884115861487217,3.85,1,0,0.038461538461538464,0.7473917234286431,0.9935124650707068,0.0025887146234688106,0.8016649953515966,0.008480988692368081
BANGTANTV,0.6069732650229964,0.9084949623357489,Music,BANGTANTV,0.6129418180276537,South Korea,Music,2.0,0.8326542951379612,0.8170060892910451,0.8029359086062672,94.3,0.6621159315066372,4.15,0,0,0.19230769230769235,0.7251405589429102,0.6637301206423468,0.8406006148875612,0.7747075675040715,0.01794669529912635
Sports,0.6043098030819518,0.0,Entertainment,sports,0.10988477117572028,United States,Entertainment,6266.0,0.09765071233687389,0.0035474489557763755,0.7573396995666664,88.2,0.8515167182046919,14.7,1,0,0.3076923076923077,0.0,0.0,0.02877470994864065,0.7871914495325427,0.00905693385347485
Justin Bieber,0.5888023401866667,0.923216834107469,Music,Justin Bieber,0.437659191677621,Canada,Music,1.0,0.8347827352525029,0.8198419534181095,0.7117436549793702,68.9,0.6277908648360833,5.56,0,0,0.2884615384615385,0.7816448170352488,0.7714007474125278,0.843163674981748,0.7912996805529158,0.004746477520130231
HYBE LABELS,0.5873988558093668,0.9206683046005784,Music,HYBE LABELS,0.5706240566785019,South Korea,Music,3.0,0.8905215649721869,0.8943963825052076,0.8562801545677377,94.3,0.6621159315066372,4.15,0,0,0.2692307692307693,0.7736092405802678,0.6990366731814968,0.9076991340914327,0.7747075675040715,0.04265992285162708
Zee TV,0.5836271632703367,0.9565250626881477,Entertainment,Zee TV,0.9328833781132928,India,Entertainment,6.0,0.938369514737866,0.9578007541208216,0.8562801545677377,28.1,0.9976791355194754,5.36,0,0,0.3269230769230769,0.8958176097426931,0.5485748309729059,0.9633612631023173,0.2050100546163604,0.04314095047108274
Pinkfong Baby Shark - Kids' Songs & Stories,0.5725402894250093,0.9323275294882676,Education,Pinkfong Baby Shark - Kids' Songs & Stories,0.6310035678648347,United States,Education,8.0,0.8798457164914819,0.8801737653739591,0.8296080224506922,88.2,0.8515167182046919,14.7,0,0,0.21153846153846156,0.8185761575726898,0.6801018462833086,0.8953143488096625,0.7871914495325427,0.029789066000220184
Canal KondZilla,0.5641026239351667,0.9302359753919488,Music,Canal KondZilla,0.6224552385381051,Brazil,Music,1.0,0.8772513959657419,0.0,0.7573396995666664,51.3,0.8069853740217376,12.08,1,0,0.19230769230769235,0.8147835914820637,0.6823043871529423,0.0,0.8326655367243903,0.010212860227738782
ChuChu TV Nursery Rhymes & Kids Songs,0.5610730318568544,0.9385918968618467,Education,ChuChu TV Nursery Rhymes & Kids Songs,0.5114223521764474,India,Education,7.0,0.8744174388891435,0.8734022802685291,0.8176146293679291,28.1,0.9976791355194754,5.36,0,0,0.17307692307692307,0.8440908054729397,0.749413848782824,0.8889715075938782,0.2050100546163604,0.02570605767492589
Shemaroo Filmi Gaane,0.5595478761870911,0.920686270820274,Music,Shemaroo Filmi Gaane,0.717204507749938,India,Music,8.0,0.8516098984652118,0.8410973129192562,0.8029359086062672,28.1,0.9976791355194754,5.36,0,0,0.23076923076923078,0.7843906792627411,0.6224475887535441,0.8623111626386512,0.2050100546163604,0.020674183896288414
Colors TV,0.5544131714670133,0.9499043859999647,Shows,Colors TV,0.9222019205386515,India,Entertainment,9.0,0.9218302668210281,0.9365956201774391,0.8694805931248841,28.1,0.9976791355194754,5.36,0,0,0.2692307692307693,0.8847688453895992,0.5469849624261357,0.9440802647862426,0.2050100546163604,0.05742255994921669
T-Series Bhakti Sagar,0.5352463652985273,0.9218498867534558,Music,T- SERIES BHAKTI SAGAR,0.2091851621975261,India,Music,5803.0,0.0777872518156372,0.002387782479540981,0.7573396995666664,28.1,0.9976791355194754,5.36,1,0,0.07692307692307693,0.7976638174637548,0.8921919098819755,0.019714465578442943,0.2050100546163604,0.011132193251575821
Dude Perfect,0.5269240423725297,0.8989862671781446,Sports,Dude Perfect,0.4729072609801083,United States,Sports,9.0,0.8246457535411417,0.8063172438129609,0.7117436549793702,88.2,0.8515167182046919,14.7,0,0,0.25000000000000006,0.7239586209290605,0.7266823435063752,0.8313207699324274,0.7871914495325427,0.005710933060814887
Movieclips,0.5269240423725297,0.9485153298543865,Film & Animation,Movieclips,0.8381679295776441,United States,Film,9.0,0.8151485422262364,0.7936495103346465,0.7117436549793702,88.2,0.8515167182046919,14.7,0,0,0.3076923076923077,0.8906842703592354,0.5893856029848473,0.8200489664475921,0.7871914495325427,0.005710933060814887
Tips Official,0.5257985776599856,0.9265909636636146,Music,Tips Official,0.6709168513958611,India,Music,11.0,0.8746709965685061,0.8734022802685291,0.8296080224506922,28.1,0.9976791355194754,5.36,0,0,0.2884615384615385,0.8172640615384431,0.6530300120220249,0.8892514983337642,0.2050100546163604,0.03423751490927885
El Reino Infantil,0.5206865590210503,0.9471739092557839,Music,El Reino Infantil,0.5802623545876652,Argentina,Music,1.0,0.8915514829114246,0.8943963825052076,0.8296080224506922,90.0,0.6477339965887814,9.79,0,0,0.21153846153846156,0.8885684212445734,0.7227045172421976,0.9090621700038438,0.9028343046354779,0.034762461497429904
Wave Music,0.5183892118079658,0.9340208221219427,Music,Wave Music,0.782945390418683,India,Music,12.0,0.8473085875062499,0.8365546596927877,0.8176146293679291,28.1,0.9976791355194754,5.36,0,0,0.15384615384615385,0.8451404621689633,0.6025398999490026,0.8572968075566612,0.2050100546163604,0.02919242341409529
Aaj Tak,0.5160759658720586,0.9159458771753017,News & Politics,Aaj Tak,0.9952479679105753,India,News,13.0,0.8786504812089019,0.8768821196217792,0.8176146293679291,28.1,0.9976791355194754,5.36,0,0,0.25000000000000006,0.7851730135664357,0.47204255142396756,0.8937982993184554,0.2050100546163604,0.029394275528557414
Sony Music India,0.5137465996256712,0.9209378636875579,Music,Sony Music India,0.655075645454523,India,Music,14.0,0.8523816649862203,0.8410973129192562,0.7840117585933823,28.1,0.9976791355194754,5.36,0,0,0.25000000000000006,0.8028728072553848,0.6551857284540745,0.8631718123309174,0.2050100546163604,0.017790227522902356
EminemMusic,0.5119888600610585,0.9185252887608089,Music,EminemMusic,0.40078386590280884,United States,Music,10.0,0.8525367790840297,0.8410973129192562,0.7840117585933823,88.2,0.8515167182046919,14.7,0,0,0.2884615384615385,0.795428321659647,0.7856840758306107,0.8636141647942694,0.7871914495325427,0.017883779069217395
Marshmello,0.5090385963935722,0.8951626660751362,Entertainment,Marshmello,0.48192655661315664,United States,Music,11.0,0.8141150433172452,0.7922668705897401,0.7117436549793702,88.2,0.8515167182046919,14.7,0,0,0.13461538461538464,0.7179848018448322,0.7178175028345365,0.8190905435721322,0.7871914495325427,0.006024558187904061
YRF,0.49819669343343786,0.9286725492484191,Film & Animation,YRF,0.6514203030874923,India,Music,15.0,0.8834318970766241,0.8832965328346507,0.8176146293679291,28.1,0.9976791355194754,5.36,0,0,0.3076923076923077,0.8349067482818312,0.6654730891236753,0.8996187179032573,0.2050100546163604,0.031002010177764196
LooLoo Kids - Nursery Rhymes and Children's Songs,0.4945031453185802,0.9252887763346785,Music,LooLoo Kids - Nursery Rhymes and Children's ï¿½,0.1969663920326411,Unknown,Entertainment,-1.0,0.1999508378077323,0.03011742836838754,0.7573396995666664,68.0,0.8515167182046919,9.02,1,1,0.1153846153846154,0.8249340723515276,0.9028346041633549,0.11367259375956272,0.7871914495325427,0.012572600923788105
Ed Sheeran,0.49139370240061186,0.9229152754373084,Music,Ed Sheeran,0.4716783199719418,United Kingdom,Music,1.0,0.841147683920353,0.8283361015391744,0.7117436549793702,60.0,0.6884115861487217,3.85,0,0,0.3076923076923077,0.8181394154106929,0.7532425033883292,0.8501441577481049,0.8016649953515966,0.006350822431986727
Infobells - Hindi,0.49014178070044956,0.9231017967466977,Education,Infobells - Hindi,0.5040923045879132,India,Education,16.0,0.9046883216484465,0.9137840454831525,0.8941285322521219,28.1,0.9976791355194754,5.36,0,0,0.15384615384615385,0.8192496953805903,0.7364732214412149,0.9243260408494316,0.2050100546163604,0.10058856008205269
Taylor Swift,0.4876237823287646,0.922302198496554,Music,Taylor Swift,0.4264381405728957,United States,Music,13.0,0.8848615771801681,0.8862669082551704,0.848532199872483,88.2,0.8515167182046919,14.7,0,0,0.3076923076923077,0.8175271708159012,0.7762980004503176,0.901202660082567,0.7871914495325427,0.05104636557791056
Ariana Grande,0.48635763421208544,0.9139248466056819,Music,Ariana Grande,0.39610456669208177,United States,Music,14.0,0.8304108723916614,0.8140126517580325,0.7117436549793702,88.2,0.8515167182046919,14.7,0,0,0.2884615384615385,0.7898125679265959,0.7831624398167314,0.8379088993466305,0.7871914495325427,0.0064471394387340345
BillionSurpriseToys  - Nursery Rhymes & Cartoons,0.4831711210138243,0.8799699284552996,Education,BillionSurpriseToys  - Nursery Rhymes & Cartï¿½,0.534475156582643,United States,Education,15.0,0.8536719098006599,0.8468998530081708,0.8296080224506922,88.2,0.8515167182046919,14.7,0,0,0.17307692307692307,0.6769047404862021,0.6738623743163836,0.864868691934322,0.7871914495325427,0.038867836339719686
JuegaGerman,0.45582832570439624,0.8949950171744658,Gaming,JuegaGerman,0.6045595239499966,Chile,Games,1.0,0.7902107508004448,0.7603841166677517,0.7573396995666664,88.5,0.5592509514495951,7.09,0,0,0.17307692307692307,0.7378802951568116,0.6534903840818324,0.7913295571164392,0.8500840961824887,0.014111584276709504
Billie Eilish,0.4544355624289764,0.8922730296272627,Music,Billie Eilish,0.3320934323507865,United States,Music,16.0,0.8264397353661176,0.8087058513051445,0.7573396995666664,88.2,0.8515167182046919,14.7,0,0,0.17307692307692307,0.7292653797818107,0.7935071159493424,0.8328220737813528,0.7871914495325427,0.014170383032748412
Get Movies,0.4516325044727676,0.9234417351914674,Entertainment,Get Movies,0.6427308927906751,Russia,Film,1.0,0.8600166192519753,0.8521971575164327,0.8397482946937163,81.9,0.7673429455374423,4.59,0,0,0.3076923076923077,0.8352293061124553,0.6643489976034668,0.8722096707823432,0.6916878398408963,0.04975282226817551
Shemaroo,0.45092805173063955,0.9114828391004994,Entertainment,Shemaroo,0.7408053244329788,India,Entertainment,17.0,0.8474497665685083,0.8367445944310985,0.8176146293679291,28.1,0.9976791355194754,5.36,0,0,0.2884615384615385,0.7952345726868252,0.600148034675632,0.8577937464680748,0.2050100546163604,0.03568656109111151
Badabun,0.44666987054873175,0.9057771607957729,Entertainment,badabun,0.05494238558786014,Unknown,Music,-1.0,0.24621353423100362,0.06688422937232245,0.23928646296789383,68.0,0.8515167182046919,9.02,0,1,0.2884615384615385,0.777671248818648,0.9810061800764537,0.1615366517038979,0.7871914495325427,5.3737396237796635e-06
SonyMusicIndiaVEVO,0.4452383364450663,0.918823795996675,Music,SonyMusicIndiaVEVO,0.6455888687665298,United States,Music,17.0,0.8611871012355697,0.8570702056221131,0.8029359086062672,88.2,0.8515167182046919,14.7,0,0,0.25000000000000006,0.8221409058090856,0.657853897419574,0.8736383450459319,0.7871914495325427,0.02906766761908426
A4,0.4430794740282691,0.9121842803146579,Gaming,aefour,0.05494238558786014,Cuba,People,99.0,0.17616418260981695,0.01960865253162586,0.11214116266422156,41.4,0.5065590542521115,1.64,0,0,0.3076923076923077,0.8006179825967962,0.9879454407650238,0.09253171466513432,0.722284860094287,6.581118747723168e-07
Bad Bunny,0.44163244708347804,0.9233144287890033,Music,badbunny,0.05494238558786014,Unknown,Sports,-1.0,0.0,0.0,0.7573396995666664,68.0,0.8515167182046919,9.02,1,1,0.3269230769230769,0.8386532976174721,1.0,0.0025887146234688106,0.7871914495325427,0.014722480547850312
Fernanfloo,0.44163244708347804,0.8816587290297186,Gaming,Fernanfloo,0.4992868874393272,El Salvador,Games,1.0,0.7594647926627198,0.7193655091495635,0.7573396995666664,29.4,0.448847458424527,4.11,0,0,0.21153846153846156,0.6985242613471414,0.6941032405266777,0.7544852535567262,0.6693527675867128,0.014722480547850312
Voot Kids,0.43725339708988553,0.9095126042282223,Entertainment,Voot Kids,0.6695511952214596,India,Entertainment,18.0,0.8476930049135631,0.8370706829664444,0.8029359086062672,28.1,0.9976791355194754,5.36,0,0,0.1153846153846154,0.7938681120536331,0.6352468711859653,0.8577745442987639,0.2050100546163604,0.02976733768298477
Felipe Neto,0.4350421693870592,0.8998260453020254,Entertainment,Felipe Neto,0.6637489348184359,Brazil,Entertainment,2.0,0.8210006134445678,0.8014495901142906,0.7573396995666664,51.3,0.8069853740217376,12.08,0,0,0.3076923076923077,0.7621239000444969,0.6277879255529286,0.8272807134782482,0.8326655367243903,0.015014982620760635
Vocï¿½ï¿½ï¿½,0.43132396973561615,0.8710813046120909,Entertainment,Vocï¿½ï¿½ï¿½,0.5827412048971314,Brazil,Entertainment,3.0,0.7754427301291799,0.740660374863512,0.7117436549793702,51.3,0.8069853740217376,12.08,0,0,0.17307692307692307,0.66698253154504,0.6389961287182743,0.773784799403375,0.8326655367243903,0.0075997152282306435
HAR PAL GEO,0.4305753407508419,0.9345232566899895,Entertainment,HAR PAL GEO,0.9131702618416992,Pakistan,Entertainment,1.0,0.9272217462723906,0.9426283374654042,0.880469679244506,9.0,0.8088988070820926,4.45,0,0,0.2692307692307693,0.8806747674783119,0.5350451110054558,0.9504398967520981,0.23455163313827027,0.09771221274337924
BRIGHT SIDE,0.4298250313404903,0.8830592943638793,Howto & Style,brightside,0.0,Unknown,Entertainment,-1.0,0.7885997468573448,0.0,0.0,68.0,0.8515167182046919,9.02,0,1,0.3269230769230769,0.7077647493767344,0.0,0.0,0.7871914495325427,0.0
Katy Perry,0.4275639446899655,0.9161736409673884,Music,Katy Perry,0.3852135513115788,United States,Music,19.0,0.8223399363475588,0.8032443843640057,0.7117436549793702,88.2,0.8515167182046919,14.7,0,0,0.2692307692307693,0.8200250776593632,0.7913296442261234,0.8280686094721466,0.7871914495325427,0.007685588652928271
whinderssonnunes,0.4275639446899655,0.8479452212683766,Comedy,whinderssonnunes,0.5014429162933983,Brazil,Comedy,4.0,0.7486196945076414,0.7048631165711691,0.7573396995666664,51.3,0.8069853740217376,12.08,1,0,0.17307692307692307,0.590984779561847,0.6564611860050983,0.7435714324649184,0.8326655367243903,0.015353924144229248
ABS-CBN Entertainment,0.4275639446899655,0.9422050502624734,People & Blogs,ABS-CBN Entertainment,0.9650567565970185,Philippines,Entertainment,1.0,0.834861078506327,0.8199454478127264,0.7840117585933823,35.5,0.7377053780779417,2.15,0,0,0.2692307692307693,0.9077219864764091,0.5162561424965434,0.8431576838887304,0.3588082429858545,0.023005008022555774
Alan Walker,0.4237611425611112,0.8901318573690625,Music,alanwalker,0.17416324171384165,Thailand,Film,4026.0,0.11144371694939445,0.00524655409521471,0.7573396995666664,49.3,0.6926046031024118,0.75,1,0,0.3076923076923077,0.733863092121825,0.8779458216206919,0.034886778426549726,0.40179214608484853,0.01552919872897872
HolaSoyGerman.,0.42299536284059513,0.8526255122300183,Entertainment,holasoygerman. 2,0.15424277660966593,Unknown,People,-1.0,0.04181012914526307,0.0012055968060015244,0.7573396995666664,68.0,0.8515167182046919,9.02,1,1,0.1153846153846154,0.608366810859936,0.8492381394487796,0.008781885746360485,0.7871914495325427,0.015564734951643205
Shakira,0.4222278247265665,0.9192179151135814,People & Blogs,Shakira,0.45894181375852555,Colombia,Howto,1.0,0.8665091077053583,0.8615819437339282,0.8176146293679291,55.3,0.6593647803372147,9.71,0,0,0.3269230769230769,0.8323324301075561,0.7559112306067644,0.8798007925751332,0.7707525062637044,0.038867836339719686
ýýýýýýýý ýý ýýýýýýýýýýýýýý,0.41991457880399974,0.9299050965402101,Film & Animation,ýýýýýýýý ýý ýýýýýýýýýýýýýý,0.578565645369743,Russia,Education,2.0,0.859603920980216,0.8521971575164327,0.7840117585933823,81.9,0.7673429455374423,4.59,0,0,0.21153846153846156,0.869223659799535,0.7048885061839244,0.8718554219885148,0.6916878398408963,0.023535694666297294
ARY Digital HD,0.41991457880399974,0.9314276722477655,Entertainment,ARY Digital HD,0.9200357535765528,Pakistan,Entertainment,2.0,0.9203071808223011,0.934004563772636,0.8562801545677377,9.0,0.8088988070820926,4.45,0,0,0.1153846153846154,0.8743535469888157,0.5281054616182193,0.9424662049982304,0.23455163313827027,0.07012416772616717
Speed Records,0.41445392314667284,0.9181663330404086,Music,Speed Records,0.7371726044026694,India,Music,19.0,0.8302799608737661,0.8138318983589705,0.7117436549793702,28.1,0.9976791355194754,5.36,0,0,0.19230769230769235,0.831785811357764,0.609284741265148,0.837918452681161,0.2050100546163604,0.007992654279927243
Masha and The Bear,0.4136664959236551,0.91473523142938,Shows,Masha and The Bear,0.5632408994514616,United States,Film,20.0,0.8957271243753273,0.9015670873642163,0.8632109370795048,88.2,0.8515167182046919,14.7,0,0,0.15384615384615385,0.8205347260233548,0.6964712608578331,0.9138387886355553,0.7871914495325427,0.0792786964018697
Like Nastya Show,0.4136664959236551,0.9060710172455846,Entertainment,Like Nastya Show,0.5095244536750306,United States,Entertainment,21.0,0.7801073938466128,0.7468906680207961,0.7573396995666664,88.2,0.8515167182046919,14.7,1,0,0.09615384615384616,0.7913658155336168,0.7151851210727547,0.780361546925029,0.7871914495325427,0.01600421357854109
Rihanna,0.40970129282393764,0.9114115282070081,Entertainment,Rihanna,0.3521472281966135,Barbados,Music,1.0,0.8364594987713038,0.8220791528089848,0.7117436549793702,65.4,0.12983540238518776,10.33,0,0,0.3269230769230769,0.8108708114095057,0.8036156736670171,0.8449967634041815,0.1648033372624696,0.00810697234745231
Ishtar Music,0.4056884871109716,0.902077105891416,Trailers,Ishtar Music,0.6669583416987879,India,Music,20.0,0.835961898834431,0.8214182648791097,0.8029359086062672,28.1,0.9976791355194754,5.36,0,0,0.3269230769230769,0.7809956540029327,0.628548780044525,0.8443888409141296,0.2050100546163604,0.03270118850415079
Kimberly Loaiza,0.4048801125903063,0.8582924123956958,People & Blogs,Kimberly Loaiza,0.4499684988109125,Mexico,People,2.0,0.8231828885531064,0.8043676733676702,0.8029359086062672,40.2,0.7534040881753246,3.42,0,0,0.1153846153846154,0.6342604195205104,0.694629012166529,0.8297448961866984,0.7748388684508181,0.03277998795153532
Little Baby Bum - Nursery Rhymes & Kids Songs,0.4016269219354687,0.9329210134202891,Education,Little Baby Bum - Nursery Rhymes & Kids Songs,0.6177268002313684,United States,Education,22.0,0.8083407431344292,0.7845626379440857,0.7117436549793702,88.2,0.8515167182046919,14.7,0,0,0.21153846153846156,0.8864341322554957,0.6876838406284878,0.8116808535958252,0.7871914495325427,0.008304946870866876
Luisito Comunica,0.3991660811183886,0.8749867785034378,Comedy,Luis Arturo Villar Sudek,0.0,Mexico,Comedy,3021.0,0.7885997468573448,0.0,0.7573396995666664,40.2,0.7534040881753246,3.42,1,0,0.23076923076923078,0.6924328464802176,0.0,0.0,0.7748388684508181,0.016712022804346926
elrubiusOMG,0.3975153977578607,0.8689827678672115,Gaming,elrubiusOMG,0.5197237394331664,Unknown,Entertainment,-1.0,0.6787680720352438,0.6117063096772558,0.7573396995666664,68.0,0.8515167182046919,9.02,1,1,0.21153846153846156,0.672916172185155,0.6696797106012502,0.6615112572206637,0.7871914495325427,0.01679455202403907
Toys and Colors,0.39668698915248246,0.9396201591145917,Entertainment,Toys and colors,0.12757226869658697,Unknown,People,-1.0,0.05012941861349661,0.0012055968060015244,0.7573396995666664,68.0,0.8515167182046919,9.02,1,1,0.07692307692307693,0.9109142331147192,0.960249570905404,0.010550653696005646,0.7871914495325427,0.016836123056126525
shfa2 - ï¿½ï¿½,0.3916729546212929,0.9137331907757653,People & Blogs,shfa2 - ï¿½ï¿½,0.584650089336685,United Arab Emirates,People,1.0,0.8502972619506641,0.8405407634094297,0.7840117585933823,36.8,0.4913514420929608,2.35,0,0,0.09615384615384616,0.8256325042688119,0.6841924988170869,0.8610038957138733,0.839723239933911,0.025602845118218778
LUCCAS NETO - LUCCAS TOON,0.3891374478925256,0.9111123284541875,People & Blogs,LUCCAS NETO- LUCCAS TOON,0.05494238558786014,Unknown,Games,-1.0,0.01850127688100276,0.0006057826022687468,0.7573396995666664,68.0,0.8515167182046919,9.02,1,1,0.019230769230769232,0.8177837972485347,0.9867844583011448,0.004572426969119224,0.7871914495325427,0.017219734285399843
CarryMinati,0.38743636177358365,0.8379802715664874,Comedy,CarryMinati,0.41464438540603205,India,Comedy,21.0,0.7979666399827987,0.7707305096787466,0.8397482946937163,28.1,0.9976791355194754,5.36,0,0,0.15384615384615385,0.5730544055384343,0.6911652841670636,0.8004543065847872,0.2050100546163604,0.060194510016697934
XXXTENTACION,0.38743636177358365,0.8823345504394251,Music,XXXTENTACION,0.3882277969003414,United States,Music,24.0,0.7843312954824432,0.7525160733484836,0.7117436549793702,88.2,0.8515167182046919,14.7,0,0,0.13461538461538464,0.7216216135286567,0.7530931655633435,0.7842284660955606,0.7871914495325427,0.008664655267297393
Super Simple Songs - Kids Songs,0.38743636177358365,0.9378690025872911,Education,Super Simple Songs - Kids Songs,0.5242106091715609,Canada,Education,2.0,0.8875741498239901,0.8890990756908637,0.8029359086062672,68.9,0.6277908648360833,5.56,0,0,0.3076923076923077,0.9085788247219178,0.7419398123046856,0.9042353782182382,0.7912996805529158,0.03452717799742138
Mikecrack,0.38658256130700597,0.8986947173104947,Gaming,Mikecrack,0.5974552000299741,Spain,Games,1.0,0.8532182343650587,0.8468998530081708,0.848532199872483,88.9,0.6524974609911891,13.96,0,0,0.13461538461538464,0.7769682540798638,0.6612109799436287,0.8644598932672467,0.7642133296961922,0.06888137387001408
WorkpointOfficial,0.3857265744092473,0.9295600715729713,Entertainment,WorkpointOfficial,0.887171419798929,Thailand,Entertainment,1.0,0.8210363027019179,0.8014962776415009,0.7573396995666664,49.3,0.6926046031024118,0.75,0,0,0.19230769230769235,0.881238048045335,0.5432532133676822,0.8272780196031012,0.40179214608484853,0.017395896796097682
GR6 EXPLODE,0.384868389853426,0.9157132178994725,Music,GR6 EXPLODE,0.6357796956667118,Brazil,Music,6.0,0.9364031165438602,0.9550537931411921,0.7117436549793702,51.3,0.8069853740217376,12.08,0,0,0.15384615384615385,0.834922108396941,0.6596114583259493,0.9611031297956326,0.8326655367243903,0.008731392683277257
TEDx Talks,0.38228053666300976,0.8686135933159412,Nonprofits & Activism,TEDx Talks,0.967884963400021,United States,Nonprofit,25.0,0.773109828561932,0.7375726403983683,0.7117436549793702,88.2,0.8515167182046919,14.7,0,0,0.25000000000000006,0.6775247482313278,0.4350759126463975,0.7714503192192841,0.7871914495325427,0.008799166128133912
shfa,0.38054410314359277,0.9097609893366236,People & Blogs,ýýýýýýýýýý ýýýýýý,0.5461848707348382,Saudi Arabia,Games,774.0,0.6199017290147986,0.533570764672069,0.45443650500650007,68.0,0.6199535637573586,5.93,0,0,0.07692307692307693,0.8165435867964453,0.7000031455676188,0.593055424796971,0.8066755444381477,0.00017704944950260184
Goldmines Gaane Sune Ansune,0.3796724919567662,0.9000922664500117,Music,Goldmines Gaane Sune Ansune,0.6475882093379814,India,Music,22.0,0.904621557497753,0.9137840454831525,0.8029359086062672,28.1,0.9976791355194754,5.36,0,0,0.13461538461538464,0.7843313308439764,0.6365217549608553,0.9241816649142599,0.2050100546163604,0.0353343229755821
One Direction,0.3787986020453493,0.8921959879785657,Music,21 Savage,0.1969663920326411,United States,Music,2904.0,0.36790846519709863,0.19835503244769428,0.2579939240707185,88.2,0.8515167182046919,14.7,0,0,0.1153846153846154,0.7581000126290086,0.8669933053511699,0.3002815141658737,0.7871914495325427,8.826457093684316e-06
TheEllenShow,0.3787986020453493,0.9118829406129728,Entertainment,TheEllenShow,0.7656767413334394,United States,Entertainment,26.0,0.739405529905267,0.6925765046899746,0.7573396995666664,88.2,0.8515167182046919,14.7,1,0,0.3076923076923077,0.8243611949754659,0.58758607296283,0.7294364674967923,0.7871914495325427,0.01775926079553697
Sony PAL,0.3787986020453493,0.9205141254850157,Shows,Sony PAL,0.7997494286825657,India,Entertainment,23.0,0.8739396405278652,0.8734022802685291,0.8176146293679291,28.1,0.9976791355194754,5.36,0,0,0.15384615384615385,0.8534316229300726,0.5791315760234287,0.8886900314851073,0.2050100546163604,0.044225583855612136
Daddy Yankee,0.3770439381699511,0.9118406314139242,Music,Daddy Yankee,0.49354709671412494,United States,Music,27.0,0.841790043009912,0.8291934310911492,0.7117436549793702,88.2,0.8515167182046919,14.7,0,0,0.21153846153846156,0.8248946421074339,0.729796429978656,0.851249539114577,0.7871914495325427,0.008937919125828305
Vlad vï¿½ï¿½ï,0.3761631400301093,0.9131286262161269,Entertainment,Vlad vï¿½ï¿½ï,0.4950983224872991,United States,Entertainment,28.0,0.8496222070300627,0.8396433054701377,0.7573396995666664,88.2,0.8515167182046919,14.7,0,0,0.07692307692307693,0.8295714035451429,0.7303793556940854,0.860096889016478,0.7871914495325427,0.01789946673415129
Like Nastya ESP,0.37350673372684184,0.9033567350340093,Entertainment,Like Nastya ESP,0.524104141583731,United States,Entertainment,29.0,0.8621235217344722,0.8570702056221131,0.8397482946937163,88.2,0.8515167182046919,14.7,0,0,0.09615384615384616,0.7976928553573384,0.7046168408089423,0.8746790029676729,0.7871914495325427,0.0627324992012889
ýýýýýýýýýýýý one31,0.3726165529062868,0.9187907146543037,Entertainment,ýýýýýýýýýýýý one31,0.9251217770619217,Thailand,Entertainment,2.0,0.8245013974317771,0.806122909591812,0.7840117585933823,49.3,0.6926046031024118,0.75,0,0,0.17307692307692307,0.8500083879501392,0.5117617351747269,0.8313315861486666,0.40179214608484853,0.027098914360904024
Jkk Entertainment,0.3699316975037501,0.8993623146923807,Comedy,Jkk Entertainment,0.4278859453387669,India,Comedy,24.0,0.77714799094038,0.7429310159132635,0.7117436549793702,28.1,0.9976791355194754,5.36,0,0,0.09615384615384616,0.785624746387091,0.7506929620497481,0.7760609764561793,0.2050100546163604,0.00912987630539706
ABP NEWS,0.368129737881306,0.8907744234269922,People & Blogs,ABP NEWS,1.0,India,News,25.0,0.8537254202172496,0.8468998530081708,0.8029359086062672,28.1,0.9976791355194754,5.36,0,0,0.19230769230769235,0.7574234870915263,0.4422982225348405,0.8648642701663447,0.2050100546163604,0.036569150649289825
Maria Clara & JP,0.368129737881306,0.9142168514990785,People & Blogs,Maria Clara & JP,0.5242106091715609,Brazil,Entertainment,7.0,0.8509769950982398,0.8410973129192562,0.7840117585933823,51.3,0.8069853740217376,12.08,0,0,0.13461538461538464,0.83633128405199,0.7163232403017437,0.86189472245231,0.8326655367243903,0.027463642266183263
Bruno Mars,0.3654084525630408,0.9057379333036454,Music,Bruno Mars,0.36502930856889426,United States,Music,30.0,0.8345016115492786,0.8194696470323095,0.7573396995666664,88.2,0.8515167182046919,14.7,0,0,0.3076923076923077,0.8088277256073331,0.7906665995964673,0.8425160654413352,0.7871914495325427,0.018483150317334468
Maroon 5,0.3644964118871288,0.9115408957171974,Music,Maroon 5,0.40801670163037823,United States,Music,31.0,0.8282558047477723,0.8111338782412277,0.7573396995666664,88.2,0.8515167182046919,14.7,1,0,0.3076923076923077,0.8287188882227465,0.7743175824467449,0.8350562380981903,0.7871914495325427,0.018533513581924135
Ultra Bollywood,0.3644964118871288,0.8975768519624266,Trailers,Ultra Bollywood,0.7231818250164086,India,Entertainment,26.0,0.8213850740203537,0.0,0.7573396995666664,28.1,0.9976791355194754,5.36,0,0,0.25000000000000006,0.7817084279307058,0.5942955722468583,0.0,0.2050100546163604,0.018533513581924135
PowerKids TV,0.363581875884849,0.9049062983194637,Film & Animation,PowerKids TV,0.684410030499068,Unknown,Film,1.0,0.8617919932226323,0.8570702056221131,0.8296080224506922,68.0,0.8515167182046919,9.02,0,0,0.15384615384615385,0.8067313188270946,0.6224933232959424,0.8743361061444269,0.7871914495325427,0.05545069572040606
YouTube,0.3617452630209801,0.8345425345474308,News & Politics,YouTube,0.5242106091715609,United States,Entertainment,32.0,0.7379144301349726,0.6905895704067891,0.7840117585933823,88.2,0.8515167182046919,14.7,0,0,1.0000000000000002,0.5713915647421236,0.6300316085392791,0.7295555526140249,0.7871914495325427,0.027991072117729835
News,0.3617452630209801,0.0,Entertainment,News,0.0,Unknown,Entertainment,-1.0,0.7885997468573448,0.0,0.7573396995666664,68.0,0.8515167182046919,9.02,1,1,0.17307692307692307,0.0,0.0,0.0,0.7871914495325427,0.018686263715548896
Ozuna,0.3608231584355366,0.9128767612423871,Music,Ozuna,0.4187737100352232,Unknown,Music,2.0,0.8329116908783727,0.8173487744268193,0.7117436549793702,68.0,0.8515167182046919,9.02,0,0,0.1153846153846154,0.8346329193081842,0.7701135662642578,0.8405810509422137,0.7871914495325427,0.009381737385524665
MrBeast Gaming,0.3598985030735129,0.8629645491993201,Gaming,MrBeastGaming,0.14202400644478097,Unknown,Comedy,-1.0,0.1279166704291338,0.007440688826065409,0.0,68.0,0.8515167182046919,9.02,0,1,0.21153846153846156,0.6671628833991277,0.867986340359345,0.056491555245542446,0.7871914495325427,1.778306465765073e-08
La Granja de Zenï¿½,0.3561740890532272,0.9185880591372941,Music,La Granja de Zenï¿½,0.5140053072495822,Argentina,Music,2.0,0.8593464930913871,0.8521971575164327,0.8029359086062672,90.0,0.6477339965887814,9.79,0,0,0.17307692307692307,0.8556616909931688,0.7263970105592109,0.8714863036166687,0.9028343046354779,0.03789341142034161
Saregama Music,0.35429620377660953,0.8975863453995537,Entertainment,Saregama Music,0.7079604243008273,India,Music,27.0,0.8853256177658438,0.8862669082551704,0.8562801545677377,28.1,0.9976791355194754,5.36,0,0,0.17307692307692307,0.785667191175414,0.602259383252837,0.9016466637000433,0.2050100546163604,0.08514525572493027
IndiaTV,0.35429620377660953,0.8986634900711732,News & Politics,IndiaTV,0.9922536405149207,India,News,27.0,0.8576187342786541,0.8521971575164327,0.8296080224506922,28.1,0.9976791355194754,5.36,0,0,0.3076923076923077,0.7892924357703895,0.45488944242178386,0.8696343343176783,0.2050100546163604,0.056999671501318384
T-Series Bollywood Classics,0.3533532900341836,0.9116828051922831,Music,T-Series Bollywood Classics,0.602921112024034,India,Music,28.0,0.8635849179496424,0.8570702056221131,0.8176146293679291,28.1,0.9976791355194754,5.36,0,0,0.19230769230769235,0.8334896558080042,0.6724205952496468,0.8763741861874558,0.2050100546163604,0.04769923773781069
Total Gaming,0.3533532900341836,0.8579720554973116,Gaming,totalgaming,0.05494238558786014,Unknown,Autos,-1.0,0.15038825584048984,0.011605091247027856,0.026672168662362404,68.0,0.8515167182046919,9.02,0,1,0.3076923076923077,0.6529338937674518,0.9292306377390926,0.07138824085104965,0.7871914495325427,1.1571670128643302e-07
Markiplier,0.35145944530803597,0.9075110850171688,Gaming,Markiplier,0.6825411903929505,United States,Games,34.0,0.8199274974755996,0.8000200989525469,0.7117436549793702,88.2,0.8515167182046919,14.7,0,0,0.19230769230769235,0.8201706028812948,0.6262910190681134,0.8255382533882584,0.7871914495325427,0.009647888483986289
Ryan's World,0.35145944530803597,0.9458342578142854,Entertainment,Ryan's World,0.6187017830923736,United States,Entertainment,35.0,0.8485861235973208,0.8382622479203513,0.7573396995666664,88.2,0.8515167182046919,14.7,0,0,0.13461538461538464,0.9492982519455008,0.7011599907679795,0.8592016664387393,0.7871914495325427,0.019268560669204415
Genevieve's Playhouse - Learning Videos for Kids,0.3485984061586249,0.9163959452125421,Education,Genevieve's Playhouse - Learning Videos for ï¿½,0.5093962966427115,United States,Film,36.0,0.8641095304041353,0.8570702056221131,0.7840117585933823,88.2,0.8515167182046919,14.7,0,0,0.1153846153846154,0.851196541942362,0.7264346475584803,0.8770617007253474,0.7871914495325427,0.02910913423636464
T-Series Apna Punjab,0.3457126670858628,0.909364993846991,Music,T- Series Apna Punjab,0.0,Unknown,News,-1.0,0.7885997468573448,0.0,0.7573396995666664,68.0,0.8515167182046919,9.02,1,1,0.038461538461538464,0.8286273384088764,0.0,0.0,0.7871914495325427,0.019601737779391705
Techno Gamerz,0.34377490687777623,0.8792396069705161,Gaming,TechnoGamerz,0.05494238558786014,Unknown,Games,-1.0,0.1721501883286591,0.017817916104260798,0.04559637349313898,68.0,0.8515167182046919,9.02,0,1,0.23076923076923078,0.7280059535643048,0.952264558589976,0.08256041266589755,0.7871914495325427,2.201657314176868e-07
Geet MP3,0.34280179789433607,0.8897209137914058,Music,Geet MP3,0.5169743849601939,India,Music,31.0,0.8095181918672268,0.78612941802922,0.7117436549793702,28.1,0.9976791355194754,5.36,0,0,0.1153846153846154,0.7636258102335756,0.6935787622273292,0.8139474699257653,0.2050100546163604,0.009900673943274652
J Balvin,0.34084703969372043,0.9122986086425589,Music,J Balvin,0.3928241630955186,Colombia,Music,2.0,0.8204147661298566,0.8006740314515325,0.7117436549793702,55.3,0.6593647803372147,9.71,0,0,0.21153846153846156,0.8403820123141535,0.7831269211092219,0.8264207429337527,0.7707525062637044,0.009958657922637835
Jess No Limit,0.33986535705082943,0.8450501798367003,Entertainment,Jess No Limit,0.613045954377936,Indonesia,Entertainment,1.0,0.8864526006151325,0.8890990756908637,0.9753520459223984,36.3,0.831576842304121,4.69,0,0,0.09615384615384616,0.6148338891233243,0.594961541324852,0.9031720535977752,0.46706707203478764,0.5099321726041602
Jingle Toons,0.33986535705082943,0.8852872343954099,Film & Animation,Jingle Toons,0.43475301702521324,India,Film,32.0,0.8356991297521257,0.821063963792684,0.8296080224506922,28.1,0.9976791355194754,5.36,0,0,0.17307692307692307,0.7498426379379382,0.7318454902495107,0.8437547859917689,0.2050100546163604,0.05949249631836116
VEGETTA777,0.33789330000567386,0.8970335277679868,Gaming,VEGETTA777,0.7083783248719429,Spain,Games,2.0,0.7660476326902004,0.7281434318928385,0.7573396995666664,88.9,0.6524974609911891,13.96,1,0,0.2692307692307693,0.7901217682978826,0.6014422867126509,0.7636995585818372,0.7642133296961922,0.02006432011817843
Galinha Pintadinha,0.33789330000567386,0.9188076658815633,Film & Animation,Galinha Pintadinha,0.3332854113124813,Brazil,Film,8.0,0.872557871184879,0.8697114161720434,0.7573396995666664,51.3,0.8069853740217376,12.08,0,0,0.3076923076923077,0.863446339863362,0.821613307631916,0.8869690766666859,0.8326655367243903,0.02006432011817843
SSSniperWolf,0.3369028912823939,0.9131002056711454,Gaming,SSSniperWolf,0.6437735579647678,United States,Entertainment,37.0,0.8429646211124309,0.8307573681629327,0.7573396995666664,88.2,0.8515167182046919,14.7,0,0,0.17307692307692307,0.8446016406477022,0.6526036432415432,0.8522903439027188,0.7871914495325427,0.020123682584025353
Desi Music Factory,0.3369028912823939,0.8811577868102585,Music,Desi music factory,0.08708162085692081,Unknown,Music,-1.0,0.7885997468573448,0.0,0.7573396995666664,68.0,0.8515167182046919,9.02,1,1,0.07692307692307693,0.7370967060148197,0.9256368390171728,0.0,0.7871914495325427,0.020123682584025353
Selena Gomez,0.335909539289724,0.8905136805089491,Film & Animation,Selena Gomez,0.4154876391804284,United States,Music,38.0,0.81559363690726,0.7942438578842662,0.7573396995666664,88.2,0.8515167182046919,14.7,0,0,0.2692307692307693,0.768945342275293,0.7476189134918364,0.8210338368512944,0.7871914495325427,0.02018339735246579
Rajshri,0.33491322648205646,0.8955980507736071,Music,Rajshri,0.6521438017066259,India,Entertainment,34.0,0.8546045129593631,0.8468998530081708,0.8176146293679291,28.1,0.9976791355194754,5.36,0,0,0.3076923076923077,0.7864377945315993,0.6292735045240025,0.8661072006936636,0.2050100546163604,0.050384628075395614
Ch3Thailand,0.33491322648205646,0.9219516248111116,Entertainment,Ch3Thailand,0.9095148339725869,Thailand,Entertainment,3.0,0.78657760469263,0.0,0.7117436549793702,49.3,0.6926046031024118,0.75,0,0,0.15384615384615385,0.875187308325711,0.5233392147781488,0.0,0.40179214608484853,0.01013675775507448
KHANDESHI MOVIES,0.33491322648205646,0.8854713693111904,Comedy,KHANDESHI MOVIES,0.42680257848946485,India,Comedy,35.0,0.7451624650058858,0.7002415946173997,0.7117436549793702,28.1,0.9976791355194754,5.36,0,0,0.17307692307692307,0.7523670919056116,0.7362169157477221,0.7393121954372499,0.2050100546163604,0.01013675775507448
NoCopyrightSounds,0.3339139351564233,0.8824190818975347,Music,NoCopyrightSounds,0.5702678084059235,United Kingdom,Music,3.0,0.7821633780067557,0.749631726377756,0.7573396995666664,60.0,0.6884115861487217,3.85,1,0,0.21153846153846156,0.7424870782750798,0.6577969424629514,0.7823375586092775,0.8016649953515966,0.020303896417070554
CVS 3D Rhymes & Kids Songs,0.3339139351564233,0.9074581634643324,Education,CVS 3D Rhymes & Kids Songs,0.46179852318814796,India,Education,35.0,0.8229617879202008,0.8040664220398337,0.7573396995666664,28.1,0.9976791355194754,5.36,0,0,0.2692307692307693,0.8267510829968637,0.7416777632459557,0.8288972616299846,0.2050100546163604,0.020303896417070554
Ricis Official,0.3329116474506062,0.8608718732065488,People & Blogs,Ricis Official,0.6273530213299517,Indonesia,Entertainment,2.0,0.8295149778911854,0.8128135159842713,0.905433121262713,36.3,0.831576842304121,4.69,0,0,0.1153846153846154,0.6704983984859263,0.6046194269865056,0.8364885292983211,0.46706707203478764,0.1887116913298906
BabyBus - Kids Songs and Cartoons,0.32785462665005927,0.9174964123154264,Education,BabyBus - Kids Songs and Cartoons,0.6072171280068507,United States,Education,39.0,0.8199880203484186,0.8001037178626476,0.7573396995666664,88.2,0.8515167182046919,14.7,0,0,0.1153846153846154,0.8628975182050079,0.6764714646579447,0.8255336136160023,0.7871914495325427,0.020674183896288414
Eros Now Music,0.3268339763936714,0.9026051631656982,Entertainment,Mzaalo,0.5808373100788515,India,Entertainment,730.0,0.7360610109524909,0.68816140912778,0.6514695145414737,28.1,0.9976791355194754,5.36,0,0,0.19230769230769235,0.8131368181836528,0.6741335416685132,0.7281260413384336,0.2050100546163604,0.004157510094805531
BETER Bï¿½ï¿½,0.3268339763936714,0.905344998473657,Entertainment,BETER Bï¿½ï¿½,0.6274109213378017,Turkey,Games,1.0,0.9313312003411369,0.9491575138108345,0.9120167742000754,23.9,0.7111409273791702,13.49,0,0,0.19230769230769235,0.8223623337749651,0.6527559783130072,0.9551592834980073,0.70434158224988,0.21168012480197496
DisneyMusicVEVO,0.3268339763936714,0.9205099838939064,Music,DisneyMusicVEVO,0.6051748796438853,United States,Music,40.0,0.8633623349809134,0.8570702056221131,0.7840117585933823,88.2,0.8515167182046919,14.7,0,0,0.23076923076923078,0.8734439135710769,0.6808028300626281,0.8760342245217202,0.7871914495325427,0.031058635779868695
The Weeknd,0.3258102000980232,0.9129163065988621,Music,The Weeknd,0.40708961378447367,Canada,Music,3.0,0.8690717337633027,0.8657822716423494,0.7573396995666664,68.9,0.6277908648360833,5.56,0,0,0.21153846153846156,0.8482563856147932,0.7762944434448159,0.8827221609300658,0.7912996805529158,0.020800632757618696
WowKidz,0.32168344769281454,0.8998519311559905,Film & Animation,wowkidz,0.08708162085692081,Unknown,Entertainment,-1.0,0.0,0.0,0.7573396995666664,68.0,0.8515167182046919,9.02,1,1,0.3076923076923077,0.8058509219992767,0.9458836192703521,0.0025887146234688106,0.7871914495325427,0.021058228315364774
KAROL G,0.320643749501337,0.9043740698096224,Music,KAROL G,0.38881713126734946,Colombia,Music,3.0,0.8790934916197926,0.8801737653739591,0.7840117585933823,55.3,0.6593647803372147,9.71,0,0,0.17307692307692307,0.8214773419508258,0.7766529594160846,0.8945617387104526,0.7707525062637044,0.03163648054372877
Mr Bean,0.320643749501337,0.8826778465232586,Shows,Mr Bean,0.6370198530196528,United Kingdom,Comedy,4.0,0.7828792302278866,0.7505815175266002,0.7117436549793702,60.0,0.6884115861487217,3.85,0,0,0.3076923076923077,0.7484618468476905,0.623184208081152,0.7822830691032832,0.8016649953515966,0.01057817580352554
rezendeevil,0.320643749501337,0.8906549617454633,Gaming,rezendeevil,0.7437337278512501,Brazil,Entertainment,9.0,0.7719627346499235,0.7360193146902763,0.7573396995666664,51.3,0.8069853740217376,12.08,1,0,0.19230769230769235,0.7752963653257225,0.5760602159516955,0.7689059503037435,0.8326655367243903,0.021123627197142027
StarPlus,0.31960080731658636,0.9181374840932048,Entertainment,StarPlus,0.8490907740218198,India,Entertainment,38.0,0.9372875490915681,0.9568988022136381,0.8752043411258481,28.1,0.9976791355194754,5.36,0,0,0.3076923076923077,0.8682382474132235,0.5507778889851052,0.9621029086878915,0.2050100546163604,0.12520076170517258
SMTOWN,0.3185546008318303,0.9188856584147119,Music,SMTOWN,0.6605185116596503,Unknown,Music,-1.0,0.8475785863117569,0.8369143784284937,0.7117436549793702,68.0,0.8515167182046919,9.02,0,1,0.3076923076923077,0.8711621745801301,0.6501186894374265,0.8577836409294513,0.7871914495325427,0.010644393452638639
GMA  Network,0.3185546008318303,0.9058367677497798,Entertainment,GMA  Network,0.907086424256546,Philippines,Entertainment,2.0,0.9037025197290299,0.9119106475025457,0.8176146293679291,35.5,0.7377053780779417,2.15,0,0,0.3076923076923077,0.8272077108230366,0.507154768960685,0.9230122925484973,0.3588082429858545,0.052892208170210224
GENIAL,0.31750510954905664,0.8654832567791279,Howto & Style,GENIAL,0.6987277135589192,Mexico,Howto,4.0,0.7561272182609813,0.7148883795312747,0.7573396995666664,40.2,0.7534040881753246,3.42,1,0,0.09615384615384616,0.6918885136682932,0.5723144052157882,0.7510895173403365,0.7748388684508181,0.021322284012497836
MR. INDIAN HACKER,0.31645231277657615,0.8590230658654059,Science & Technology,MR. INDIAN HACKER,0.5417916391045976,India,Tech,40.0,0.8128877251714652,0.7906293482359056,0.8176146293679291,28.1,0.9976791355194754,5.36,0,0,0.19230769230769235,0.6706125012516619,0.6473488980360046,0.817049410342645,0.2050100546163604,0.05322331575661146
Worldwide Records Bhojpuri,0.31645231277657615,0.8995365550672276,Music,Worldwide Records Bhojpuri,0.696143923132863,India,Music,39.0,0.8143375606217951,0.792564840328727,0.7573396995666664,28.1,0.9976791355194754,5.36,0,0,0.19230769230769235,0.8068037648579053,0.6105460955484378,0.8190737759125402,0.2050100546163604,0.02138933590176602
DONA ï¿½ï¿½,0.31645231277657615,0.908869038038567,Entertainment,DONA ï¿½ï¿½,0.4056783283038475,United States,Entertainment,41.0,0.8283914546549902,0.8113128803133199,0.7573396995666664,88.2,0.8515167182046919,14.7,0,0,0.07692307692307693,0.8382297983535401,0.772652773225406,0.8358162206402775,0.7871914495325427,0.02138933590176602
Dream,0.31645231277657615,0.8335027474487218,Gaming,Dream,0.37747422755258203,United States,Games,41.0,0.7491957561260865,0.7056567229232421,0.7573396995666664,88.2,0.8515167182046919,14.7,0,0,0.15384615384615385,0.58520316114489,0.7058692345162815,0.7435279208326872,0.7871914495325427,0.02138933590176602
Lucas and Marcus,0.3153961896265667,0.8861691026494841,Entertainment,Lucas and Marcus,0.5696704799783749,United States,Entertainment,42.0,0.8608366861423671,0.8521971575164327,0.8029359086062672,88.2,0.8515167182046919,14.7,0,0,0.21153846153846156,0.7622236195665166,0.6621707351346056,0.873289388526253,0.7871914495325427,0.04277917127287798
JustinBieberVEVO,0.3153961896265667,0.917826910936145,Music,JustinBieberVEVO,0.4219289567413268,United States,Music,42.0,0.8111841661112703,0.7883558329182236,0.7573396995666664,88.2,0.8515167182046919,14.7,1,0,0.25000000000000006,0.8688123549218111,0.7738181132854087,0.8149617251867172,0.7871914495325427,0.02145681083554169
Luis Fonsi,0.313273879647058,0.8963935147114266,Entertainment,luisfonsi,0.0,Unknown,Entertainment,-1.0,0.7885997468573448,0.0,0.7573396995666664,68.0,0.8515167182046919,9.02,1,1,0.3076923076923077,0.7974469835016835,0.0,0.0,0.7871914495325427,0.021593045952811765
Peppa Pig - Official Channel,0.313273879647058,0.9121553304549452,Film & Animation,Peppa Pig - Official Channel,0.6488568342308291,United Kingdom,Education,5.0,0.8497774732962657,0.8398487204566926,0.7840117585933823,60.0,0.6884115861487217,3.85,0,0,0.17307692307692307,0.8505236490260791,0.6489237181924578,0.860566477720133,0.8016649953515966,0.032338411446446634
YOLO AVENTURAS,0.3111380084898627,0.879173060909242,People & Blogs,YOLO AVENTURAS,0.3320934323507865,Venezuela,Comedy,522.0,0.34189287847024774,0.1648678543563991,0.2579939240707185,79.3,0.601120369664744,8.8,0,0,0.07692307692307693,0.7403330427604957,0.7793191337883566,0.26993832169914844,0.8573269382726252,1.082389535179868e-05
The Tonight Show Starring Jimmy Fallon,0.3111380084898627,0.9009819090751461,Comedy,The Tonight Show Starring Jimmy Fallon,0.7215043789054094,United States,Comedy,44.0,0.7408616047612495,0.0,0.7117436549793702,88.2,0.8515167182046919,14.7,0,0,0.3076923076923077,0.813716762293995,0.5988599282564671,0.0,0.7871914495325427,0.01088282998036822
TheDonato,0.3111380084898627,0.8620877604528914,Entertainment,TheDonato,0.6353619602744522,Argentina,Games,3.0,0.8383535759259861,0.8246053417569401,0.905433121262713,90.0,0.6477339965887814,9.79,0,0,0.13461538461538464,0.6829354782873631,0.6017504937365156,0.8473660250999447,0.9028343046354779,0.20104508121143114
ImagineDragons,0.3057378474430381,0.900263146174184,Music,ImagineDragons,0.3592769848201506,United States,Music,45.0,0.8379106397471506,0.8240117715601329,0.7117436549793702,88.2,0.8515167182046919,14.7,0,0,0.25000000000000006,0.8133766103714689,0.787773964253611,0.8467816888944406,0.7871914495325427,0.01105978811750986
Diana and Roma ESP,0.3057378474430381,0.888531037622514,Entertainment,Diana and Roma ESP,0.5042293229577659,United States,Entertainment,45.0,0.8102510347167501,0.7871125842491975,0.7573396995666664,88.2,0.8515167182046919,14.7,0,0,0.1153846153846154,0.7738871711573114,0.6989594900143695,0.8138908709032502,0.7871914495325427,0.022083802144648973
Round2hell,0.3057378474430381,0.8362121369242707,Comedy,Round2hell,0.3344597306757468,India,Entertainment,41.0,0.7566565199141252,0.7156100019839108,0.7840117585933823,28.1,0.9976791355194754,5.36,0,0,0.1153846153846154,0.5983414982744875,0.7315350737584837,0.7510479786770778,0.2050100546163604,0.03307219732448892
Zee News,0.3035531161457419,0.900073199258408,News & Politics,Zee News,0.9592051875021744,India,News,41.0,0.8786825291676762,0.8768821196217792,0.8296080224506922,28.1,0.9976791355194754,5.36,0,0,0.2884615384615385,0.8135785269877518,0.4736825600531222,0.8940540016076887,0.2050100546163604,0.0662534217560334
AboFlah,0.3035531161457419,0.8500920076748354,Gaming,AboFlah,0.5124162850394622,Kuwait,Entertainment,1.0,0.8297487699368085,0.8131227512019202,0.880469679244506,54.4,0.40499873835558664,2.18,0,0,0.1153846153846154,0.6456173483779558,0.6530435305167847,0.8372202218909689,1.0,0.1419523734948403
AH,0.3024553723069543,0.8484567082537358,Entertainment,AH,0.6099690281003349,Indonesia,Entertainment,4.0,0.7386373481769796,0.6915911430233905,0.7573396995666664,36.3,0.831576842304121,4.69,1,0,0.15384615384615385,0.6405596451043808,0.600259284352702,0.7294988787481289,0.46706707203478764,0.02230102217151787
Trap Nation,0.3024553723069543,0.893409552729914,Music,Trap Nation,0.6270338130715577,United States,Music,46.0,0.7732934254912526,0.7378055798545212,0.7573396995666664,88.2,0.8515167182046919,14.7,1,0,0.19230769230769235,0.7915685681021563,0.6400263364542279,0.77143488638056,0.7871914495325427,0.02230102217151787
ýýýýýýýýýýýýýýý ýýýýýý ýýýýýýýýýýýýýýýýýý,0.3024553723069543,0.9029169232237971,Entertainment,ýýýýýýýýýýýýýýý ýýýýýý ýýýýýýýýýýýýýýýýýý,0.49766767388348015,United States,Entertainment,46.0,0.8183217067410485,0.7978790245866282,0.7840117585933823,88.2,0.8515167182046919,14.7,0,0,0.07692307692307693,0.8235767951785583,0.717974574736017,0.8237759650272918,0.7871914495325427,0.03339697116454231
Boram Tube Vlog [ï¿½ï¿½ï¿½ï¿½ï¿½ï¿½ï¿½ï¿½ï¿,0.3013540115133537,0.8920484960473543,Entertainment,Boram Tube Vlog [ï¿½ï¿½ï¿½ï¿½ï¿½ï¿½ï¿½ï¿½ï¿,0.4289547045489666,United States,Entertainment,47.0,0.7412913255956031,0.695106412456438,0.7573396995666664,88.2,0.8515167182046919,14.7,1,0,0.19230769230769235,0.7874116673941799,0.7422107915514679,0.7346861125344084,0.7871914495325427,0.022374381576810175
Adele,0.30024900985112524,0.893847446720643,Music,Adele,0.21976954235144056,United Kingdom,Music,6.0,0.8233008604280653,0.8045232928668361,0.7117436549793702,60.0,0.6884115861487217,3.85,0,0,0.2692307692307693,0.7938920027430031,0.8559375201242735,0.829735466299702,0.8016649953515966,0.011242596126149841
Talking Tom,0.30024900985112524,0.896450330645999,Comedy,TalkingTom,0.08708162085692081,United States,Entertainment,7736.0,0.7885997468573448,0.0,0.7573396995666664,88.2,0.8515167182046919,14.7,1,0,0.2692307692307693,0.8026538538527352,0.9421994999674199,0.0,0.7871914495325427,0.022448225207856422
ýýýýýýýý ýýýýýýýý ýýýýýýýýýý | toyoraljanahtv,0.30024900985112524,0.9193787401525856,Entertainment,ýýýýýýýý ýýýýýýýý ýýýýýýýýýý | toyoraljanahtv,0.6410920301264035,Jordan,Music,1.0,0.8158459289191033,0.7945715608939034,0.7117436549793702,34.4,0.49476747573432966,14.72,0,0,0.2692307692307693,0.8798789671984912,0.6608050533193046,0.8210146408997024,0.8932742280915773,0.011242596126149841
Frost Diamond,0.2991403431685047,0.8682900531987683,Gaming,frostdiamond,0.0,Unknown,Entertainment,-1.0,0.7885997468573448,0.0,0.0824088300608016,68.0,0.8515167182046919,9.02,0,1,0.3076923076923077,0.70836970422304,0.0,0.0,0.7871914495325427,6.01496426106403e-07
Spinnin' Records,0.2991403431685047,0.9061868632378037,Music,Spinnin' Records,0.741150646523202,Netherlands,Music,1.0,0.8089214078615116,0.7853434622526905,0.7117436549793702,85.0,0.5500983619374162,3.2,0,0,0.2884615384615385,0.8358660713659979,0.5942317737504831,0.8128274435373147,0.901439086570802,0.011279885323927895
Little Angel: Nursery Rhymes & Kids Songs,0.2991403431685047,0.9116074155075108,Education,Little Angel: Nursery Rhymes & Kids Songs,0.5713317855517965,United States,Education,49.0,0.8122137445775235,0.7897301044333361,0.7573396995666664,88.2,0.8515167182046919,14.7,1,0,0.13461538461538464,0.8541241671297761,0.688853199971888,0.8171016521821861,0.7871914495325427,0.02252255787491619
jacksepticeye,0.2991403431685047,0.898998217214864,Gaming,jacksepticeye,0.6769186794227431,Unknown,Games,2.0,0.7675752898806553,0.7301723239041066,0.7117436549793702,68.0,0.8515167182046919,9.02,0,0,0.2884615384615385,0.811658717019785,0.6200092127768765,0.7635803737278015,0.7871914495325427,0.011279885323927895
Shawn Mendes,0.29802798707261147,0.8899740524590931,Music,Shawn Mendes,0.3882277969003414,Canada,Music,4.0,0.80345688122954,0.7780471408181402,0.7573396995666664,68.9,0.6277908648360833,5.56,1,0,0.21153846153846156,0.7817107180449323,0.7613671637750858,0.8070257344851443,0.7912996805529158,0.022597384452173953
ashish chanchlani vines,0.2957921078445205,0.8495498328636124,Comedy,ashish chanchlani vines,0.39821842815647784,India,Comedy,42.0,0.7477356301529481,0.7037111413643847,0.7117436549793702,28.1,0.9976791355194754,5.36,0,0,0.25000000000000006,0.6467754109263103,0.7123289603294074,0.743640976941382,0.2050100546163604,0.01139325198466286
Ultra Records,0.2935411720777452,0.9011964959138272,Music,Ultra Records,0.6735795416018698,United States,Music,50.0,0.799783295238854,0.7731383646419188,0.7573396995666664,88.2,0.8515167182046919,14.7,1,0,0.3076923076923077,0.8212172278421,0.6241349827893565,0.8017833647863095,0.7871914495325427,0.022901729644512436
Popular on YouTube,0.2901360896801455,0.0,Entertainment,Popular on Youtube,0.10988477117572028,Unknown,Education,-1.0,0.0,0.0,0.7573396995666664,68.0,0.8515167182046919,9.02,1,1,0.09615384615384616,0.0,0.0,0.0025887146234688106,0.7871914495325427,0.023135423336521202
Maluma,0.2901360896801455,0.9092222870216775,Music,MaLuMa,0.21465388955350778,Argentina,People,3624.0,0.09488442519748153,0.0035474489557763755,0.7573396995666664,90.0,0.6477339965887814,9.79,1,0,0.13461538461538464,0.8495593928515748,0.8754465053615746,0.02720946001300661,0.9028343046354779,0.023135423336521202
Zhong,0.28899331011222706,0.8952438499206992,Entertainment,Zhong,0.5804195746865921,United States,Entertainment,51.0,0.8358551022585874,0.0,0.8632109370795048,88.2,0.8515167182046919,14.7,0,0,0.13461538461538464,0.8029268234767952,0.6663792317518855,0.0,0.7871914495325427,0.11451934096658388
Enaldinho,0.28899331011222706,0.8862072341801956,Comedy,Enaldinho,0.6502791586512715,Brazil,Games,10.0,0.8595016659977504,0.8521971575164327,0.8632109370795048,51.3,0.8069853740217376,12.08,0,0,0.19230769230769235,0.7725131644096858,0.6200772047891845,0.871474202590294,0.8326655367243903,0.11451934096658388
AuronPlay,0.28899331011222706,0.8461545975269275,Comedy,AuronPlay,0.47589875212427024,Spain,Comedy,3.0,0.7126965800831703,0.6569874005722224,0.7573396995666664,88.9,0.6524974609911891,13.96,1,0,0.3076923076923077,0.6380068941933502,0.6678958822792158,0.7009663498125696,0.7642133296961922,0.02321438469869878
Shorts Break,0.286695962938615,0.9059113447083247,Comedy,shorts break,0.29813193045465797,Unknown,Entertainment,-1.0,0.4710039483300218,0.3346711704130842,0.2848828364610328,68.0,0.8515167182046919,9.02,0,1,0.019230769230769232,0.8397326565545067,0.826363887402851,0.4195846832551066,0.7871914495325427,1.7631691396557886e-05
infobells - Tamil,0.28554134107236084,0.9027692312651994,Education,infobells - Tamil,0.50101637657055,India,Education,44.0,0.8131807363061487,0.7910186289148804,0.7573396995666664,28.1,0.9976791355194754,5.36,0,0,0.15384615384615385,0.82959513423684,0.7160618322143262,0.818104882838859,0.2050100546163604,0.023454536190484956
Aditya Music India,0.280882552099631,0.9167683191478191,Music,Aditya Music,0.0,Unknown,Music,-1.0,0.7885997468573448,0.0,0.7573396995666664,68.0,0.8515167182046919,9.02,1,1,0.23076923076923078,0.8785478845197305,0.0,0.0,0.7871914495325427,0.023782575385763755
The Late Late Show with James Corden,0.2797076380684791,0.8802760669269031,Entertainment,The Late Late Show with James Corden,0.6870173054689884,United States,Entertainment,53.0,0.7481936143434776,0.7042898536165312,0.7573396995666664,88.2,0.8515167182046919,14.7,1,0,0.3076923076923077,0.7561334053579071,0.594455012188457,0.743606216097338,0.7871914495325427,0.023866023970574936
Aditya Movies,0.2797076380684791,0.8806810114438403,Movies,Aditya Movies,0.6817578172909903,India,Film,45.0,0.8463808225428506,0.835315469263669,0.8176146293679291,28.1,0.9976791355194754,5.36,0,0,0.19230769230769235,0.7574954713907568,0.5976419501087977,0.8563396575598267,0.2050100546163604,0.05935405397645946
Masha y el Oso,0.27852857971132394,0.8921347516035679,Film & Animation,Masha y El oso,0.15424277660966593,Unknown,Entertainment,-1.0,0.01850127688100276,0.0006057826022687468,0.7573396995666664,68.0,0.8515167182046919,9.02,1,1,0.057692307692307696,0.7964904402596267,0.892028805462608,0.004572426969119224,0.7871914495325427,0.023950060228737004
infobells - Telugu,0.27852857971132394,0.8954689481033187,Education,infobells - Telugu,0.49354709671412494,India,Education,45.0,0.8571873046839931,0.8521971575164327,0.848532199872483,28.1,0.9976791355194754,5.36,0,0,0.15384615384615385,0.8077147146480658,0.7120650024746054,0.8688534070883128,0.2050100546163604,0.09480481782890877
HUM TV,0.27852857971132394,0.9136692821806817,Entertainment,HUM TV,0.9179243878354356,Pakistan,Entertainment,3.0,0.8966968428709026,0.9015670873642163,0.8397482946937163,9.0,0.8088988070820926,4.45,0,0,0.21153846153846156,0.8690136407621353,0.5099753351491477,0.914882588655222,0.23455163313827027,0.08309773105495152
Shemaroo Movies,0.2773453476877137,0.8699518060885537,Entertainment,Shemaroo Movies,0.634889361348771,India,Film,46.0,0.8369655476691494,0.8227576331188041,0.8176146293679291,28.1,0.9976791355194754,5.36,0,0,0.21153846153846156,0.722330123261085,0.6105146771637601,0.8455971635523318,0.2050100546163604,0.05977132761715774
Michael Jackson,0.2773453476877137,0.8944177522187382,Music,Michael Jackson,0.21976954235144056,United States,Music,54.0,0.8299457069032248,0.813392049505963,0.7573396995666664,88.2,0.8515167182046919,14.7,0,0,0.3269230769230769,0.8046314175395557,0.8565551921542505,0.8372045842575638,0.7871914495325427,0.024034690390105962
Drake,0.2761579123445106,0.8967499444199992,Music,drake,0.10988477117572028,Unknown,Film,-1.0,0.1265125669299754,0.006899523936444185,0.0,68.0,0.8515167182046919,9.02,0,1,0.3269230769230769,0.812940645232355,0.9257325247676002,0.034334084628076335,0.7871914495325427,4.460381951533904e-08
Goldmines Dishoom,0.2749662437114253,0.8746901353805587,Film & Animation,Goldmines Dishoom,0.6549939498974615,Unknown,Film,-1.0,0.8205969973924042,0.8009100942955154,0.8029359086062672,68.0,0.8515167182046919,9.02,0,1,0.1153846153846154,0.739172560062234,0.6051396173049309,0.8264070520477318,0.7871914495325427,0.04824052460024838
Sandeep Maheshwari,0.27257008508141123,0.824296592436055,People & Blogs,Sandeepmaheshwari,0.0,Singapore,Entertainment,3017.0,0.7885997468573448,0.0,0.0,84.8,0.4361867793656149,4.11,0,0,0.2692307692307693,0.5712416399127229,0.0,0.0,1.0,4.590988414621865e-08
Bounce Patrol - Kids Songs,0.27257008508141123,0.9088801374232677,Music,Bounce Patrol - Kids Songs,0.45023949089442705,Australia,Music,1.0,0.8199676162789977,0.8000798384625296,0.7573396995666664,113.1,0.5907305851409557,5.27,1,0,0.17307692307692307,0.8551757163370279,0.7492762139141245,0.8255354695735931,0.8153418877455865,0.024379277790929334
toycantando,0.2713655335169163,0.8978782983164508,Music,toycantando,0.509652403835537,Colombia,Music,4.0,0.8341337783415185,0.8189725889056445,0.7573396995666664,55.3,0.6593647803372147,9.71,0,0,0.25000000000000006,0.8185857874328223,0.7062450019700626,0.8418665929914438,0.7707525062637044,0.024466974064822275
MrBeast 2,0.2689433294586303,0.8503533275950375,People & Blogs,Leaux Pass,0.2641275477853862,United States,Music,5889.0,0.26391457363342985,0.0,0.7573396995666664,88.2,0.8515167182046919,14.7,1,0,0.21153846153846156,0.6597630175652146,0.7844890796735914,0.0,0.7871914495325427,0.024644273078222353
Wiz Khalifa,0.2689433294586303,0.8915737436699641,Music,Wiz Khalifa,0.5173233148291142,United States,Music,57.0,0.8043231646089781,0.779202273851644,0.7117436549793702,88.2,0.8515167182046919,14.7,0,0,0.2692307692307693,0.7982929244033354,0.6954029082911319,0.8069586097953185,0.7871914495325427,0.012344421155879585
JYP Entertainment,0.26772561336767975,0.9067216292394671,Music,JYP Entertainment,0.5920829389303315,South Korea,Music,4.0,0.8601787308589535,0.8521971575164327,0.7573396995666664,94.3,0.6621159315066372,4.15,0,0,0.2692307692307693,0.8497713699568388,0.672712904189909,0.8725806906656854,0.7747075675040715,0.02473388968317666
ýýý Kids Roma Show,0.26772561336767975,0.881706956699125,People & Blogs,ýýý Kids Roma Show,0.5125396548810552,United States,Entertainment,58.0,0.8346578321688506,0.8196777266282624,0.8029359086062672,88.2,0.8515167182046919,14.7,0,0,0.13461538461538464,0.7655574516154616,0.6872196889529391,0.8425039354069065,0.7871914495325427,0.04928926964104616
DanTDM,0.26772561336767975,0.9058162526420768,Gaming,DanTDM,0.6504957301172078,United Kingdom,Games,7.0,0.7979550408666809,0.7707111671985862,0.8176146293679291,60.0,0.6884115861487217,3.85,0,0,0.19230769230769235,0.84672166956553,0.6412016576166396,0.800455795329298,0.8016649953515966,0.06150079209518016
Nick Jr.,0.2665034449229644,0.9113483058247588,Film & Animation,Nick Jr.,0.6817869695926142,United States,Entertainment,59.0,0.7699086790164718,0.7332913090104863,0.7573396995666664,88.2,0.8515167182046919,14.7,0,0,0.19230769230769235,0.8658285350505913,0.6308410603178564,0.7663042845782392,0.7871914495325427,0.024824160432615046
Crazy XYZ,0.2665034449229644,0.8704751811707324,Entertainment,Crazy XYZ,0.5658630581958148,India,Tech,48.0,0.8099117552694176,0.7866527707520392,0.7117436549793702,28.1,0.9976791355194754,5.36,0,0,0.09615384615384616,0.7282575037049919,0.6471641315232392,0.8139174453102717,0.2050100546163604,0.01243469190531797
ToyPuddingTV,0.2640456198994183,0.8982141683602409,Entertainment,ToyPudding TV[ï¿½ï¿½ï¿½ï¿½ï,0.08708162085692081,Unknown,People,-1.0,0.09193954775875968,0.0035474489557763755,0.7573396995666664,68.0,0.8515167182046919,9.02,1,1,0.09615384615384616,0.8225363546818968,0.9441098326332292,0.02592313944063587,0.7871914495325427,0.02500669322477537
Dushyant kukreja,0.2640456198994183,0.901441083312029,Entertainment,Dushyant kukreja,0.5383068974127995,India,Entertainment,49.0,0.8754267220299493,0.8734022802685291,0.8397482946937163,28.1,0.9976791355194754,5.36,0,0,0.13461538461538464,0.8334034161368093,0.6951125677442567,0.8900827130689822,0.2050100546163604,0.08673080762081642
Gulshan Kalra,0.2640456198994183,0.8896786203597676,Howto & Style,Gulshan Kalra,0.4995777688931873,Unknown,Howto,-1.0,0.8825943381598617,0.8832965328346507,0.880469679244506,68.0,0.8515167182046919,9.02,0,1,0.07692307692307693,0.7937996570461917,0.7026369674797768,0.8984576623278611,0.7871914495325427,0.15935076286167105
Brent Rivera,0.26280989687612966,0.8643848875847967,Comedy,Brent Rivera,0.5008736850698693,United States,Entertainment,60.0,0.8256850567222528,0.8077026476422232,0.7840117585933823,88.2,0.8515167182046919,14.7,0,0,0.25000000000000006,0.7092120774000611,0.674564176993069,0.8320660663290437,0.7871914495325427,0.03757937057340193
Renato Garcia YT,0.26156958859937873,0.8716148634064862,Entertainment,Renato Garcia YT,0.6565720209989111,Brazil,Entertainment,11.0,0.8003525809554813,0.77389580091577,0.7573396995666664,51.3,0.8069853740217376,12.08,0,0,0.21153846153846156,0.7339857306769231,0.6009842416715158,0.8031733753397738,0.8326655367243903,0.02519193024327276
Beast Reacts,0.25907507928362694,0.8489458164614728,People & Blogs,Beast Reacts,0.4350812373998712,United States,Entertainment,61.0,0.8552588002038721,0.8468998530081708,0.8752043411258481,88.2,0.8515167182046919,14.7,0,0,0.1153846153846154,0.6588287297042057,0.6923135542629152,0.8669139784796382,0.7871914495325427,0.14951434519949955
enchufetv,0.25907507928362694,0.8816361829449844,Comedy,enchufetv,0.5456183999721397,Colombia,Comedy,5.0,0.7444691625587879,0.6993736365257325,0.7573396995666664,55.3,0.6593647803372147,9.71,1,0,0.21153846153846156,0.768648524276317,0.6698387057333308,0.7393640122705532,0.7707525062637044,0.025379932031599457
Netflix,0.25907507928362694,0.8677406113970425,Entertainment,Netflix,0.6955703758626134,United States,Entertainment,62.0,0.8165428531889004,0.7955056080674064,0.7573396995666664,88.2,0.8515167182046919,14.7,0,0,0.19230769230769235,0.7219227612105851,0.5764090731750917,0.8219620608753512,0.7871914495325427,0.025379932031599457
Raffy Tulfo in Action,0.25656181408337986,0.8961128051210053,News & Politics,Raffy Tulfo in Action,0.7302407175491102,Philippines,News,3.0,0.8312333271556479,0.8151047089325523,0.7840117585933823,35.5,0.7377053780779417,2.15,0,0,0.1153846153846154,0.818343143459393,0.5890215570580101,0.8385749645730508,0.3588082429858545,0.03828444061832738
WORLDSTARHIPHOP,0.25656181408337986,0.9076242954280334,Music,WORLDSTARHIPHOP,0.7003469703836237,United States,Music,63.0,0.8036359655844025,0.7782867606644011,0.7573396995666664,88.2,0.8515167182046919,14.7,1,0,0.2692307692307693,0.8571140123690381,0.6171093047861897,0.8070112637919662,0.7871914495325427,0.02557076095414685
Goldmines Bollywood,0.2552980594709533,0.8746558633215537,Film & Animation,Goldmines Bollywood,0.6495821265610365,India,Film,50.0,0.8087555369328844,0.7851148457737294,0.8029359086062672,28.1,0.9976791355194754,5.36,0,0,0.13461538461538464,0.7466225711178276,0.6079307147925639,0.8128404120015108,0.2050100546163604,0.05114232114960394
Alan Chikin Chow,0.2552980594709533,0.9184300555767888,Comedy,Alan Chikin Chow,0.5361400625159238,United States,Comedy,63.0,0.9160216958293202,0.928466144115479,0.880469679244506,88.2,0.8515167182046919,14.7,0,0,0.038461538461538464,0.8940091205967069,0.7146459287736776,0.9374194675706314,0.7871914495325427,0.16347601262010067
PANDA BOI,0.2552980594709533,0.9012044339527467,Entertainment,PANDA BOI,0.5449660085755914,Italy,Entertainment,1.0,0.9232297144582776,0.9378509355098955,0.9088072776818376,61.9,0.677863053300995,9.89,0,0,0.038461538461538464,0.8359765171731619,0.69137338931417,0.9457430517497162,0.6449672536450943,0.248351495896482
BB Ki Vines,0.2540295088145328,0.8519751662018409,Entertainment,BB Ki Vines,0.4163220164345073,India,Entertainment,51.0,0.728752348234086,0.6784128288696131,0.7573396995666664,28.1,0.9976791355194754,5.36,1,0,0.13461538461538464,0.6709237760223591,0.7054413613108446,0.7196241368586248,0.2050100546163604,0.025764481265180914
D Billions,0.25275612557270044,0.9248903208768012,Entertainment,D Billions,0.5274421129852955,United States,Entertainment,64.0,0.8811464810746336,0.8801737653739591,0.7573396995666664,88.2,0.8515167182046919,14.7,0,0,0.057692307692307696,0.9167608803618912,0.7261926349401846,0.8967882803229505,0.7871914495325427,0.025862446305285534
Junya.ï¿½ï¿½ï¿½ï¿½,0.25275612557270044,0.8986456965968931,Entertainment,Junya.ï¿½ï¿½ï¿½ï¿½,0.6893828012677921,Japan,Entertainment,2.0,0.8990969753765538,0.905917553928791,0.8694805931248841,63.2,0.7535767983676296,2.29,0,0,0.038461538461538464,0.8283384643041773,0.6131142293824282,0.9175696500704922,0.899617702251325,0.13986994898971036
Smosh,0.2514778727848235,0.8820716379649243,Comedy,Smosh,0.5857835232999905,United States,Comedy,65.0,0.7914100322870713,0.7619678661796085,0.8029359086062672,88.2,0.8515167182046919,14.7,0,0,0.3269230769230769,0.7730376644015966,0.6493087673769988,0.7929781003281963,0.7871914495325427,0.05172571687099624
1MILLION Dance Studio,0.2514778727848235,0.8713627211184678,Entertainment,1MILLION Dance Studio,0.0,Saudi Arabia,Music,3695.0,0.7885997468573448,0.0,0.7573396995666664,68.0,0.6199535637573586,5.93,1,0,0.057692307692307696,0.7370190566350137,0.0,0.0,0.8066755444381477,0.025961159180976863
NichLmao,0.25019471306461494,0.893582361237485,People & Blogs,NichLmao,0.5364141784336814,Unknown,People,-1.0,0.8911420000569693,0.8943963825052076,0.8694805931248841,68.0,0.8515167182046919,9.02,0,1,0.07692307692307693,0.8122753668419842,0.6875911387550114,0.9084822940358381,0.7871914495325427,0.1409238842531685
Beyoncï¿,0.25019471306461494,0.9014201227637805,Music,Beyoncï¿,0.43475301702521324,United States,Music,66.0,0.7819991060850519,0.7494125348710348,0.7573396995666664,88.2,0.8515167182046919,14.7,1,0,0.3269230769230769,0.8386691553531201,0.7493182899678107,0.7823501251677233,0.7871914495325427,0.026060628488233536
Marï¿½ï¿½ï¿½ï¿½ï¿½,0.25019471306461494,0.9041657228481895,Music,mariliamendonca,0.05494238558786014,Unknown,Music,-1.0,0.03162814173249384,0.0006057826022687468,0.04559637349313898,68.0,0.8515167182046919,9.02,0,1,0.2692307692307693,0.847917017728778,0.9792609046888515,0.0064846384197499085,0.7871914495325427,3.159872946180312e-07
Indosiar,0.24890660859357627,0.8853580982751381,Music,Indosiar,0.8787764329292705,Indonesia,Entertainment,5.0,0.8469448964041049,0.8360672962973533,0.8296080224506922,36.3,0.831576842304121,4.69,0,0,0.17307692307692307,0.7850867042738587,0.4997663253004356,0.8568131862117578,0.46706707203478764,0.07788665625111793
VanossGaming,0.2476135211143058,0.8973013920129882,Gaming,VanossGaming,0.5924886184993978,Canada,Games,5.0,0.7815800074868123,0.7488610784421766,0.7573396995666664,68.9,0.6277908648360833,5.56,1,0,0.21153846153846156,0.825792461986032,0.6622982013002828,0.7802483701915736,0.7912996805529158,0.026261871445155873
David Guetta,0.24631541192368456,0.9024764691808792,Music,David Guetta,0.5247408125345419,United States,Music,67.0,0.831535812143084,0.8155138664942753,0.7117436549793702,88.2,0.8515167182046919,14.7,0,0,0.25000000000000006,0.8437217751884482,0.7033303836541884,0.8392728990544016,0.7871914495325427,0.013207339589785594
LosPolinesios,0.24631541192368456,0.8692726270671206,People & Blogs,LosPolinesios,0.5461848707348382,Mexico,People,8.0,0.7547218908164436,0.7130210450963763,0.7573396995666664,40.2,0.7534040881753246,3.42,1,0,0.19230769230769235,0.7319779010942066,0.6561520394591165,0.7511988727344363,0.7748388684508181,0.026363662958296074
Nicki Minaj,0.24631541192368456,0.8813597282157349,Music,Nicki Minaj,0.29813193045465797,United States,Music,67.0,0.8105306056404948,0.7874808884692238,0.7117436549793702,88.2,0.8515167182046919,14.7,0,0,0.17307692307692307,0.7726293119161242,0.7997731446888297,0.8150126680437244,0.7871914495325427,0.013207339589785594
Fede Vigevani,0.2450122418659202,0.8717308122483699,Howto & Style,Fede Vigevani,0.0,Unknown,Entertainment,-1.0,0.7885997468573448,0.0,0.026672168662362404,68.0,0.8515167182046919,9.02,0,1,0.057692307692307696,0.7407433577991558,0.0,0.0,0.7871914495325427,1.8927088159597902e-07
TaylorSwiftVEVO,0.2450122418659202,0.9163735121602485,Music,TaylorSwiftVEVO,0.4488751696531424,United States,Music,68.0,0.8617763846136682,0.8570702056221131,0.7117436549793702,88.2,0.8515167182046919,14.7,0,0,0.25000000000000006,0.8910439530020687,0.758107214219663,0.8743372158335563,0.7871914495325427,0.013258830620612663
ZHC,0.24370397132546628,0.8307559481990927,Film & Animation,zhc,0.14202400644478097,Unknown,Entertainment,-1.0,0.10729269624925489,0.00468543814881412,0.060275127145557834,68.0,0.8515167182046919,9.02,0,1,0.3076923076923077,0.6038211193578908,0.8331026648052432,0.034055563647924225,0.7871914495325427,4.570504686463247e-07
Post Malone,0.24370397132546628,0.8943878763243138,Music,Post Malone,0.3463447525276759,United States,Music,69.0,0.8394926717802541,0.8261267454681392,0.7117436549793702,88.2,0.8515167182046919,14.7,0,0,0.21153846153846156,0.8174875753898259,0.7882471518598193,0.8484946725402577,0.7871914495325427,0.013310724713883984
Rans Entertainment,0.2423905602197891,0.8635609128689651,People & Blogs,Rans Entertainment,0.6516124610172913,Indonesia,Entertainment,6.0,0.7844289210073833,0.7526463545637367,0.7117436549793702,36.3,0.831576842304121,4.69,0,0,0.13461538461538464,0.7142912523062379,0.5948532251959969,0.7842203801269136,0.46706707203478764,0.01336302662085111
LankyBox,0.2423905602197891,0.9275718135099574,Comedy,LankyBox,0.7197094183486636,United States,Games,69.0,0.904654308202285,0.9137840454831525,0.8296080224506922,88.2,0.8515167182046919,14.7,0,0,0.1153846153846154,0.9297954075489369,0.6285961384214211,0.9241816649142599,0.7871914495325427,0.07940209868964304
Coldplay,0.24107196799200814,0.9014702389763435,Music,Coldplay,0.4747156688594842,United Kingdom,Music,8.0,0.8402739090976521,0.8271687838673395,0.7117436549793702,60.0,0.6884115861487217,3.85,0,0,0.23076923076923078,0.8423528543906216,0.728425398175966,0.8490331376021685,0.8016649953515966,0.013415741167736507
Las Ratitas,0.2397481536033732,0.8788897805746494,People & Blogs,LAS RATITAS,0.12757226869658697,Unknown,People,-1.0,0.08175756034599047,0.002387782479540981,0.7573396995666664,68.0,0.8515167182046919,9.02,1,1,0.057692307692307696,0.7668467409973719,0.8944752510888178,0.021513218340912722,0.7871914495325427,0.02688469084979311
WB Kids,0.2397481536033732,0.8843687429112954,People & Blogs,WB Kids,0.6035101544218605,United States,Film,70.0,0.824360160367305,0.8059388003710785,0.7840117585933823,88.2,0.8515167182046919,14.7,0,0,0.13461538461538464,0.7852829177437647,0.6425300727577493,0.8305040493883377,0.7871914495325427,0.04024779389548267
ABPLIVE,0.2397481536033732,0.871757873628868,People & Blogs,ABPLIVE,0.20331098583874038,Unknown,People,-1.0,0.01850127688100276,0.0006057826022687468,0.7573396995666664,68.0,0.8515167182046919,9.02,1,1,0.15384615384615385,0.7428590958284664,0.8412543195398696,0.004572426969119224,0.7871914495325427,0.02688469084979311
Chris Brown,0.2397481536033732,0.8972500538240366,Music,ChrisBrown,0.0,Unknown,Entertainment,-1.0,0.7885997468573448,0.0,0.7573396995666664,68.0,0.8515167182046919,9.02,1,1,0.17307692307692307,0.8286495341935226,0.0,0.0,0.7871914495325427,0.02688469084979311
The Lallantop,0.2397481536033732,0.8819758028327234,News & Politics,The Lallantop,0.8594023344470288,India,News,52.0,0.8548827160658642,0.8468998530081708,0.7840117585933823,28.1,0.9976791355194754,5.36,0,0,0.13461538461538464,0.7772301167121205,0.5062254523221551,0.8660855984554795,0.2050100546163604,0.04024779389548267
RihannaVEVO,0.23841907552560215,0.9058967466367854,Music,RihannaVEVO,0.3788177361096925,United States,Music,71.0,0.8061990576909809,0.7817077258348385,0.7573396995666664,88.2,0.8515167182046919,14.7,1,0,0.25000000000000006,0.8582858100596491,0.7835679622037637,0.8093860910871211,0.7871914495325427,0.026991377552006136
WatchMojo.com,0.23841907552560215,0.8992572589830667,Music,WatchMojo.com,0.8021731909405273,Canada,Entertainment,6.0,0.776361553803896,0.741883983731886,0.7573396995666664,68.9,0.6277908648360833,5.56,1,0,0.2884615384615385,0.8359214572557089,0.5548428842437003,0.7761222417573975,0.7912996805529158,0.026991377552006136
TRANS7 OFFICIAL,0.23708469173307112,0.8937676748778343,Entertainment,TRANS7 OFFICIAL,0.9034963555400454,Indonesia,Entertainment,7.0,0.8184192272676306,0.7980150705103681,0.7117436549793702,36.3,0.831576842304121,4.69,0,0,0.15384615384615385,0.8179488572505113,0.4959590321635528,0.8237682904608088,0.46706707203478764,0.013576410066116039
Anuel AA,0.23708469173307112,0.8955022122130788,Music,Anuel AA,0.39610456669208177,Colombia,Music,6.0,0.8565548214237128,0.8468998530081708,0.7840117585933823,55.3,0.6593647803372147,9.71,0,0,0.1153846153846154,0.8237896027160729,0.7632097198394069,0.8680762163877447,0.7707525062637044,0.04056786404296063
Dan Rhodes,0.23439983636647632,0.9015934121888659,Entertainment,Dan Rhodes,0.5869974077771549,United Kingdom,Entertainment,9.0,0.8636420099314195,0.8570702056221131,0.8176146293679291,60.0,0.6884115861487217,3.85,0,0,0.13461538461538464,0.8453385363872248,0.6698173183811709,0.8763695584927796,0.8016649953515966,0.06788451973642352
Yuya,0.23439983636647632,0.8287640740466922,Howto & Style,Yuya,0.5161541917580477,Mexico,Howto,9.0,0.5490441382262546,0.43656834603737776,0.7573396995666664,40.2,0.7534040881753246,3.42,1,0,0.25000000000000006,0.6007217027478601,0.627988333807638,0.510552668638335,0.7748388684508181,0.02731657926862444
America's Got Talent,0.23439983636647632,0.8424177342832259,Entertainment,America's Got Talent,0.5982117126282296,United States,Entertainment,72.0,0.8223976839390833,0.8033123693357932,0.8029359086062672,88.2,0.8515167182046919,14.7,0,0,0.3076923076923077,0.6464092073366912,0.5998644898244077,0.8289416635511863,0.7871914495325427,0.05441557005436691
mujjuu___14,0.23439983636647632,0.8950572093274543,People & Blogs,mujjuu___14,0.5367781979355567,Unknown,People,-1.0,0.8721847602221489,0.8697114161720434,0.8562801545677377,68.0,0.8515167182046919,9.02,0,1,0.038461538461538464,0.8233253134676833,0.688998075445408,0.886382793110775,0.7871914495325427,0.12123314855886162
EminemVEVO,0.23304927818185472,0.9079489488723763,Music,EminemVEVO,0.36889666616317374,United States,Music,73.0,0.8240744045967558,0.8055579897443336,0.7117436549793702,88.2,0.8515167182046919,14.7,0,0,0.25000000000000006,0.8672689546968162,0.7910207948375069,0.8305268597279805,0.7871914495325427,0.013740973983800189
Chloe Ting,0.23304927818185472,0.8343380447828209,Howto & Style,Chloe Ting,0.47744921930344963,Australia,Howto,2.0,0.7423610004003818,0.6965623076225889,0.7573396995666664,113.1,0.5907305851409557,5.27,1,0,0.21153846153846156,0.6198741490065903,0.6542858682377984,0.7346037721517633,0.8153418877455865,0.027426728265395793
KatyPerryVEVO,0.23169324104458688,0.9135260647061175,Music,KatyPerryVEVO,0.40983896825744603,United States,Music,74.0,0.8035549772066177,0.778184181906767,0.7117436549793702,88.2,0.8515167182046919,14.7,0,0,0.25000000000000006,0.8865829564633372,0.7755100633360962,0.8070178418690306,0.7871914495325427,0.013796718762799722
Mark Rober,0.23169324104458688,0.8418830928795232,Science & Technology,Mark Rober,0.38013885181201107,United States,Tech,74.0,0.8033930827979945,0.7779613332245101,0.7573396995666664,88.2,0.8515167182046919,14.7,0,0,0.21153846153846156,0.6456552295012755,0.7135416459512953,0.8070296803529725,0.7871914495325427,0.02753776917143837
1theK (ï¿½ï¿½ï¿½ï¿½ï,0.23033168031944218,0.9138566552348681,Music,1theK (ï¿½ï¿½ï¿½ï¿½ï,0.7807305496575773,South Korea,Entertainment,6.0,0.8113751810456025,0.7886158829304702,0.7573396995666664,94.3,0.6621159315066372,4.15,1,0,0.21153846153846156,0.8882217673507563,0.5818582443005191,0.816067994905458,0.7747075675040715,0.027649712863932693
Like Nastya AE,0.2289645508235072,0.8886235554026706,Entertainment,Like Nastya AE,0.5144878969120961,United States,Entertainment,75.0,0.833079351081834,0.8175731777750848,0.8029359086062672,88.2,0.8515167182046919,14.7,0,0,0.07692307692307693,0.8037567846354327,0.6936912979091301,0.8412622228372483,0.7871914495325427,0.05530041599392764
Amit Bhadana,0.22759180681720448,0.8255569783973888,Entertainment,Amit Bhadana,0.22910562730170178,Unknown,People,-1.0,0.05012941861349661,0.0012055968060015244,0.7573396995666664,68.0,0.8515167182046919,9.02,1,1,0.25000000000000006,0.5926109282549905,0.776791845212575,0.010550653696005646,0.7871914495325427,0.027876353008595596
Pen Movies,0.22759180681720448,0.8646044355791559,Film & Animation,Pen Movies,0.5880979974274708,India,Film,53.0,0.80649199801449,0.7820940655019795,0.7840117585933823,28.1,0.9976791355194754,5.36,0,0,0.15384615384615385,0.7234863932717759,0.6291808795067481,0.810606157462565,0.2050100546163604,0.04172934710972856
MrBeast en Espaï¿½ï,0.2262134019950981,0.8303895831899839,Entertainment,MrBeast en Espaï¿½ï,0.3344597306757468,Mexico,Entertainment,10.0,0.7591237452809643,0.7189142083585865,0.7117436549793702,40.2,0.7534040881753246,3.42,0,0,0.019230769230769232,0.6092842291853241,0.7252289299132652,0.754510032996505,0.7748388684508181,0.014024295405652091
shfa show India,0.2262134019950981,0.8977483668234189,Entertainment,shfa show India,0.48769701675534916,United Arab Emirates,People,3.0,0.8277704362360709,0.8104830644305653,0.7573396995666664,36.8,0.4913514420929608,2.35,0,0,0.057692307692307696,0.8355420358391443,0.7175964534521826,0.8350942256324411,0.839723239933911,0.027991072117729835
Super JoJo - Nursery Rhymes & Kids Songs,0.22482928947652692,0.7499794349827644,Entertainment,Super JoJo - Nursery Rhymes & Kids Songs,0.2862197955163615,United States,Education,77.0,0.8631740947182043,0.8570702056221131,0.7117436549793702,88.2,0.8515167182046919,14.7,0,0,0.057692307692307696,0.3465311835697349,0.6638649312214385,0.876048910701165,0.7871914495325427,0.014082367504307382
Alejo Igoa,0.22482928947652692,0.8840826573019029,Comedy,Alejo Igoa,0.5301531535411977,Argentina,Entertainment,4.0,0.872331598064168,0.8697114161720434,0.8296080224506922,90.0,0.6477339965887814,9.79,0,0,0.15384615384615385,0.7900638391081201,0.6805774988752463,0.8866767446767223,0.9028343046354779,0.08363295805700312
Daniel LaBelle,0.22482928947652692,0.8902263942375847,Comedy,Daniel LaBelle,0.4488751696531424,Unknown,Comedy,-1.0,0.8720183428998324,0.8697114161720434,0.8397482946937163,68.0,0.8515167182046919,9.02,0,1,0.25000000000000006,0.8107456013642532,0.7297884566133421,0.8860872039232904,0.7871914495325427,0.09737400846564177
netd mï¿½ï¿,0.22482928947652692,0.9463877130435647,Music,netd mï¿½ï¿,0.7977569512760536,Turkey,Music,2.0,0.8749058631695387,0.8734022802685291,0.7573396995666664,23.9,0.7111409273791702,13.49,0,0,0.15384615384615385,0.9999999999999999,0.6081951021382463,0.8895300192992955,0.70434158224988,0.028106739334797924
DJ Snake,0.22482928947652692,0.8738909072628808,Music,DJ Snake,0.4386047111262648,United States,Music,77.0,0.7880323138998565,0.7574733188931058,0.7573396995666664,88.2,0.8515167182046919,14.7,1,0,0.2692307692307693,0.7557718408674002,0.7174821046743636,0.7878458228596179,0.7871914495325427,0.028106739334797924
Diana and Roma ARA,0.22482928947652692,0.8842292919517355,Entertainment,Diana and Roma ARA,0.5058553308921441,United States,Entertainment,76.0,0.7905503940371033,0.7608180813622888,0.7573396995666664,88.2,0.8515167182046919,14.7,0,0,0.057692307692307696,0.7905573775553171,0.6934494852703409,0.7913030285044323,0.7871914495325427,0.028106739334797924
KSI,0.22482928947652692,0.8609230640628941,Entertainment,KSI,0.56542146871263,United Kingdom,Music,10.0,0.6760486912345544,0.6081800984362831,0.7573396995666664,60.0,0.6884115861487217,3.85,1,0,0.25000000000000006,0.7121780580587345,0.6370495651128693,0.6583558736749462,0.8016649953515966,0.028106739334797924
Spider Slack,0.22343942179603982,0.8931515548896539,Comedy,Spider Slack,0.5393684995386056,Brazil,Comedy,13.0,0.9015341172965189,0.9079815017045062,0.8694805931248841,51.3,0.8069853740217376,12.08,0,0,0.038461538461538464,0.8211302284425854,0.6855792912007398,0.9204383553624328,0.8326655367243903,0.15240814960799434
Goldmines Movies,0.22343942179603982,0.8586309394901507,Film & Animation,Ti Ti,0.10988477117572028,Unknown,People,-1.0,0.03162814173249384,0.0006057826022687468,0.7573396995666664,68.0,0.8515167182046919,9.02,1,1,0.07692307692307693,0.7050123078392406,0.8844475586360643,0.0064846384197499085,0.7871914495325427,0.028223366462242588
Preston,0.22343942179603982,0.8732201979727411,Gaming,Preston,0.6576266495057236,United States,Entertainment,78.0,0.827917762780407,0.8106840568505648,0.7573396995666664,88.2,0.8515167182046919,14.7,0,0,0.19230769230769235,0.7540507020545705,0.6021717663339675,0.8350825996836978,0.7871914495325427,0.028223366462242588
James Charles,0.22204375089362127,0.8460488767048653,Entertainment,James Charles,0.49354709671412494,United States,Entertainment,79.0,0.7841464071047433,0.7522808622849956,0.7117436549793702,88.2,0.8515167182046919,14.7,0,0,0.13461538461538464,0.6633190460163783,0.65854036728974,0.7842426135761774,0.7871914495325427,0.014199966541284356
Collins Key,0.22204375089362127,0.8644546339209617,Entertainment,Collins Key,0.44015593689943894,United States,Entertainment,79.0,0.7075718410148748,0.6500980474055045,0.7573396995666664,88.2,0.8515167182046919,14.7,1,0,0.21153846153846156,0.7251159136834403,0.7064484666577576,0.6949917864335053,0.7871914495325427,0.028340965499219557
Diana and Roma EN,0.22204375089362127,0.8679523270643871,People & Blogs,Diana and Roma EN,0.49448147029074124,United States,Entertainment,79.0,0.835154636083993,0.8203405544355118,0.7840117585933823,88.2,0.8515167182046919,14.7,0,0,0.21153846153846156,0.7368732961040081,0.6817738651362061,0.8431350447635994,0.7871914495325427,0.0424234094283654
Venus Entertainment,0.220642228104726,0.8586997818405371,Entertainment,Venus Entertainment,0.33788177750765847,Unknown,Entertainment,-1.0,0.44118690682866823,0.29539475248987374,0.7573396995666664,68.0,0.8515167182046919,9.02,1,1,0.1153846153846154,0.7063183314205514,0.7540764298786384,0.38459203427266253,0.7871914495325427,0.028459548645713095
Troom Troom,0.220642228104726,0.8819946339629866,Howto & Style,Troom Troom,0.617792173519381,United States,Howto,80.0,0.8080055201532295,0.7841141323357509,0.7117436549793702,88.2,0.8515167182046919,14.7,0,0,0.13461538461538464,0.7846484043375093,0.632493625811452,0.8117061494784666,0.7871914495325427,0.01425950567959028
Enrique Iglesias,0.220642228104726,0.9022500915662195,Music,Enrique Iglesias,0.4831861875490026,United States,Music,80.0,0.8183172521595748,0.7978790245866282,0.7117436549793702,88.2,0.8515167182046919,14.7,0,0,0.2884615384615385,0.8528517072832412,0.7248339673170611,0.8237769242700541,0.7871914495325427,0.01425950567959028
Ninja,0.2192348041500951,0.828098134851443,Gaming,Ninja,0.5911281999706948,United States,Games,81.0,0.6957068886053136,0.6343356093974214,0.7573396995666664,88.2,0.8515167182046919,14.7,1,0,0.21153846153846156,0.6042932430321892,0.5880584857287765,0.6812101641290353,0.7871914495325427,0.02857912830675517
FaZe Rug,0.2192348041500951,0.8691950486401451,Gaming,FaZeRug,0.0,Canada,Games,3885.0,0.7885997468573448,0.0,0.0,68.9,0.6277908648360833,5.56,0,0,0.19230769230769235,0.7421319473732209,0.0,0.0,0.7912996805529158,6.707327452970117e-08
Mister Max,0.2192348041500951,0.897224384689741,People & Blogs,Mister Max,0.5550987344748998,United Kingdom,Entertainment,11.0,0.7580614054937619,0.7174935297275197,0.7573396995666664,60.0,0.6884115861487217,3.85,1,0,0.15384615384615385,0.8364659231592372,0.6817636935465515,0.7545949033257475,0.8016649953515966,0.02857912830675517
That Little Puff,0.2192348041500951,0.9074955559631753,Pets & Animals,That Little Puff,0.5268268568001185,United States,Animals,81.0,0.901149159348738,0.9079815017045062,0.8694805931248841,88.2,0.8515167182046919,14.7,0,0,0.038461538461538464,0.871065558214594,0.7076750175013149,0.9199708798862056,0.7871914495325427,0.1542942551212934
NickyJamTV,0.2178214291253564,0.8981779789046039,Music,NickyJamTV,0.47351465940991605,Unknown,Music,3.0,0.797523201963931,0.7701280166208754,0.7117436549793702,68.0,0.8515167182046919,9.02,0,0,0.19230769230769235,0.8402222291559888,0.7254887689439201,0.7989794737683201,0.7871914495325427,0.014380094469586668
Juan De Dios Pantoja,0.2178214291253564,0.8214106828038064,Entertainment,Juan De Dios Pantoja,0.430009244810821,Mexico,People,11.0,0.7743174845425624,0.7391523265161243,0.7573396995666664,40.2,0.7534040881753246,3.42,0,0,0.15384615384615385,0.5825023297536677,0.66515277242893,0.7713550784578376,0.7748388684508181,0.028699717096751558
Logan Paul,0.2178214291253564,0.8608710165115467,Entertainment,Logan Paul,0.5215050527618692,United States,Entertainment,82.0,0.7073611380221911,0.6498168494772748,0.7573396995666664,88.2,0.8515167182046919,14.7,1,0,0.13461538461538464,0.714696536478628,0.6599622669935508,0.6947631112030297,0.7871914495325427,0.028699717096751558
Maya and Mary,0.2178214291253564,0.8655060730656904,Entertainment,Maya and Mary,0.5005875291373418,United States,Entertainment,82.0,0.7720006539801367,0.7360876811291117,0.8029359086062672,88.2,0.8515167182046919,14.7,0,0,0.17307692307692307,0.7302734272323842,0.6759282575033555,0.7689032521371025,0.7871914495325427,0.057159342167303104
Peppa Pig Espaï¿½ï¿½ï¿½ï¿½ï¿½ï¿½ï¿½ï¿½ï¿½,0.2178214291253564,0.8715281655112225,Film & Animation,Peppa Pig Espaï¿½ï¿½ï¿½ï¿½ï¿½ï¿½ï¿½ï¿½ï¿½,0.5653581831945199,United Kingdom,Film,12.0,0.7804381107673621,0.7473467028437271,0.7117436549793702,60.0,0.6884115861487217,3.85,0,0,0.15384615384615385,0.7505213895245192,0.6485685582087858,0.7803354506363805,0.8016649953515966,0.014380094469586668
Jelly,0.21640205249041422,0.8953729199502561,Gaming,Jelly,0.6904481908542667,United Kingdom,Games,13.0,0.768958284239034,0.7320263124327692,0.7573396995666664,60.0,0.6884115861487217,3.85,1,0,0.15384615384615385,0.83132175750725,0.6090129188642927,0.7663779095305803,0.8016649953515966,0.028821327843917856
Miss Katy,0.21640205249041422,0.8951652447984336,People & Blogs,Miss Katy,0.5510329659954899,United Kingdom,Entertainment,13.0,0.7853112877066427,0.7538320389521347,0.7573396995666664,60.0,0.6884115861487217,3.85,1,0,0.15384615384615385,0.8306223574570398,0.681659718282046,0.786138208236378,0.8016649953515966,0.028821327843917856
Tilak,0.21497662305859588,0.8783427961777651,Film & Animation,Tilak,0.6979946479748464,India,Film,56.0,0.8682737197119201,0.8657822716423494,0.8562801545677377,28.1,0.9976791355194754,5.36,0,0,0.038461538461538464,0.77454044313676,0.5866250320894965,0.8817661328723572,0.2050100546163604,0.12835120690454196
Valentina Pontes ofc,0.21497662305859588,0.8715583832404165,Film & Animation,Valentina Pontes ofc,0.5678510020686443,Brazil,Entertainment,14.0,0.7512801364002936,0.7084094566685335,0.7573396995666664,51.3,0.8069853740217376,12.08,1,0,0.15384615384615385,0.751717468421454,0.6472978621884684,0.7475584195122571,0.8326655367243903,0.02894397359482881
Sesame Street,0.213545088985585,0.9114006592558405,Entertainment,Sesame Street,0.6503441922448736,United States,Entertainment,83.0,0.8187874016289136,0.7984949801243576,0.7117436549793702,88.2,0.8515167182046919,14.7,0,0,0.3076923076923077,0.8864165115743274,0.6473290683258243,0.8246908319746528,0.7871914495325427,0.014564850973748185
Happy Lives,0.21210739775809717,0.3011798065078172,Science & Technology,Happy Lives,0.05494238558786014,United States,Entertainment,84.0,0.9999999999999999,0.0,0.7117436549793702,88.2,0.8515167182046919,14.7,0,0,0.1153846153846154,1.464270059264459e-05,0.32619419465028543,0.0,0.7871914495325427,0.014627496015508648
Lady Gaga,0.21210739775809717,0.8978151838171735,People & Blogs,Lady Gaga,0.4084762107852062,United States,Music,83.0,0.8252776539172583,0.8071628948303811,0.7117436549793702,88.2,0.8515167182046919,14.7,0,0,0.2692307692307693,0.8412018438010834,0.7592104111334887,0.8320980559807143,0.7871914495325427,0.014627496015508648
Akshay Nagwadiya,0.21210739775809717,0.8717499875702055,Entertainment,Akshay Nagwadiya,0.5065231116506942,Unknown,Entertainment,-1.0,0.8621452635579852,0.8570702056221131,0.8562801545677377,68.0,0.8515167182046919,9.02,0,1,0.09615384615384616,0.7534657690055998,0.6795842395544142,0.8746775328776603,0.7871914495325427,0.12943689098383934
Wave Music Bhojpuri,0.21066349618232927,0.8901466222613305,Music,Wave Music Bhojpuri,0.7946149088290451,India,Music,59.0,0.7796557468747647,0.746286890889939,0.7117436549793702,28.1,0.9976791355194754,5.36,0,0,0.15384615384615385,0.8159330511129085,0.5489246451712901,0.7781778507691385,0.2050100546163604,0.014690682269646984
GMM GRAMMY OFFICIAL,0.21066349618232927,0.9163547610073214,Music,GMM GRAMMY OFFICIAL,0.76460750155147,Thailand,Music,4.0,0.8209564881408677,0.8013911803118655,0.7573396995666664,49.3,0.6926046031024118,0.75,1,0,0.23076923076923078,0.9042219911588237,0.5929879666017264,0.8272843050990311,0.40179214608484853,0.029318254709994083
TED,0.21066349618232927,0.8282077591190812,People & Blogs,TED,0.6658078845333396,United States,Tech,85.0,0.7166637567756649,0.6622637239796028,0.7117436549793702,88.2,0.8515167182046919,14.7,0,0,0.3076923076923077,0.6079368802973169,0.549145503306773,0.7055757202050041,0.7871914495325427,0.014690682269646984
unknown boy varun,0.21066349618232927,0.8776642690264942,Music,unknown boy varun,0.485473685681349,India,Music,58.0,0.8596401064207747,0.8521971575164327,0.8397482946937163,28.1,0.9976791355194754,5.36,0,0,0.1153846153846154,0.7739174909644341,0.6970083924600653,0.871852321055834,0.2050100546163604,0.10152702564983801
Kids TV - Nursery Rhymes And Baby Songs,0.21066349618232927,0.8909179064415911,Shows,Kids TV - Nursery Rhymes And Baby Songs,0.652986607171789,United States,Music,85.0,0.8203267517511303,0.8005556558924766,0.8397482946937163,88.2,0.8515167182046919,14.7,0,0,0.17307692307692307,0.8185300853527161,0.6237642044063766,0.8264280432953905,0.7871914495325427,0.10152702564983801
Tsuriki Show,0.20921333037214485,0.9243084275083605,Entertainment,Tsuriki Show,0.6321022009370583,Germany,Comedy,1.0,0.9012495480011976,0.9079815017045062,0.848532199872483,70.2,0.7107756735715793,3.04,0,0,0.057692307692307696,0.9315880402892363,0.6708425301471945,0.920127163131211,0.7255241714245431,0.11628151885486245
Technical Guruji,0.20921333037214485,0.8389435109022388,Science & Technology,Technical Guruji,0.6757792775398597,India,Tech,60.0,0.7403540699668198,0.693820406357817,0.7573396995666664,28.1,0.9976791355194754,5.36,1,0,0.13461538461538464,0.6444220982073187,0.5555621411147226,0.7347580556959301,0.2050100546163604,0.02944517547467142
DrossRotzank,0.20921333037214485,0.8611713292568263,Entertainment,DrossRotzank,0.584749294740401,Argentina,Entertainment,5.0,0.7616973679522145,0.7223487098920861,0.7117436549793702,90.0,0.6477339965887814,9.79,0,0,0.3076923076923077,0.7190143365161531,0.6272132743070742,0.7577433116147814,0.9028343046354779,0.01475441678018598
White Hill Music,0.20921333037214485,0.8838768778614247,Entertainment,White Hill Music,0.6857659784572213,India,Music,60.0,0.8056814754826183,0.7810093425775448,0.7117436549793702,28.1,0.9976791355194754,5.36,0,0,0.15384615384615385,0.7953838783410395,0.5990087668322815,0.809426335218889,0.2050100546163604,0.01475441678018598
Ultra Movie Parlour,0.2077568457370127,0.8563133492007358,Movies,Ultra Movie Parlour,0.588240432519207,India,Film,61.0,0.8167815192267412,0.0,0.7840117585933823,28.1,0.9976791355194754,5.36,0,0,0.21153846153846156,0.7032535762006169,0.6201267209957508,0.0,0.2050100546163604,0.044263958613430916
Alan Becker,0.2077568457370127,0.8567392180218268,Film & Animation,Alan Becker,0.0,United States,Games,7700.0,0.7885997468573448,0.0,0.0,88.2,0.8515167182046919,14.7,0,0,0.3076923076923077,0.7046839647974563,0.0,0.0,0.7871914495325427,7.208630893504025e-08
toyorbabytv,0.2077568457370127,0.8991197419567376,Music,toyorbabytv,0.5593084904729629,Jordan,Music,2.0,0.8328615153717731,0.8172767903105557,0.7840117585933823,34.4,0.49476747573432966,14.72,0,0,0.19230769230769235,0.8472722603446767,0.6816150898245769,0.8405845450329942,0.8932742280915773,0.044263958613430916
BabyBus - Canciones Infantiles & Videos para Niï¿½ï,0.2077568457370127,0.8910763200358384,Education,BabyBus - Canciones Infantiles & Videos paraï¿½,0.5653581831945199,Mexico,Education,12.0,0.8232082415726288,0.8044010539065394,0.7573396995666664,40.2,0.7534040881753246,3.42,0,0,0.07692307692307693,0.8201831113344904,0.6697402755564805,0.8297423245655412,0.7748388684508181,0.02957319991894548
KL BRO Biju Rithvik,0.2062939869696665,0.9028922439400187,Entertainment,KL BRO Biju Rithvik,0.5959632072025811,Unknown,Entertainment,-1.0,0.9463444607468329,0.9684513017042834,0.9397248851885011,68.0,0.8515167182046919,9.02,0,1,0.038461538461538464,0.8605441409557362,0.6665370565798628,0.9726535622563257,0.7871914495325427,0.4466612355688525
Vania Mania Kids,0.20482469803351488,0.880880162023139,People & Blogs,Vania Mania Kids,0.5464264101006823,United States,Education,87.0,0.8289638772175068,0.8120825312349763,0.7840117585933823,88.2,0.8515167182046919,14.7,0,0,0.13461538461538464,0.7869872062622624,0.6685973099056093,0.8365315399126767,0.7871914495325427,0.044651401074918565
Like Nastya PRT,0.20482469803351488,0.8860116605800008,Entertainment,Like Nastya PRT,0.5140053072495822,Unknown,Entertainment,-1.0,0.8073309004253977,0.78322283913611,0.7117436549793702,68.0,0.8515167182046919,9.02,0,1,0.057692307692307696,0.8042601452486793,0.6911149914507931,0.8105421845867458,0.7871914495325427,0.014948982148213918
Sun TV,0.20334892214975042,0.9085317445664894,People & Blogs,Sun TV,0.8733473274419586,India,Entertainment,63.0,0.9131518117318926,0.9239544037736058,0.8296080224506922,28.1,0.9976791355194754,5.36,0,0,0.1153846153846154,0.8806796678386059,0.5277010712460072,0.9340477186795298,0.2050100546163604,0.08911171202002753
Heroindori,0.20334892214975042,0.8773511659904182,Comedy,Heroindori,0.4919649063146703,India,Entertainment,62.0,0.8720626049464122,0.8697114161720434,0.8853446212000042,28.1,0.9976791355194754,5.36,0,0,0.038461538461538464,0.7756794107959245,0.6932707398192604,0.886382793110775,0.2050100546163604,0.2044076804707701
The Chainsmokers,0.20334892214975042,0.8939357676745351,Music,The Chainsmokers,0.4120594245776525,United States,Music,88.0,0.7996583004578776,0.7729708292456862,0.7117436549793702,88.2,0.8515167182046919,14.7,0,0,0.19230769230769235,0.8315104411186278,0.7531260641213509,0.8017935273675054,0.7871914495325427,0.015014982620760635
mmoshaya,0.20334892214975042,0.9018552558217374,People & Blogs,mmoshaya,0.5613323903941396,Saudi Arabia,Entertainment,1.0,0.7950582419103391,0.7668374650266953,0.7117436549793702,68.0,0.6199535637573586,5.93,0,0,0.23076923076923078,0.8581856455693596,0.6835194926770263,0.7960255753719312,0.8066755444381477,0.015014982620760635
Sia,0.20334892214975042,0.8916492708448779,Music,Sia,0.40801670163037823,United States,Music,88.0,0.8066840164887616,0.7823502699372809,0.7573396995666664,88.2,0.8515167182046919,14.7,1,0,0.2884615384615385,0.8238103899906444,0.7527738655336074,0.8105914013358589,0.7871914495325427,0.029964041193813004
LeoNata Family,0.20334892214975042,0.9185407863013806,People & Blogs,LeoNata Family,0.6143191786132806,United States,People,87.0,0.9212893488145145,0.9353138752270967,0.880469679244506,88.2,0.8515167182046919,14.7,0,0,0.019230769230769232,0.9144092977347354,0.6738903672430959,0.94348073158377,0.7871914495325427,0.19020763750464728
Goldmines Cineplex,0.20186660178419213,0.8263661197826336,Film & Animation,Goldmines Cineplex,0.6440320952375439,India,Film,64.0,0.7761104118578216,0.7415725746753729,0.7573396995666664,28.1,0.9976791355194754,5.36,0,0,0.13461538461538464,0.6051447243695175,0.5585308229058613,0.7737330918509415,0.2050100546163604,0.030096627511816455
Vlad and Niki Arabic,0.20186660178419213,0.8827191758698013,Entertainment,Vlad and Niki Arabic,0.4967703234632563,United States,Entertainment,89.0,0.7892929456391881,0.7591569740998422,0.7117436549793702,88.2,0.8515167182046919,14.7,0,0,0.07692307692307693,0.7943158646196851,0.6965690272667416,0.7896044057370118,0.7871914495325427,0.015081568466217369
SSundee,0.20186660178419213,0.8928546202379491,Gaming,SSundee,0.6425637423294103,United States,Games,90.0,0.8344627984345211,0.8194175158211904,0.7573396995666664,88.2,0.8515167182046919,14.7,0,0,0.25000000000000006,0.8284404922189111,0.6313088412857117,0.8425187606279836,0.7871914495325427,0.030096627511816455
Paulo Londra,0.20037767863381983,0.8721002663000801,Music,Paulo Londra,0.3232064426937837,Argentina,Music,6.0,0.7940667065241115,0.7655245721936973,0.7573396995666664,90.0,0.6477339965887814,9.79,1,0,0.1153846153846154,0.7591571256444302,0.7763776692624738,0.7961032000990581,0.9028343046354779,0.030230392398046476
Smile Family,0.19888209361302156,0.8749574693063199,People & Blogs,SMILE Family,0.2818150453062529,France,Music,3046.0,0.2695844256118637,0.0843985007113925,0.11214116266422156,65.6,0.6887567570806092,8.43,0,0,0.057692307692307696,0.7693446423392543,0.8015900640563587,0.1871020770907006,0.7659603334546152,1.4486444830603722e-06
FGTeeV,0.19888209361302156,0.9140115516289634,Gaming,FGTeeV,0.590761443470354,United States,Games,91.0,0.8216094388688386,0.8022614972370068,0.7117436549793702,88.2,0.8515167182046919,14.7,0,0,0.17307692307692307,0.9008670861427559,0.6812991139870745,0.8272340002702346,0.7871914495325427,0.015216527705486522
Kinder Spielzeug Kanal (Kidibli),0.19737978683951507,0.8845568978223182,Entertainment,Kinder Spielzeug Kanal (Kidibli),0.5475439628533413,United States,Entertainment,92.0,0.8240383952259365,0.8055033932560325,0.7573396995666664,88.2,0.8515167182046919,14.7,0,0,0.13461538461538464,0.8022297527378858,0.6719949499404168,0.8305293936049328,0.7871914495325427,0.030501521297581533
Charlie Puth,0.19435476443528898,0.8801531449504517,Music,Charlie Puth,0.401287138115536,United States,Music,94.0,0.8138701602814288,0.7919401407550225,0.7117436549793702,88.2,0.8515167182046919,14.7,0,0,0.25000000000000006,0.7885712820223341,0.7438603269881688,0.8191094008573934,0.7871914495325427,0.015423557038029176
Vlad and Niki ESP,0.19435476443528898,0.8746499925475368,Entertainment,Vlad and Niki ESP,0.4950983224872991,United States,Entertainment,93.0,0.8366946164054314,0.8223945108637204,0.7573396995666664,88.2,0.8515167182046919,14.7,0,0,0.07692307692307693,0.7700525827701236,0.6887048935412309,0.8449787553636127,0.7871914495325427,0.030777557607096873
Sagawa /ï¿½ï¿½ï¿½,0.19435476443528898,0.903649135197226,Entertainment,Sagawa /ï¿½ï¿½ï¿½,0.6931201570647583,Japan,Entertainment,3.0,0.8984223401911376,0.9037811723465471,0.848532199872483,63.2,0.7535767983676296,2.29,0,0,0.019230769230769232,0.8676952891849374,0.616580287096905,0.9169105344735413,0.899617702251325,0.12147374177105326
Ben Azelart,0.192831924925561,0.8495241265090236,Film & Animation,Ben Azelart,0.4526376098168529,United States,Entertainment,94.0,0.8369606135482744,0.8227494043471583,0.8176146293679291,88.2,0.8515167182046919,14.7,0,0,0.15384615384615385,0.68619012545027,0.6837332633766556,0.8455977993481957,0.7871914495325427,0.07677305615774235
Zach Choi ASMR,0.192831924925561,0.8603851091166917,People & Blogs,Zach Choi ASMR,0.5432274874473039,United States,People,94.0,0.8477386142146852,0.8371291938639853,0.8029359086062672,88.2,0.8515167182046919,14.7,0,0,0.15384615384615385,0.7226695284070997,0.6480730912863674,0.8577710062989362,0.7871914495325427,0.06155645202741738
Topper Guild,0.192831924925561,0.8973275831646695,Comedy,Topper Guild,0.5315232018475554,United States,Comedy,91.0,0.8968410607792001,0.9015670873642163,0.905433121262713,88.2,0.8515167182046919,14.7,0,0,0.15384615384615385,0.846986412368281,0.6942057961490935,0.9150545762390767,0.7871914495325427,0.2829516568056843
Disney Latinoamï¿½ï¿½,0.192831924925561,0.9081826413744358,Entertainment,disneylatinoamerica,0.37747422755258203,Mexico,Music,2973.0,0.3543797642021246,0.18238212569546913,0.7573396995666664,40.2,0.7534040881753246,3.42,1,0,0.2692307692307693,0.883557104580751,0.7867516406709881,0.2847086255137656,0.7748388684508181,0.030917457866254668
Stokes Twins,0.19130211587467016,0.8496508945285735,People & Blogs,Stokes Twins,0.44015593689943894,United States,People,95.0,0.840061874073966,0.8268849578404202,0.8296080224506922,88.2,0.8515167182046919,14.7,0,0,0.2692307692307693,0.687203063208778,0.6904152084005687,0.8490492252994298,0.7871914495325427,0.09233786753422402
National Geographic,0.19130211587467016,0.8583708735114624,Science & Technology,National Geographic,0.7313402214571925,United States,Entertainment,95.0,0.7732834663576527,0.7377723573069072,0.7117436549793702,88.2,0.8515167182046919,14.7,0,0,0.3076923076923077,0.7164889713505264,0.5475705253133137,0.7714374588320965,0.7871914495325427,0.015564734951643205
Dua Lipa,0.19130211587467016,0.8850755847948779,Music,Dua Lipa,0.4047233154595133,United Kingdom,Music,14.0,0.8201840780162039,0.8003657749415416,0.7117436549793702,60.0,0.6884115861487217,3.85,0,0,0.21153846153846156,0.8063164647785012,0.7473851432626178,0.8255187636176616,0.8016649953515966,0.015564734951643205
OneDirectionVEVO,0.19130211587467016,0.8878574425906649,Music,OneDirectionVEVO,0.4428738639852732,United Kingdom,Music,14.0,0.7782983402432052,0.7444685562761532,0.7573396995666664,60.0,0.6884115861487217,3.85,1,0,0.23076923076923078,0.8156825879715615,0.7303695468576396,0.7782819617398555,0.8016649953515966,0.031058635779868695
Rotana,0.19130211587467016,0.9056415109128271,Music,rotana5018,0.389402116263607,Unknown,Music,-1.0,0.39117561426645875,0.22898430487996452,0.2579939240707185,68.0,0.8515167182046919,9.02,0,1,0.21153846153846156,0.8755845522361099,0.7777177636207938,0.32712551045368576,0.7871914495325427,1.5524022635392146e-05
Netflix India,0.19130211587467016,0.870847726744152,People & Blogs,NETFLIX INDIA,0.05494238558786014,Unknown,People,-1.0,0.2427762569704146,0.0,0.7573396995666664,68.0,0.8515167182046919,9.02,1,1,0.09615384615384616,0.7584360608598553,0.9431756935568901,0.0,0.7871914495325427,0.031058635779868695
Sourav Joshi Vlogs,0.1897652731945474,0.8780436357141984,People & Blogs,Sourav Joshi Vlogs,0.5737032644334217,Unknown,People,-1.0,0.8534299033971589,0.8468998530081708,0.8029359086062672,68.0,0.8515167182046919,9.02,0,1,0.057692307692307696,0.7832386043614973,0.6512618869955649,0.8644434043103768,0.7871914495325427,0.0621186432219228
ZAMZAM ELECTRONICS TRADING,0.1897652731945474,0.874262651568512,Entertainment,ZAMZAM ELECTRONICS TRADING,0.7628661385453444,United Arab Emirates,People,4.0,0.9353586532260172,0.9541098883456427,0.9437128723557013,36.8,0.4913514420929608,2.35,0,0,0.038461538461538464,0.7705157503548711,0.5483098121423364,0.9598632271728086,0.839723239933911,0.49502069326473674
DUDU e CAROL,0.18822133190906065,0.878872446383264,Autos & Vehicles,DUDU e CAROL,0.6331050554723672,Brazil,Entertainment,15.0,0.8389467606190012,0.8253983784999197,0.7840117585933823,51.3,0.8069853740217376,12.08,0,0,0.17307692307692307,0.7866223203731826,0.6211087568013238,0.8479318287711485,0.8326655367243903,0.04690970660262994
Village Cooking Channel,0.18822133190906065,0.8600285135044512,Howto & Style,Village Cooking Channel,0.42752646577831277,India,Howto,66.0,0.8392832977967922,0.8258458297476478,0.8029359086062672,28.1,0.9976791355194754,5.36,0,0,0.07692307692307693,0.7232436103569123,0.7082809755727488,0.8479056598383292,0.2050100546163604,0.06240360743085543
Eva Bravo Play,0.18822133190906065,0.8778570868363313,Entertainment,Eva Bravo Play,0.43070455722743617,United States,Entertainment,96.0,0.7884813982928613,0.7580714806115619,0.7573396995666664,88.2,0.8515167182046919,14.7,1,0,0.057692307692307696,0.783205173654942,0.7259224368701368,0.7896664726845778,0.7871914495325427,0.031344895226148285
Tekashi 6ix9ine,0.18667022613753215,0.8602029112284624,People & Blogs,Tekashi 6ix9ine,0.3131957570144607,United States,Music,96.0,0.8146982593298512,0.7930493032139276,0.7573396995666664,88.2,0.8515167182046919,14.7,0,0,0.07692307692307693,0.724426050797325,0.7688185979853864,0.819045468465567,0.7871914495325427,0.03149001290445823
Tlnovelas,0.18667022613753215,0.8959789279288654,News & Politics,tlnovelas,0.40178723508812325,Mexico,Entertainment,2063.0,0.40851707101073875,0.2522367319378499,0.7573396995666664,40.2,0.7534040881753246,3.42,1,0,0.15384615384615385,0.8448178573275459,0.7607375751308794,0.34736015789358904,0.7748388684508181,0.03149001290445823
SMOL,0.18667022613753215,0.910703884683357,People & Blogs,Claudio,0.15424277660966593,Unknown,Music,-1.0,0.03162814173249384,0.0006057826022687468,0.7573396995666664,68.0,0.8515167182046919,9.02,1,1,0.3076923076923077,0.8944280898038175,0.9121401916766486,0.0064846384197499085,0.7871914495325427,0.03149001290445823
invictor,0.18667022613753215,0.8738188436175287,Gaming,INVICTOR,0.22910562730170178,Chile,People,2889.0,0.14687654175551385,0.011099854743942076,0.060275127145557834,88.5,0.5592509514495951,7.09,0,0,0.1153846153846154,0.7702137554058575,0.8290620833146252,0.055568781988836954,0.8500840961824887,5.563016793397198e-07
YOLO,0.18511188907786913,0.8097198201234741,Comedy,YOLO,0.0,Germany,Entertainment,3810.0,0.7885997468573448,0.0,0.07226854215550138,70.2,0.7107756735715793,3.04,0,0,0.17307692307692307,0.5560141834842478,0.0,0.0,0.7255241714245431,7.181791223415659e-07
Sidhu Moose Wala,0.18511188907786913,0.8625573247951213,Music,Sidhu Moose Wala,0.37610755391684625,India,Music,67.0,0.8305456690197421,0.8141928700921641,0.8176146293679291,28.1,0.9976791355194754,5.36,0,0,0.09615384615384616,0.732939028078742,0.7380571711506001,0.8378978741304774,0.2050100546163604,0.07854626357119716
The Royalty Family,0.18354625298930038,0.8625919997100547,People & Blogs,The Royalty Family,0.5230315256598839,United States,People,98.0,0.8304140051010206,0.8140126517580325,0.7573396995666664,88.2,0.8515167182046919,14.7,0,0,0.09615384615384616,0.7336576598098823,0.6610275657368656,0.837908164403491,0.7871914495325427,0.031784317069193456
Becky G,0.18354625298930038,0.8828312546488324,Music,Becky G,0.3463447525276759,United States,Music,98.0,0.8103276121926556,0.7872159342221247,0.7117436549793702,88.2,0.8515167182046919,14.7,0,0,0.21153846153846156,0.8017477083463974,0.7757306989126967,0.8150285069621316,0.7871914495325427,0.015929251758122643
Ishaan Ali 11,0.18354625298930038,0.8897650394758757,People & Blogs,Ishaan Ali 11,0.5436448928732729,India,People,68.0,0.8995724387313538,0.905917553928791,0.8941285322521219,28.1,0.9976791355194754,5.36,0,0,0.1153846153846154,0.8250935443327496,0.6796748507418785,0.9182206781555602,0.2050100546163604,0.24632694656622064
Infinite,0.18354625298930038,0.8550073793346096,Entertainment,Infinite,0.5852434678324387,United States,Entertainment,98.0,0.7915397288556718,0.762146270486651,0.7573396995666664,88.2,0.8515167182046919,14.7,0,0,0.15384615384615385,0.7081695182508244,0.620279034711628,0.792967815091461,0.7871914495325427,0.031784317069193456
Azhan5star,0.18354625298930038,0.8806238436375796,Entertainment,Azhan5star,0.5158000655969284,India,Entertainment,67.0,0.8481403010876748,0.8376661601540765,0.8296080224506922,28.1,0.9976791355194754,5.36,0,0,0.019230769230769232,0.7943171293773487,0.6843405840294516,0.858243008391388,0.2050100546163604,0.09447559175415828
Dangal TV Channel,0.18354625298930038,0.8901649701039429,Entertainment,Dangal TV Channel,0.7858916755600787,India,Entertainment,67.0,0.8875956269418703,0.8890990756908637,0.8397482946937163,28.1,0.9976791355194754,5.36,0,0,0.09615384615384616,0.8264403262117392,0.5535022654254447,0.9042353782182382,0.2050100546163604,0.10996949258238378
Khan GS Research Centre,0.18197324917470858,0.8202736444374007,Education,KHAN GS RESEARCH CENTRE,0.05494238558786014,Unknown,People,-1.0,0.7885997468573448,0.0,0.7573396995666664,68.0,0.8515167182046919,9.02,1,1,0.09615384615384616,0.5923941615374153,0.8884011977515087,0.0,0.7871914495325427,0.0319335417615022
GMA Public  Affairs,0.18197324917470858,0.885334005120855,Entertainment,GMA Public  Affairs,0.822231116575462,Philippines,News,4.0,0.8250052995922204,0.8068003826475069,0.7573396995666664,35.5,0.7377053780779417,2.15,0,0,0.25000000000000006,0.8107793189008485,0.5292834509985137,0.8312924709378751,0.3588082429858545,0.0319335417615022
Tasty,0.18039280796254076,0.8595044052824076,Howto & Style,Tasty,0.6706992509226204,United States,Howto,99.0,0.745079379249939,0.700180006313377,0.7573396995666664,88.2,0.8515167182046919,14.7,1,0,0.1153846153846154,0.724491865788783,0.5804853415509641,0.7393169081501147,0.7871914495325427,0.03208417426510413
Baim Paula,0.18039280796254076,0.8501317138983572,People & Blogs,Baim Paula,0.6144556074029369,Indonesia,Entertainment,8.0,0.7491146305193435,0.7055439819919258,0.7117436549793702,36.3,0.831576842304121,4.69,0,0,0.1153846153846154,0.6930067231421315,0.5997283106122493,0.7435366260142251,0.46706707203478764,0.016079884261724582
nigahiga,0.17880485868829332,0.8488805623163713,Entertainment,nigahiga,0.4757027937865874,United States,Entertainment,100.0,0.6401403196021909,0.5601257796374416,0.7573396995666664,88.2,0.8515167182046919,14.7,1,0,0.3076923076923077,0.6894161270066033,0.6709508850477425,0.6166303235318142,0.7871914495325427,0.03223623459686883
Rafa & Luiz,0.17880485868829332,0.8707590280986413,Entertainment,Rafa & Luiz,0.6314998379833168,Brazil,Entertainment,16.0,0.8166138134659118,0.7955956585104524,0.8029359086062672,51.3,0.8069853740217376,12.08,0,0,0.13461538461538464,0.7629466462761271,0.6131604342815964,0.8219570975808083,0.8326655367243903,0.06416985278320948
Lyrical Lemonade,0.17880485868829332,0.8827837403114611,Entertainment,Lyrical Lemonade,0.4789699394663113,United States,Entertainment,100.0,0.7987565216770641,0.7717659817904328,0.7117436549793702,88.2,0.8515167182046919,14.7,0,0,0.17307692307692307,0.8034136403102851,0.7059587748942089,0.8003932320659395,0.7871914495325427,0.016156273910305788
Vlad and Niki IDN,0.17880485868829332,0.8796267858741655,Entertainment,Vlad and Niki IDN,0.49244288830913113,United States,Entertainment,100.0,0.8220398336877807,0.8028348724917319,0.7840117585933823,88.2,0.8515167182046919,14.7,0,0,0.07692307692307693,0.7927867033719292,0.6954851308608188,0.8280916066888061,0.7871914495325427,0.04824052460024838
Dr. Vivek Bindra: Motivational Speaker,0.17720932967555392,0.8125328614648668,Education,Dr. Vivek Bindra: Motivational Speaker,0.5389278919159205,India,Education,69.0,0.7517663407005835,0.7091052369731006,0.7117436549793702,28.1,0.9976791355194754,5.36,0,0,0.17307692307692307,0.5683917642296714,0.5984953145431511,0.7475220963251467,0.2050100546163604,0.01623339281980958
Fatos Desconhecidos,0.17720932967555392,0.8437248606284967,Entertainment,Fatos Desconhecidos,0.6929684292649335,Brazil,Entertainment,17.0,0.7793533086713019,0.7458810203246516,0.7117436549793702,51.3,0.8069853740217376,12.08,0,0,0.17307692307692307,0.6727263696812413,0.5517583599056005,0.7782005009732096,0.8326655367243903,0.01623339281980958
Brave Wilderness,0.17720932967555392,0.8533822541051211,Pets & Animals,Brave Wilderness,0.5461848707348382,United States,Animals,100.0,0.6487321511912882,0.0,0.7117436549793702,88.2,0.8515167182046919,14.7,0,0,0.15384615384615385,0.7051456017218503,0.6389418996863715,0.0,0.7871914495325427,0.01623339281980958
LIV Crime,0.17720932967555392,0.8842873885197114,People & Blogs,LIV Crime,0.728868679826804,United States,People,100.0,0.8702610826040056,0.8657822716423494,0.8296080224506922,88.2,0.8515167182046919,14.7,0,0,0.038461538461538464,0.8090903237710082,0.5769309011108863,0.8839706449267223,0.7871914495325427,0.09625838733892833
Minecraft - Topic,0.17720932967555392,0.0,Entertainment,Minecraft - Topic,0.0,Unknown,Games,-1.0,0.7885997468573448,0.0,0.7840117585933823,68.0,0.8515167182046919,9.02,0,1,0.17307692307692307,0.0,0.0,0.0,0.7871914495325427,0.048469703841516866
Romeo Santos,0.17720932967555392,0.9014554845101493,Music,RomeoSantos,0.15424277660966593,United States,Music,5417.0,0.17850468348800771,0.020484648209128327,0.7573396995666664,88.2,0.8515167182046919,14.7,1,0,0.3076923076923077,0.866912504400426,0.9021236687214439,0.09234587165593645,0.7871914495325427,0.032389743154953826
Canal Canalha,0.17560614821658582,0.8163440759216501,Comedy,Canal Canalha,0.449149919000053,Brazil,Comedy,18.0,0.7435879304957215,0.6981755446714726,0.7573396995666664,51.3,0.8069853740217376,12.08,1,0,0.21153846153846156,0.5817099903691217,0.6496258275799571,0.7345058266886043,0.8326655367243903,0.032544720727926794
Kurzgesagt ï¿½ï¿½ï¿½ï¿½ï¿½ï¿,0.17560614821658582,0.8255280392890362,Education,Kurzgesagt ï¿½ï¿½ï¿½ï¿½ï¿½ï¿,0.41755734180957527,Germany,Education,2.0,0.7528405513516622,0.7105253992753231,0.7117436549793702,70.2,0.7107756735715793,3.04,0,0,0.17307692307692307,0.6123854876710871,0.6761488999726891,0.7474412889923213,0.7255241714245431,0.016311251483278756
Yoeslan,0.17399524055244786,0.9028387552950482,Entertainment,Yoeslan,0.509652403835537,United States,Entertainment,101.0,0.9078659264890148,0.9173662922706148,0.8632109370795048,88.2,0.8515167182046919,14.7,0,0,0.038461538461538464,0.8728116904319222,0.7116174478473368,0.9279482112918264,0.7871914495325427,0.16044974159721426
5-Minute Crafts DIY,0.17399524055244786,0.8546321136435198,Howto & Style,5-Minute Crafts DIY,0.6761087321955745,United States,Howto,103.0,0.7354922601997398,0.6873300134295393,0.7573396995666664,88.2,0.8515167182046919,14.7,1,0,0.07692307692307693,0.7105791661880582,0.5723815738478095,0.7274702722946329,0.7871914495325427,0.03270118850415079
Zach King,0.17399524055244786,0.8569524844216677,Entertainment,Zach King,0.15424277660966593,Unknown,Entertainment,-1.0,0.18905025659524533,0.024684979016626217,0.11214116266422156,68.0,0.8515167182046919,9.02,0,1,0.17307692307692307,0.7183753262873448,0.8539244868646763,0.10028491617585009,0.7871914495325427,1.5665242089071402e-06
tuzelity SHUFFLE,0.17399524055244786,0.8749358876431573,People & Blogs,tuzelity SHUFFLE,0.5383068974127995,Russia,People,3.0,0.8868780194637761,0.8890990756908637,0.8941285322521219,81.9,0.7673429455374423,4.59,0,0,0.13461538461538464,0.7788511073827984,0.6664059940336008,0.9033864301428984,0.6916878398408963,0.2532074554051382
NBA,0.17399524055244786,0.889354216739914,Sports,NBA,0.8542744852839403,United States,Sports,103.0,0.7945586069574513,0.7661741373404571,0.7573396995666664,88.2,0.8515167182046919,14.7,1,0,0.3269230769230769,0.8273893446285192,0.5168957832783839,0.7960644019312416,0.7871914495325427,0.03270118850415079
Deddy Corbuzier,0.17237653185263468,0.8536005289042112,Entertainment,deddycorbuzier,0.21976954235144056,Indonesia,Entertainment,4044.0,0.1716226707397539,0.017817916104260798,0.0,36.3,0.831576842304121,4.69,0,0,0.2884615384615385,0.707735780677688,0.8123479080796451,0.08256041266589755,0.46706707203478764,8.866765023161105e-08
Bizarrap,0.17237653185263468,0.8702346451756785,Comedy,Bizarrap,0.351209168642307,Argentina,Entertainment,8.0,0.8389472330379268,0.8253983784999197,0.7573396995666664,90.0,0.6477339965887814,9.79,0,0,0.09615384615384616,0.7636563561445591,0.759514827099632,0.8479318287711485,0.9028343046354779,0.03285916808144161
Avicii,0.17237653185263468,0.881545529313798,Music,Avicii,0.40078386590280884,Sweden,Music,1.0,0.7994207616224938,0.7726531100719453,0.7573396995666664,67.0,0.4966149903345538,6.48,1,0,0.25000000000000006,0.8017207955629365,0.7456329752119277,0.801812395569933,0.8508726450814801,0.03285916808144161
Mnet K-POP,0.17074994619421258,0.8960438115288241,Entertainment,Mnet K-POP,0.8252455470751221,South Korea,Entertainment,7.0,0.8299310308360467,0.813372853367309,0.7117436549793702,94.3,0.6621159315066372,4.15,0,0,0.3076923076923077,0.8511708454946585,0.5393077632787034,0.8372060737545653,0.7747075675040715,0.016549373991598417
LazarBeam,0.17074994619421258,0.8754175129652254,Gaming,LazarBeam,0.5697903063159676,Australia,Games,3.0,0.7475801920843524,0.703478107331984,0.7573396995666664,113.1,0.5907305851409557,5.27,1,0,0.13461538461538464,0.7817211375826086,0.6504635254452302,0.7436540063888627,0.8153418877455865,0.033018681477006456
Ninja Kidz TV,0.17074994619421258,0.8841179200523721,Entertainment,Ninja Kidz TV,0.451314288476768,United States,Entertainment,104.0,0.8394235325773267,0.8260332508432041,0.7117436549793702,88.2,0.8515167182046919,14.7,0,0,0.09615384615384616,0.8110075077745463,0.7218939303119503,0.848500090350322,0.7871914495325427,0.016549373991598417
Totoy kids - Portuguï¿½,0.16911540654045787,0.8147926049875344,Film & Animation,Totoy kids - Portuguï¿½,0.42269852693410087,Brazil,Film,19.0,0.7665132880207669,0.728763083674104,0.7117436549793702,51.3,0.8069853740217376,12.08,0,0,0.15384615384615385,0.5790115215566823,0.6618223007192789,0.7636638312284139,0.8326655367243903,0.016630300721236536
Jake Paul,0.16911540654045787,0.8684673812628659,People & Blogs,Jake Paul,0.5480968856240999,United States,People,105.0,0.7212482536171962,0.6683786360491286,0.7117436549793702,88.2,0.8515167182046919,14.7,0,0,0.17307692307692307,0.7589663340657461,0.6542799576050915,0.7109062933007967,0.7871914495325427,0.016630300721236536
Linkin Park,0.16911540654045787,0.8916240235056492,Music,linkinpark,0.0,Afghanistan,Games,1385.0,0.7885997468573448,0.0,0.12313025798406818,9.7,0.6306586799964302,11.12,0,0,0.3076923076923077,0.8369135802818839,0.0,0.0,0.09924270305832827,1.9241071316912785e-06
Vijay Television,0.16911540654045787,0.9216850726357869,Entertainment,Vijay Television,0.8599984896915268,India,Entertainment,70.0,0.9095423783471358,0.919081353066191,0.8029359086062672,28.1,0.9976791355194754,5.36,0,0,0.2884615384615385,0.9382066096068972,0.5489211578976972,0.9299306881123138,0.2050100546163604,0.06603899564395348
SlivkiShow,0.16911540654045787,0.8516321295302561,Entertainment,SlivkiShow,0.48650759304283564,Ukraine,Entertainment,1.0,0.7524035098360845,0.7099508077982347,0.7573396995666664,82.7,0.6464637607066992,8.88,1,0,0.19230769230769235,0.702377196257331,0.6682728119520476,0.7474736266952628,0.6296444637336627,0.03317975113767341
Emiway Bantai,0.16911540654045787,0.8411589944490478,Music,Emiway Bantai,0.43442343190494837,India,Music,70.0,0.7685402550945735,0.731476019903177,0.7117436549793702,28.1,0.9976791355194754,5.36,0,0,0.17307692307692307,0.6672251813864836,0.684225110076522,0.7664090278201081,0.2050100546163604,0.016630300721236536
Got Talent Global,0.1674728347189589,0.8265251797727157,Entertainment,Got Talent Global,0.5649774053258784,United Kingdom,Entertainment,15.0,0.8022629793928571,0.7764485890102474,0.7117436549793702,60.0,0.6884115861487217,3.85,0,0,0.17307692307692307,0.6188323142646487,0.6000269798156382,0.8044216288304846,0.8016649953515966,0.016712022804346926
ýýýýýýýýýýýýýýý - Genevieve's Playhouse,0.1674728347189589,0.884163887314865,Education,ýýýýýýýýýýýýýýý - Genevieve's Playhouse,0.3711296337464828,Unknown,Education,-1.0,0.7937720521613109,0.7651229986775223,0.7573396995666664,68.0,0.8515167182046919,9.02,0,1,0.07692307692307693,0.8124244446874709,0.7640825766518977,0.7944854094991208,0.7871914495325427,0.03334239995042192
BabyBus - Cerita & Lagu Anak-anak,0.1674728347189589,0.8868322245783478,Education,BabyBus - Cerita & Lagu Anak-anak,0.5370501196678333,Indonesia,Education,10.0,0.8143861425508175,0.7926323578183824,0.7117436549793702,36.3,0.831576842304121,4.69,0,0,0.057692307692307696,0.8214091108813328,0.6799477369962779,0.8190695831695444,0.46706707203478764,0.016712022804346926
Ami Rodriguez,0.16582215139918954,0.8337874673429129,Entertainment,Ami Rodriguez,0.4861644535146535,Colombia,Entertainment,7.0,0.8531760591626669,0.8468998530081708,0.8941285322521219,55.3,0.6593647803372147,9.71,0,0,0.25000000000000006,0.6437774271074904,0.6491257353520726,0.8644630122232729,0.7707525062637044,0.25924197830238355
Noor Stars,0.16582215139918954,0.8312741948911844,Comedy,Noor Stars,0.5185897414479076,United Arab Emirates,Entertainment,5.0,0.7239987770351691,0.6720082986828196,0.7117436549793702,36.8,0.4913514420929608,2.35,0,0,0.15384615384615385,0.6353593718436903,0.629432588871154,0.7141006565598007,0.839723239933911,0.01679455202403907
Family GamesTV,0.16582215139918954,0.86716621316904,Entertainment,FamilyGamesTV,0.0,Unknown,Games,-1.0,0.7885997468573448,0.0,0.7573396995666664,68.0,0.8515167182046919,9.02,1,1,0.19230769230769235,0.7558568429660164,0.0,0.0,0.7871914495325427,0.033506651253224454
Kiddiestv Hindi - Nursery Rhymes & Kids Songs,0.16582215139918954,0.868272480866748,Education,Kiddiestv Hindi - Nursery Rhymes & Kids Songs,0.430009244810821,India,Education,71.0,0.8146492041435099,0.7929822467966355,0.7840117585933823,28.1,0.9976791355194754,5.36,0,0,0.09615384615384616,0.7595779437309899,0.7159066583816054,0.8190486144833596,0.2050100546163604,0.05013702839929944
dednahype,0.16582215139918954,0.9086642457827717,Comedy,dednahype,0.5999083941634515,Latvia,Comedy,1.0,0.9239686741417922,0.9390808891988426,0.8752043411258481,88.1,0.3242205308942969,6.52,0,0,0.038461538461538464,0.8955914388796944,0.6707261540927646,0.9466973602798618,0.6144672993983902,0.19626044968282957
Marta and Rustam,0.16582215139918954,0.9063566505657397,Comedy,Marta and Rustam,0.5259990152573909,United States,Comedy,106.0,0.8777614350831552,0.8768821196217792,0.8296080224506922,88.2,0.8515167182046919,14.7,0,0,0.019230769230769232,0.887815359521075,0.7068746004256947,0.8927629860351063,0.7871914495325427,0.09954572332201639
MiawAug,0.16582215139918954,0.8615327923801877,Gaming,MiawAug,0.6515484601198116,Indonesia,Games,11.0,0.788886499773599,0.7586166465983533,0.7573396995666664,36.3,0.831576842304121,4.69,0,0,0.15384615384615385,0.7369129235653852,0.5926901080485495,0.7896354482864684,0.46706707203478764,0.033506651253224454
CookieSwirlC,0.1641632760695071,0.9128723639870274,Entertainment,CookieSwirlC,0.6528397616221666,United States,Games,108.0,0.8452319319679192,0.8337833751169195,0.7573396995666664,88.2,0.8515167182046919,14.7,0,0,0.17307692307692307,0.9104125448194293,0.6476188181463463,0.854849399633162,0.7871914495325427,0.03367252884621023
Skrillex,0.1641632760695071,0.8646608112086512,Music,Skrillex,0.4350812373998712,United States,Music,108.0,0.7461243952374575,0.7015810095303043,0.7573396995666664,88.2,0.8515167182046919,14.7,1,0,0.23076923076923078,0.7480688397073886,0.7093337518818313,0.739236735047331,0.7871914495325427,0.03367252884621023
AuthenticGames,0.1641632760695071,0.8760722675404735,Gaming,AuthenticGames,0.6747189118848292,Brazil,Games,20.0,0.6758890142428573,0.6079001997812626,0.7573396995666664,51.3,0.8069853740217376,12.08,1,0,0.21153846153846156,0.7864603666936373,0.5963286850791729,0.6581604483794588,0.8326655367243903,0.03367252884621023
Robin Hood Gamer,0.1641632760695071,0.8818193597844902,Entertainment,Homem Aranha player,0.0,Unknown,Games,-1.0,0.7885997468573448,0.0,0.7573396995666664,68.0,0.8515167182046919,9.02,1,1,0.17307692307692307,0.8058055841826139,0.0,0.0,0.7871914495325427,0.03367252884621023
Pencilmation,0.1641632760695071,0.8851735236268187,Film & Animation,Pencilmation,0.5787262636764188,United States,Entertainment,109.0,0.7219162896910873,0.6692041350336235,0.7117436549793702,88.2,0.8515167182046919,14.7,0,0,0.2884615384615385,0.8170986527720694,0.6563577977720105,0.7116814603924949,0.7871914495325427,0.016877900397332703
7clouds,0.1641632760695071,0.8954738103343175,Music,7clouds,0.616441124641631,United States,Music,108.0,0.855351885487552,0.8468998530081708,0.7840117585933823,88.2,0.8515167182046919,14.7,0,0,0.17307692307692307,0.8517888515678844,0.6477984706194061,0.8669067455344028,0.7871914495325427,0.050384628075395614
5-Minute Crafts PLAY,0.1641632760695071,0.8616620424695798,Howto & Style,5-Minute Crafts PLAY,0.682555624537982,United States,Howto,108.0,0.8114688797932457,0.7887311051180492,0.7117436549793702,88.2,0.8515167182046919,14.7,0,0,0.09615384615384616,0.7379854574671968,0.5766264829338664,0.8160602296811261,0.7871914495325427,0.016877900397332703
Marvel Entertainment,0.1641632760695071,0.8585073404072509,Entertainment,MarvelEntertainment,0.05494238558786014,United States,Film,6143.0,0.1581407086624692,0.013585124272684143,0.18029701183359206,88.2,0.8515167182046919,14.7,0,0,0.21153846153846156,0.7273805476287073,0.9298103805582765,0.07097209656185828,0.7871914495325427,4.99954950711117e-06
BuzzFeedVideo,0.1641632760695071,0.9027322511194541,People & Blogs,BuzzFeedVideo,0.7097317274542548,United States,People,108.0,0.699593509050511,0.6393899791984753,0.7573396995666664,88.2,0.8515167182046919,14.7,1,0,0.21153846153846156,0.8762423020071614,0.606907121858911,0.6857316289298071,0.7871914495325427,0.03367252884621023
REACT,0.16249612701360494,0.8909250099800614,Entertainment,REACT,0.663895180445203,United States,Entertainment,109.0,0.7422490592053222,0.6963658147325739,0.7573396995666664,88.2,0.8515167182046919,14.7,1,0,0.2884615384615385,0.83710953589717,0.61807119541989,0.7346140716904511,0.7871914495325427,0.03384005700316225
Vevo,0.16249612701360494,0.7702109768903581,Music,Vevo,0.5811491731980877,United States,Music,109.0,0.6118173110249552,0.5220911857905834,0.7573396995666664,88.2,0.8515167182046919,14.7,1,0,0.3076923076923077,0.434257324401901,0.5305804668831923,0.5836631691174574,0.7871914495325427,0.03384005700316225
Gordon Ramsay,0.16249612701360494,0.844193168836944,Entertainment,Gordon Ramsay,0.5811491731980877,United Kingdom,Entertainment,16.0,0.7662037674692551,0.7283377514340585,0.7573396995666664,60.0,0.6884115861487217,3.85,0,0,0.3076923076923077,0.6799449521188707,0.6107071284597378,0.7636876521368807,0.8016649953515966,0.03384005700316225
Pentatonix,0.16249612701360494,0.8611208579481541,Music,pentatonix,0.05494238558786014,Canada,Entertainment,4072.0,0.7885997468573448,0.0,0.7573396995666664,68.9,0.6277908648360833,5.56,1,0,0.3076923076923077,0.736807146470251,0.9326409629248178,0.0,0.7912996805529158,0.03384005700316225
Green Gold TV - Official Channel,0.16249612701360494,0.8793373080152421,Film & Animation,Green Gold TV - Official Channel,0.5784583853977302,India,Entertainment,72.0,0.7928090230101834,0.0,0.7117436549793702,28.1,0.9976791355194754,5.36,0,0,0.21153846153846156,0.7980919998261605,0.6501769085122753,0.0,0.2050100546163604,0.016962080180991084
Gusttavo Lima Oficial,0.16082062128634256,0.8930812681846177,Music,Gusttavo Lima Oficial,0.4782132262517505,Brazil,Music,21.0,0.8437894469956035,0.8318584679326623,0.7117436549793702,51.3,0.8069853740217376,12.08,0,0,0.23076923076923078,0.8450177248723741,0.7175078585238768,0.853336407424513,0.8326655367243903,0.017047103877529637
HaerteTest,0.15913667468899195,0.83728761560784,Science & Technology,HaerteTest,0.5748909907242378,Germany,Tech,3.0,0.6777853745265701,0.6103741343152931,0.7573396995666664,70.2,0.7107756735715793,3.04,1,0,0.21153846153846156,0.6580709904964518,0.6064999182997359,0.6603550856247521,0.7255241714245431,0.03418016454377439
Crafty Panda,0.15913667468899195,0.8593446409574382,People & Blogs,Crafty Panda,0.5258949244909914,United States,Entertainment,111.0,0.6815580645319237,0.6152884069237788,0.7117436549793702,88.2,0.8515167182046919,14.7,0,0,0.09615384615384616,0.7321278121137773,0.656012482734399,0.6647590993477227,0.7871914495325427,0.017132984241406295
SOMOY TV,0.15913667468899195,0.8883370941130019,News & Politics,TIME NEWS,0.7295097922671435,United States,News,2251.0,0.41073492109214926,0.2550689006913055,0.7573396995666664,88.2,0.8515167182046919,14.7,1,0,0.17307692307692307,0.8296880532242581,0.5809819605687022,0.3498872128647018,0.7871914495325427,0.03418016454377439
JennaMarbles,0.1574442017438491,0.814941790298115,Comedy,JennaMarbles,0.43797561967158427,United States,Comedy,112.0,0.6593123591496972,0.5858250361477586,0.7573396995666664,88.2,0.8515167182046919,14.7,1,0,0.23076923076923078,0.583963040554304,0.6539669777557733,0.638883700167436,0.7871914495325427,0.03435279495164459
Troom Troom Es,0.1574442017438491,0.8691995407090904,People & Blogs,Troom Troom Es,0.6322929058754326,Unknown,Howto,-1.0,0.753024141065966,0.710733004353583,0.7117436549793702,68.0,0.8515167182046919,9.02,0,1,0.1153846153846154,0.7659205698260364,0.6110569355264898,0.7474251127469398,0.7871914495325427,0.017219734285399843
Official Pink Panther,0.1574442017438491,0.8839315498911771,Film & Animation,OfficialPinkPanther,0.05494238558786014,United States,Games,7741.0,0.7885997468573448,0.0,0.7573396995666664,88.2,0.8515167182046919,14.7,1,0,0.21153846153846156,0.8155047862634599,0.9573461892613551,0.0,0.7871914495325427,0.03435279495164459
Britain's Got Talent,0.1574442017438491,0.8851948286588559,Entertainment,Britain's Got Talent,0.6617852678228953,United Kingdom,Entertainment,17.0,0.7809486837588338,0.748024413368932,0.7117436549793702,60.0,0.6884115861487217,3.85,0,0,0.2692307692307693,0.8197584662421576,0.6129677005659047,0.7802962821214502,0.8016649953515966,0.017219734285399843
SCTV,0.1574442017438491,0.879703091348962,Entertainment,SCTV,0.44317018248820156,United Kingdom,Music,3695.0,0.23394086435846145,0.04219925035569625,0.7573396995666664,60.0,0.6884115861487217,3.85,1,0,0.3076923076923077,0.8012687126760788,0.7213825433565292,0.14710835866839803,0.8016649953515966,0.03435279495164459
AS Gaming,0.15574311566819166,0.8324577545342505,Gaming,ASGaming,0.22910562730170178,United States,Games,7711.0,0.11338570207848431,0.00524655409521471,0.7573396995666664,88.2,0.8515167182046919,14.7,1,0,0.25000000000000006,0.6431852941140036,0.784265762958527,0.034886778426549726,0.7871914495325427,0.03452717799742138
Sony AATH,0.15574311566819166,0.893115863270821,Shows,Sony AATH,0.7795124566154139,United States,Entertainment,112.0,0.8549313316988685,0.8468998530081708,0.7840117585933823,88.2,0.8515167182046919,14.7,0,0,0.17307692307692307,0.8470906863207871,0.560031294572936,0.866512551680108,0.7871914495325427,0.05166023866366613
tabii Urdu,0.15574311566819166,0.8754655905398407,Entertainment,tabii Urdu,0.5687659615223253,Turkey,Entertainment,3.0,0.8135852632631685,0.7915567264549405,0.7117436549793702,23.9,0.7111409273791702,13.49,0,0,0.038461538461538464,0.7876602808681726,0.6510511825952963,0.8180739174560278,0.70434158224988,0.017307367287183083
DaFuq!?Boom!,0.15574311566819166,0.8714583177879994,Film & Animation,DaFuq!?Boom!,0.4257041991512449,United States,Entertainment,112.0,0.9520543050357593,0.9762038075108714,0.9883346753550034,88.2,0.8515167182046919,14.7,0,0,0.1153846153846154,0.7741749667784574,0.7216165378110686,0.9792944838574644,0.7871914495325427,1.0
Clash of Clans,0.15574311566819166,0.8450338802590901,Gaming,Clash of Clans,0.5163893999639364,United States,Games,113.0,0.7404155186826403,0.6939570617820643,0.7573396995666664,88.2,0.8515167182046919,14.7,1,0,0.17307692307692307,0.685359138813902,0.6454863500994051,0.734752920132501,0.7871914495325427,0.03452717799742138
RKD Studios,0.15403332834758476,0.8556885287360612,Entertainment,RKD Studios,0.534475156582643,India,Entertainment,74.0,0.7854732282740884,0.0,0.7840117585933823,28.1,0.9976791355194754,5.36,0,0,0.15384615384615385,0.7218014139042087,0.6475642942073865,0.0,0.2050100546163604,0.05192315121835753
DLS News,0.15231475030848785,0.8234992680089563,News & Politics,DLS News,0.6710671487051916,India,News,74.0,0.7570690483730267,0.7161338080335758,0.7117436549793702,28.1,0.9976791355194754,5.36,0,0,0.09615384615384616,0.6145109704618249,0.5412976104527036,0.7510177483011626,0.2050100546163604,0.017485336640138044
JukiLop,0.15231475030848785,0.809836330892702,People & Blogs,JukiLop,0.3530743160425181,Mexico,People,14.0,0.6383742712714929,0.5576151404484047,0.7117436549793702,40.2,0.7534040881753246,3.42,0,0,0.09615384615384616,0.5688956387506073,0.6931140855079369,0.614543654524032,0.7748388684508181,0.017485336640138044
etvteluguindia,0.15231475030848785,0.9123529218075732,Entertainment,etvteluguindia,0.9308766380004503,India,Entertainment,75.0,0.8547153290614163,0.8468998530081708,0.7573396995666664,28.1,0.9976791355194754,5.36,0,0,0.23076923076923078,0.9132298763034086,0.5017825911727681,0.8660985608537851,0.2050100546163604,0.03488130986107418
FIFA,0.15231475030848785,0.8577841905747826,Sports,FIFA,0.7356361272272973,Switzerland,Sports,1.0,0.7847213257691061,0.7530613907842875,0.7117436549793702,59.6,0.4779733269614943,4.58,0,0,0.3076923076923077,0.7295056270022665,0.5446904659758175,0.784198137357051,0.6827344169611138,0.017485336640138044
Manoj  parihar,0.1505872906901633,0.7415061838325676,Entertainment,Manoj  parihar,0.4610939398180273,India,Howto,75.0,0.7637411517201019,0.7250698331367718,0.7840117585933823,28.1,0.9976791355194754,5.36,0,0,0.019230769230769232,0.34659237566957,0.5623119598697371,0.7608191137981933,0.2050100546163604,0.05245708721906438
Vsauce,0.1505872906901633,0.8330814176447184,Science & Technology,Vsauce,0.48650759304283564,Unknown,Entertainment,-1.0,0.7923758547105212,0.7632714707913086,0.7117436549793702,68.0,0.8515167182046919,9.02,0,1,0.2884615384615385,0.6472509082816466,0.648181379424904,0.7929043453699886,0.7871914495325427,0.01757570093315174
Unbox Therapy,0.1505872906901633,0.8499786104117564,Science & Technology,Unbox Therapy,0.6091716586150475,Unknown,Tech,-1.0,0.7272859252159376,0.6764430179461817,0.8694805931248841,68.0,0.8515167182046919,9.02,0,1,0.23076923076923078,0.7039421851063447,0.6023243710119505,0.7179237462823999,0.7871914495325427,0.1885114437160007
shane,0.14885085721584979,0.8484288618452084,People & Blogs,shane,0.5031264862845147,United States,Comedy,114.0,0.6445963952823699,0.565983640578774,0.7573396995666664,88.2,0.8515167182046919,14.7,1,0,0.3269230769230769,0.6994044758382238,0.6561038371264234,0.6217952982024479,0.7871914495325427,0.035242781440254535
Sonotek,0.14885085721584979,0.8699006651098192,Entertainment,Sonotek,0.7151553700767661,India,Music,77.0,0.7519097654876614,0.7092646786646123,0.7117436549793702,28.1,0.9976791355194754,5.36,0,0,0.21153846153846156,0.771586732001668,0.5685147550173378,0.7475140211277329,0.2050100546163604,0.017667004082264345
Jimmy Kimmel Live,0.14710535616318055,0.8908386721541639,Entertainment,Jimmy Kimmel Live,0.6962411362153804,United States,Comedy,115.0,0.7286968102220542,0.6783246611966499,0.7573396995666664,88.2,0.8515167182046919,14.7,1,0,0.3076923076923077,0.8427486065067927,0.6010750193266854,0.7195626281882671,0.7871914495325427,0.03542634130263977
TheOdd1sOut,0.14710535616318055,0.850466873518306,Comedy,TheOdd1sOut,0.39169981648197316,United States,Comedy,115.0,0.7554417468326793,0.7139618714055501,0.7573396995666664,88.2,0.8515167182046919,14.7,1,0,0.15384615384615385,0.7069200985102249,0.7167513953669278,0.7511423377400719,0.7871914495325427,0.03542634130263977
Goldmines Great Indian Comedy,0.14710535616318055,0.8554002868123608,Film & Animation,Goldmines Great Indian Comedy,0.6332664915917591,Unknown,Film,-1.0,0.7898879461638171,0.7599470363984483,0.7573396995666664,68.0,0.8515167182046919,9.02,0,1,0.1153846153846154,0.7234960940371429,0.595602763070148,0.7913543051928783,0.7871914495325427,0.03542634130263977
Lil Nas X,0.14710535616318055,0.8630143541094678,Music,Lil Nas X,0.2883336569807576,Unknown,Music,-1.0,0.773660393627089,0.7383017547152999,0.7573396995666664,68.0,0.8515167182046919,9.02,1,1,0.07692307692307693,0.749093999270972,0.7851532534860439,0.7714065811789556,0.7871914495325427,0.03542634130263977
ýýýýýýýýýýýýýý ýýýý,0.1453506923338379,0.8533525654191487,Education,ýýýýýýýýýýýýýý ýýýý,0.32584885762069915,United States,Entertainment,116.0,0.7389491338455403,0.6919448915010723,0.7117436549793702,88.2,0.8515167182046919,14.7,0,0,0.07692307692307693,0.7172892986029332,0.7546689240455812,0.7294705190980006,0.7871914495325427,0.017852486089864887
SUPER SLICK SLIME SAM,0.1453506923338379,0.8680353330296664,Howto & Style,SUPER SLICK SLIME SAM,0.5395440590948075,Mexico,Howto,15.0,0.8184743841915698,0.7980891494395072,0.7573396995666664,40.2,0.7534040881753246,3.42,0,0,0.07692307692307693,0.7666580076101113,0.6582852278445155,0.8237644527612457,0.7748388684508181,0.03561182331024031
Wow Kidz Action,0.1453506923338379,0.8732327581732339,Film & Animation,Wow Kidz Action,0.5810453550991308,India,Entertainment,78.0,0.8114352222050887,0.7886879223485772,0.7573396995666664,28.1,0.9976791355194754,5.36,0,0,0.09615384615384616,0.7841466224850988,0.6422128588687229,0.8160635577735712,0.2050100546163604,0.03561182331024031
Turma da Mï¿½ï¿½,0.1453506923338379,0.8928244958685202,Film & Animation,Turma da Mï¿½ï¿½,0.5589660920691792,Brazil,Film,22.0,0.7969196295525428,0.7693219016442541,0.7117436549793702,51.3,0.8069853740217376,12.08,0,0,0.19230769230769235,0.8501136861889405,0.6749760389309513,0.7990269051433194,0.8326655367243903,0.017852486089864887
Calvin Harris,0.1453506923338379,0.8984468718726172,Music,Calvin Harris,0.3473418110480275,United Kingdom,Music,18.0,0.809989794903258,0.7867569035821168,0.7117436549793702,60.0,0.6884115861487217,3.85,0,0,0.2884615384615385,0.8690544841075654,0.7921157063043939,0.8139116693973835,0.8016649953515966,0.017852486089864887
KBS WORLD TV,0.1453506923338379,0.8962656406536178,Entertainment,KBS WORLD TV,0.8778114417421459,South Korea,Entertainment,8.0,0.8124102259444516,0.7899984564863367,0.7573396995666664,94.3,0.6621159315066372,4.15,1,0,0.2884615384615385,0.8617058794000872,0.5120839061171168,0.8170864202917455,0.7747075675040715,0.03561182331024031
HiMan,0.1435867690223871,0.8325179889257928,People & Blogs,HiMan,0.4700095192344825,Russia,Entertainment,4.0,0.7448422158680914,0.6998711267494471,0.7573396995666664,81.9,0.7673429455374423,4.59,1,0,0.15384615384615385,0.6480463324003899,0.6562114880918273,0.7393357548167775,0.6916878398408963,0.03579925781382969
Masha e o Urso,0.1435867690223871,0.8733250197484725,Shows,Masha e o Urso,0.0,Unknown,Entertainment,-1.0,0.7885997468573448,0.0,0.026672168662362404,68.0,0.8515167182046919,9.02,0,1,0.15384615384615385,0.7851361992557363,0.0,0.0,0.7871914495325427,2.8345930647225893e-07
Little Angel Espaï¿½ï¿½ï¿½ï¿½ï¿½ï¿½ï¿½ï¿½ï¿½,0.1435867690223871,0.8797208983065068,Education,Little Angel Espaï¿½ï¿½ï¿½ï¿½ï¿½ï¿½ï¿½ï¿½ï¿½,0.5215050527618692,Mexico,Education,16.0,0.8243858428258997,0.8059713307169142,0.7573396995666664,40.2,0.7534040881753246,3.42,1,0,0.07692307692307693,0.8066651971694753,0.680377717488644,0.8305023593433797,0.7748388684508181,0.03579925781382969
TED-Ed,0.14181348798430626,0.8419525681250077,Education,TED-Ed,0.6053279750216995,United States,Education,117.0,0.7537741180896532,0.7117605415799809,0.7117436549793702,88.2,0.8515167182046919,14.7,0,0,0.21153846153846156,0.6803655569940068,0.5956408499634689,0.7473684570187452,0.7871914495325427,0.018041904082590716
Sidemen,0.14181348798430626,0.8558604191844075,Entertainment,Sidemen,0.4554734120187996,United Kingdom,Entertainment,19.0,0.7976582627688341,0.7703035490466983,0.7117436549793702,60.0,0.6884115861487217,3.85,0,0,0.13461538461538464,0.7270771180808615,0.6891093854714909,0.8004781214857382,0.8016649953515966,0.018041904082590716
Cardi B,0.14181348798430626,0.8701209120574563,People & Blogs,Cardi B,0.18251465428444713,Unknown,Entertainment,-1.0,0.06325628346498768,0.001799559070553808,0.7573396995666664,68.0,0.8515167182046919,9.02,1,1,0.09615384615384616,0.7750364852970454,0.8513951405622195,0.014730619351375183,0.7871914495325427,0.03598867580655552
Busy Fun Ltd,0.14181348798430626,0.8707549462634196,Entertainment,TG MAYANK YT,0.08708162085692081,Unknown,Entertainment,-1.0,0.7885997468573448,0.0,0.7573396995666664,68.0,0.8515167182046919,9.02,1,1,0.019230769230769232,0.7771699548435215,0.9143699940277474,0.0,0.7871914495325427,0.03598867580655552
Farruko,0.14181348798430626,0.8787757005116912,Music,Farruko,0.42680257848946485,United States,Music,117.0,0.8078684979344102,0.7839275729647862,0.7117436549793702,88.2,0.8515167182046919,14.7,0,0,0.25000000000000006,0.8041660210855027,0.7289651405645908,0.8117169868802758,0.7871914495325427,0.018041904082590716
ýýýýýýýýýýýýýýýýýýýýýý,0.14181348798430626,0.8788576788699747,Entertainment,ýýýýýýýýýýýýýýýýýýýýýý,0.4973696844076253,Ukraine,Entertainment,2.0,0.7913094981122979,0.7618337190251371,0.7117436549793702,82.7,0.6464637607066992,8.88,0,0,0.15384615384615385,0.8044420033925047,0.6920730798049232,0.7929866698360469,0.6296444637336627,0.018041904082590716
Triggered Insaan,0.14181348798430626,0.8377810046629186,Comedy,Triggered Insaan,0.45342112631728615,India,People,79.0,0.8128463103090217,0.7905735329583962,0.8397482946937163,28.1,0.9976791355194754,5.36,0,0,0.15384615384615385,0.6663703971413304,0.6706041120094532,0.8170526769650251,0.2050100546163604,0.1243288464717038
CKN,0.1400307494031443,0.8883438032372342,Entertainment,cKn,0.2245749595000265,Spain,Music,4093.0,0.1798534446356518,0.02091796426768065,0.0,88.9,0.6524974609911891,13.96,0,0,0.3269230769230769,0.8370713456716957,0.8473040480767927,0.09225270547768571,0.7642133296961922,1.054417529118215e-07
Ali-A,0.1400307494031443,0.8618428801599667,Gaming,ali-a,0.08708162085692081,Unknown,People,-1.0,0.0,0.0,0.7573396995666664,68.0,0.8515167182046919,9.02,1,1,0.1153846153846154,0.7478759623860415,0.9047177392548542,0.0025887146234688106,0.7871914495325427,0.03618010894102484
Shemaroo Comedy,0.1382384518568056,0.8612113084079992,Entertainment,Shemaroo Comedy,0.6665531630265333,India,Comedy,81.0,0.8099991506965009,0.786771765171499,0.7573396995666664,28.1,0.9976791355194754,5.36,0,0,0.2884615384615385,0.7464415523158673,0.5845006443415509,0.81391051413935,0.2050100546163604,0.03637358954693775
Smile Family Spanish,0.1382384518568056,0.8668485731886321,Entertainment,Smile Family Spanish,0.48564694281529636,United States,Entertainment,118.0,0.7708113008445482,0.7344954960470959,0.7573396995666664,88.2,0.8515167182046919,14.7,0,0,0.057692307692307696,0.7654025593974978,0.6852036850293635,0.7689949129154169,0.7871914495325427,0.03637358954693775
GRAMMY GOLD OFFICIAL,0.1382384518568056,0.907319917338783,Music,GRAMMY GOLD OFFICIAL,0.6932842017613565,Thailand,Music,5.0,0.8327374585791515,0.8171145141796557,0.7117436549793702,49.3,0.6926046031024118,0.75,0,0,0.15384615384615385,0.9016945437807813,0.620470223070905,0.8405943272632255,0.40179214608484853,0.01823538468850362
ýýýýýýýý ýýýýýýýýýý ýýýýýýýýýý | Arab Games Network,0.1382384518568056,0.8753850486101566,Gaming,ýýýýýýýý ýýýýýýýýýý ýýýýýýýýýý | Arab Games ýýý,0.6933094093008352,Saudi Arabia,Games,3.0,0.7704004332261928,0.7339317855669096,0.8176146293679291,68.0,0.6199535637573586,5.93,0,0,0.17307692307692307,0.7941288742986404,0.5858698592969102,0.7690272260089572,0.8066755444381477,0.09021490429303508
Dan-Sa / Daniel Saboya,0.1364364922829333,0.8332159485524336,Music,Dan-Sa / Daniel Saboya,0.5701487022870105,Brazil,Music,24.0,0.9968390088184521,0.0,0.7117436549793702,51.3,0.8069853740217376,12.08,0,0,0.2884615384615385,0.6531266815697939,0.604569548010176,0.0,0.8326655367243903,0.018333689535947748
Marmok,0.1364364922829333,0.8398337536179439,Gaming,Marmok,0.4697984269466817,Russia,Games,5.0,0.7650899009126116,0.7268451284490071,0.7117436549793702,81.9,0.7673429455374423,4.59,0,0,0.2692307692307693,0.6753197626418692,0.6642454420429349,0.7607153157342569,0.6916878398408963,0.018333689535947748
The ACE Family,0.1364364922829333,0.8504020035808261,People & Blogs,The ACE Family,0.520730649183489,Unknown,People,-1.0,0.6463184768934056,0.568177577614851,0.7573396995666664,68.0,0.8515167182046919,9.02,1,1,0.1153846153846154,0.7108019802808557,0.6490289157702499,0.6237865194699496,0.7871914495325427,0.036569150649289825
Like Nastya Vlog,0.1364364922829333,0.872608317233786,People & Blogs,Like Nastya Vlog,0.491644642819498,Russia,People,5.0,0.776303792244823,0.7418218292206733,0.7117436549793702,81.9,0.7673429455374423,4.59,0,0,0.1153846153846154,0.7854769019132787,0.6883016392926501,0.7737183090042493,0.6916878398408963,0.018333689535947748
Willie Salim,0.1364364922829333,0.8458905700447185,People & Blogs,Willie Salim,0.5169743849601939,Indonesia,People,13.0,0.8399270583997742,0.8267078561964021,0.8941285322521219,36.3,0.831576842304121,4.69,0,0,0.15384615384615385,0.6956495971406084,0.646108108661824,0.8490599477216134,0.46706707203478764,0.28210190362190457
PDK Films,0.13462476594334216,0.8465387000581014,Entertainment,PDK Films,0.3740123189611065,United States,Entertainment,120.0,0.720570291758997,0.6674363706011118,0.7573396995666664,88.2,0.8515167182046919,14.7,1,0,0.25000000000000006,0.6985219260238972,0.7218125338655513,0.7101114621284996,0.7871914495325427,0.03676682598716504
TheWillyrex,0.13462476594334216,0.8670150389511477,Comedy,TheWillyrex,0.7011500685121964,Spain,Games,7.0,0.7082023212488558,0.6509339313293935,0.7573396995666664,88.9,0.6524974609911891,13.96,1,0,0.21153846153846156,0.7673533099109487,0.5727076393532077,0.6957362832793456,0.7642133296961922,0.03676682598716504
RsiamMusic : ï¿½ï¿½ï¿½ï¿½ï¿½ï¿½ï¿½ï¿½,0.13462476594334216,0.8859328440191134,Music,RsiamMusic : ï¿½ï¿½ï¿½ï¿½ï¿½ï¿½ï¿½ï¿½,0.6387441779878433,Thailand,Music,6.0,0.7808989785892594,0.7479401109762194,0.7117436549793702,49.3,0.6926046031024118,0.75,0,0,0.21153846153846156,0.8310342210976195,0.6258083679812109,0.7803006356068364,0.40179214608484853,0.018433060026378834
Dhar Mann,0.13462476594334216,0.8850497411570198,People & Blogs,Alejandro Basalo,0.0,Unknown,Entertainment,-1.0,0.7885997468573448,0.0,0.026672168662362404,68.0,0.8515167182046919,9.02,0,1,0.2884615384615385,0.8280601954668915,0.0,0.0,0.7871914495325427,2.932387664007811e-07
shakiraVEVO,0.13462476594334216,0.9160354775092862,Music,shakiraVEVO,0.4191750532077073,United States,Music,120.0,0.8537366955572145,0.8468998530081708,0.7573396995666664,88.2,0.8515167182046919,14.7,1,0,0.25000000000000006,0.9324624347502071,0.7733238756614437,0.8648633857685272,0.7871914495325427,0.03676682598716504
Naisa Alifia Yuriza (N.A.Y),0.1328031663874878,0.8105321246525627,People & Blogs,Naisa Alifia Yuriza (N.A.Y),0.5285578270930089,Indonesia,Entertainment,14.0,0.728217976649221,0.6777038862088253,0.7573396995666664,36.3,0.831576842304121,4.69,1,0,0.09615384615384616,0.578655864672157,0.601752813028642,0.7190058176693973,0.46706707203478764,0.03696665003314143
Miley Cyrus,0.1328031663874878,0.8707487515115493,Entertainment,Miley Cyrus,0.39338041174474586,United States,Entertainment,121.0,0.8201609092763306,0.8003301062380577,0.7117436549793702,88.2,0.8515167182046919,14.7,0,0,0.25000000000000006,0.7806175455980034,0.737833483316521,0.8255206200947647,0.7871914495325427,0.018533513581924135
IShowSpeed,0.1328031663874878,0.8093029732048442,Gaming,IShowSpeed,0.5698501516243764,United States,Games,120.0,0.8243412956849601,0.8059062526340162,0.848532199872483,88.2,0.8515167182046919,14.7,0,0,0.1153846153846154,0.5745572139957369,0.5788266032357933,0.8305057393794649,0.7871914495325427,0.14551539671180116
Good Mythical Morning,0.1328031663874878,0.8755452727168299,Entertainment,Goodmythicalmorning,0.0,Unknown,Entertainment,3305.0,0.7885997468573448,0.0,0.7573396995666664,68.0,0.8515167182046919,9.02,1,0,0.17307692307692307,0.796761060846771,0.0,0.0,0.7871914495325427,0.03696665003314143
Bobby chourasiya,0.13097158541494025,0.8802032586668962,People & Blogs,Bobby chourasiya,0.48300746118867616,Unknown,People,-1.0,0.879308664266163,0.8801737653739591,0.8632109370795048,68.0,0.8515167182046919,9.02,0,1,0.057692307692307696,0.8131477844190006,0.7010496313284084,0.8948137967729043,0.7871914495325427,0.18190987836358552
INCRï¿½ï¿,0.13097158541494025,0.8370319699346178,People & Blogs,INCRï¿½ï¿,0.7006921521189464,Brazil,Howto,25.0,0.7307712474694382,0.6810845575170033,0.7573396995666664,51.3,0.8069853740217376,12.08,1,0,0.09615384615384616,0.6680178742981999,0.5404736623488264,0.7219820671128877,0.8326655367243903,0.03716865801333309
Jake Fellman,0.1291299130368122,0.8915707854021736,Entertainment,Jake Fellman,0.4789699394663113,United States,Entertainment,122.0,0.8820708663820546,0.8832965328346507,0.8397482946937163,88.2,0.8515167182046919,14.7,0,0,0.19230769230769235,0.8521409484746663,0.7154756247422551,0.8979860314666973,0.7871914495325427,0.12904704431863526
GEN HALILINTAR,0.1291299130368122,0.8381219698324602,Entertainment,GEN HALILINTAR,0.5505002172299871,Indonesia,Entertainment,15.0,0.7496828454810436,0.7062730935610138,0.7573396995666664,36.3,0.831576842304121,4.69,1,0,0.13461538461538464,0.6723809179292753,0.6201573507894808,0.7434930858170166,0.46706707203478764,0.03737288592809295
SQUEEZIE,0.1291299130368122,0.8803769379887286,Gaming,SQUEEZIE,0.5808373100788515,France,Entertainment,1.0,0.7755063348886815,0.7407553767021052,0.7117436549793702,65.6,0.6887567570806092,8.43,0,0,0.21153846153846156,0.8144418975741832,0.6500591614602705,0.7737798770450571,0.7659603334546152,0.01873774149668401
Blippi - Educational Videos for Kids,0.1291299130368122,0.8955800279778559,Education,Blippi - Educational Videos for Kids,0.5201728347264247,United States,Education,123.0,0.8358280478643592,0.8212329357710706,0.7840117585933823,88.2,0.8515167182046919,14.7,0,0,0.15384615384615385,0.8656472980971711,0.6982510280420893,0.8443992470173014,0.7871914495325427,0.05590647593485555
officialpsy,0.1291299130368122,0.8830425036074107,Music,officialpsy,0.3870358179386466,South Korea,Music,10.0,0.7892389147733972,0.7590867679626786,0.7573396995666664,94.3,0.6621159315066372,4.15,1,0,0.23076923076923078,0.8234174785023214,0.7544873972401422,0.789608058744457,0.7747075675040715,0.03737288592809295
Ajay Sharma,0.1291299130368122,0.8882010821639906,Entertainment,Ajay Sharma,0.0,Unknown,Entertainment,-1.0,0.7885997468573448,0.0,0.0,68.0,0.8515167182046919,9.02,0,1,0.25000000000000006,0.8407905538209216,0.0,0.0,0.7871914495325427,1.1147047953096489e-07
Manual do Mundo,0.12727803743612753,0.8452233044332285,Howto & Style,Manual do Mundo,0.6192489961581835,Brazil,Tech,26.0,0.7814294511354789,0.7486668825142188,0.7117436549793702,51.3,0.8069853740217376,12.08,0,0,0.3076923076923077,0.696926903685925,0.5919068389063826,0.7802592630662543,0.8326655367243903,0.018841552651879468
How Ridiculous,0.12727803743612753,0.8788853611807164,Sports,How Ridiculous,0.5135197614298165,Australia,Sports,5.0,0.8711558101993161,0.8697114161720434,0.8296080224506922,113.1,0.5907305851409557,5.27,0,0,0.25000000000000006,0.8101331243879316,0.683650887575184,0.8851904255855352,0.8153418877455865,0.11151500742357698
And TV,0.12727803743612753,0.8969824639114516,Entertainment,ANDtv,0.3034776708081194,United States,Entertainment,7627.0,0.04181012914526307,0.0012055968060015244,0.7573396995666664,88.2,0.8515167182046919,14.7,1,0,0.3076923076923077,0.8710859747211802,0.8138362286969227,0.008781885746360485,0.7871914495325427,0.03757937057340193
Sebastiï¿½ï¿½ï¿½,0.12727803743612753,0.8821729713468469,News & Politics,Sebastiï¿½ï¿½ï¿½,0.4337601216975526,United States,Music,124.0,0.8135729076305548,0.7915429883274229,0.7573396995666664,88.2,0.8515167182046919,14.7,1,0,0.17307692307692307,0.8212027757042488,0.7289934966430586,0.8180749855287424,0.7871914495325427,0.03757937057340193
SonyMusicSouthVEVO,0.12727803743612753,0.9027490830710481,Music,SonyMusicSouthVEVO,0.685404797883511,United States,Music,123.0,0.8520792350703956,0.8410973129192562,0.7117436549793702,88.2,0.8515167182046919,14.7,0,0,0.15384615384615385,0.8905164677760495,0.6196371238201255,0.8631950901429767,0.7871914495325427,0.018841552651879468
TheGrefg,0.12727803743612753,0.8634060005996367,Gaming,TheGrefg,0.6483473739144562,Spain,Games,8.0,0.7712653737175402,0.7350887739458042,0.7573396995666664,88.9,0.6524974609911891,13.96,1,0,0.19230769230769235,0.7580396143903888,0.5963917927840408,0.7689598848424806,0.7642133296961922,0.03757937057340193
BeatboxJCOP,0.12727803743612753,0.8751913341544038,Film & Animation,BeatboxJCOP,0.5246350552043473,Unknown,Entertainment,-1.0,0.9285005401435977,0.9448834337154359,0.9437128723557013,68.0,0.8515167182046919,9.02,0,1,0.21153846153846156,0.7976971680711419,0.6738344204899083,0.9519174502304624,0.7871914495325427,0.5884217244393729
David Dobrik,0.12541584492708502,0.8677560839405951,People & Blogs,David Dobrik,0.4982603129598849,United States,People,125.0,0.6972192601734768,0.6363024984457196,0.7117436549793702,88.2,0.8515167182046919,14.7,0,0,0.15384615384615385,0.7733908905366264,0.6795832553612434,0.682956288349036,0.7871914495325427,0.018946520486253043
KatieAngel,0.12541584492708502,0.8438565344226132,People & Blogs,KatieAngel,0.5461848707348382,United States,Music,125.0,0.7787891641386676,0.7451200059590604,0.7117436549793702,88.2,0.8515167182046919,14.7,0,0,0.13461538461538464,0.6930529396709023,0.6286250268724176,0.7782435097403698,0.7871914495325427,0.018946520486253043
RobleisIUTU,0.12541584492708502,0.8552068015071252,Entertainment,RobleisIUTU,0.5710376660780736,Argentina,Games,9.0,0.7500704641397189,0.7068280663579763,0.7117436549793702,90.0,0.6477339965887814,9.79,0,0,0.17307692307692307,0.7311851242713348,0.6279220399805379,0.7434625864058566,0.9028343046354779,0.018946520486253043
Lele Pons,0.12541584492708502,0.8557663660522412,Comedy,Lele Pons,0.4142193704080107,United States,Entertainment,125.0,0.7320257614677329,0.6827480439964688,0.7573396995666664,88.2,0.8515167182046919,14.7,1,0,0.13461538461538464,0.7330661415727896,0.7106518464181456,0.723438452166715,0.7871914495325427,0.03778814956297097
Demi Lovato,0.12541584492708502,0.8661872071193324,Music,Demi Lovato,0.4559782870200946,United States,Music,125.0,0.7527047181855314,0.7103170838336526,0.7573396995666664,88.2,0.8515167182046919,14.7,1,0,0.2692307692307693,0.7681123044991547,0.7000292408883859,0.7474534179407,0.7871914495325427,0.03778814956297097
Like Nastya VNM,0.12541584492708502,0.8799317809985762,Entertainment,Like Nastya VNM,0.507448653026323,Vietnam,Entertainment,1.0,0.8012004331044904,0.7750416060408919,0.7117436549793702,28.5,0.7260160918093717,2.01,0,0,0.057692307692307696,0.8143735605871164,0.6879612019758912,0.8045044544968151,0.2311667842305563,0.018946520486253043
Jason Derulo,0.12541584492708502,0.8800076577239847,Music,Jason Derulo,0.5328699715044749,United States,Music,124.0,0.8773195005589625,0.8768821196217792,0.8029359086062672,88.2,0.8515167182046919,14.7,0,0,0.2692307692307693,0.8146290396765764,0.6747428827615293,0.8925009700840616,0.7871914495325427,0.07516111191590238
MGC Playhouse,0.12541584492708502,0.8988281592174961,Shows,MGC Playhouse,0.5757286009195919,United States,Education,125.0,0.8100837112705047,0.7868905274637608,0.7117436549793702,88.2,0.8515167182046919,14.7,0,0,0.25000000000000006,0.8780224048149746,0.6727137502271239,0.8139035820628667,0.7871914495325427,0.018946520486253043
Zuni and Family,0.12541584492708502,0.8653918001961509,People & Blogs,zuni and family,0.08708162085692081,Unknown,People,-1.0,0.04181012914526307,0.0012055968060015244,0.7573396995666664,68.0,0.8515167182046919,9.02,1,1,0.038461538461538464,0.7654363202457403,0.9085614136576117,0.008781885746360485,0.7871914495325427,0.03778814956297097
Priyal Kukreja,0.12354321991317718,0.8842870264739838,People & Blogs,Priyal Kukreja,0.5271350818439325,India,People,83.0,0.8756066803572908,0.8734022802685291,0.8562801545677377,28.1,0.9976791355194754,5.36,0,0,0.019230769230769232,0.8297606332801217,0.6823776683351743,0.8903569158608597,0.2050100546163604,0.16774980631284162
MSA previously My Story Animated,0.12354321991317718,0.874624462690665,Film & Animation,MSA Previously My Story Animated,0.26124486257076246,United States,People,5208.0,0.42185521411279814,0.2697510032769199,0.48021502225372387,88.2,0.8515167182046919,14.7,0,0,0.019230769230769232,0.7972271271335942,0.8123389809133029,0.3628329571338021,0.7871914495325427,0.0005654203685609438
ýýýýýýýýý KIMPRO,0.1216600448441314,0.9053981144386463,Entertainment,ýýýýýýýýý KIMPRO,0.5870937201914617,South Korea,People,9.0,0.9698638054862209,1.0,0.9397248851885011,94.3,0.6621159315066372,4.15,0,0,0.09615384615384616,0.9016090808076742,0.6738876685394589,1.0,0.7747075675040715,0.5651777445788186
Jane ASMR ï¿½ï¿½,0.1216600448441314,0.8688643470842305,Entertainment,Jane ASMR ï¿½ï¿½,0.5979603431557607,South Korea,People,11.0,0.8101645647150868,0.0,0.7573396995666664,94.3,0.6621159315066372,4.15,1,0,0.19230769230769235,0.778565769572247,0.6286390066078541,0.0,0.7747075675040715,0.03821274525621161
ArianaGrandeVevo,0.1216600448441314,0.9071659536812453,Music,ArianaGrandeVevo,0.41117869210296404,United States,Music,127.0,0.8077113956141584,0.7837248197577156,0.7573396995666664,88.2,0.8515167182046919,14.7,1,0,0.23076923076923078,0.9075668673968502,0.7679177970784135,0.8117290258422176,0.7871914495325427,0.03821274525621161
jaanvi patel,0.1216600448441314,0.8714899896920439,People & Blogs,jaanvi patel,0.49463613396365985,India,People,84.0,0.8656411472840415,0.8615819437339282,0.8562801545677377,28.1,0.9976791355194754,5.36,0,0,0.07692307692307693,0.7874019440088119,0.6855243832962042,0.8787901311317922,0.2050100546163604,0.16867442601571855
tanboy kun,0.1216600448441314,0.8418755490447155,People & Blogs,tanboy kun,0.5236768353886687,Indonesia,Entertainment,17.0,0.7755774292321311,0.7408502305250396,0.7117436549793702,36.3,0.831576842304121,4.69,0,0,0.1153846153846154,0.6878448012264089,0.638252913954087,0.7737749542300354,0.46706707203478764,0.019160004391380533
Lil Pump,0.1216600448441314,0.847235165784935,Music,Lil Pump,0.32584885762069915,Unknown,Music,-1.0,0.7002448410937622,0.0,0.7573396995666664,68.0,0.8515167182046919,9.02,1,1,0.13461538461538464,0.7058419925807186,0.7480434459159373,0.0,0.7871914495325427,0.03821274525621161
Porta dos Fundos,0.1216600448441314,0.8706413334431533,Entertainment,Porta dos Fundos,0.6115047371456379,Brazil,Entertainment,27.0,0.7614372732270911,0.721962167515929,0.7573396995666664,51.3,0.8069853740217376,12.08,1,0,0.19230769230769235,0.7845457763381711,0.6234837285244297,0.7577632870526486,0.8326655367243903,0.03821274525621161
News 24,0.1216600448441314,0.8737607540122808,News & Politics,24 ï¿½ï¿½ï¿½ï,0.9719925163697175,Ukraine,News,24.0,0.8686980442188792,0.8657822716423494,0.7665334295085381,82.7,0.6464637607066992,8.88,0,0,0.3076923076923077,0.7950449289809486,0.43850443535878747,0.8824053950834468,0.6296444637336627,0.043907815550800124
Les' Copaque Production,0.1216600448441314,0.8766658518122797,Film & Animation,Les' Copaque Production,0.5903929821108936,Malaysia,Entertainment,1.0,0.8163498547052702,0.7952475847093438,0.7573396995666664,45.1,0.6143571927147271,3.32,0,0,0.25000000000000006,0.8048243515832912,0.6410443027721571,0.821976947973855,0.7019414703610323,0.03821274525621161
El Payaso Plim Plim,0.1216600448441314,0.9012842925516988,Film & Animation,El Payaso Plim Plim,0.569370119227829,Argentina,Music,10.0,0.8936077358505403,0.8992694325621885,0.8296080224506922,90.0,0.6477339965887814,9.79,0,0,0.17307692307692307,0.887746111788828,0.6786983561082559,0.9113203032604659,0.9028343046354779,0.11337393359695246
zbing z.,0.11976620017163508,0.877539902487169,Gaming,zbing z.,0.6385432523866637,Thailand,Games,7.0,0.7817292409943302,0.7490546568967688,0.7573396995666664,49.3,0.6926046031024118,0.75,1,0,0.15384615384615385,0.8084963252911416,0.6168233651562326,0.7802352957893331,0.40179214608484853,0.03842864148542341
MissaSinfonia,0.11976620017163508,0.823811020519463,Comedy,MissaSinfonia,0.4324166131404422,Mexico,Comedy,17.0,0.7499045073771454,0.7066066839476258,0.7117436549793702,40.2,0.7534040881753246,3.42,0,0,0.21153846153846156,0.6280115457486759,0.6664892337045267,0.7434756597289001,0.7748388684508181,0.019268560669204415
ýýýýýýýýý Liziqi,0.11976620017163508,0.8341205626386665,Howto & Style,ýýýýýýýýý Liziqi,0.3852135513115788,China,Howto,1.0,0.7405422510668238,0.6940934111503019,0.7117436549793702,50.6,1.0,4.32,0,0,0.09615384615384616,0.6625526556588301,0.7024616764675347,0.7347426475141694,0.5184540819505581,0.019268560669204415
The Game Theorists,0.11976620017163508,0.8429616081228666,Gaming,TheGameTheorists,0.0,Australia,Entertainment,6095.0,0.7885997468573448,0.0,0.7573396995666664,113.1,0.5907305851409557,5.27,1,0,0.17307692307692307,0.6922181135178136,0.0,0.0,0.8153418877455865,0.03842864148542341
DeGoBooM,0.11976620017163508,0.8628124907150319,Gaming,DeGoBooM,0.6702622496486945,Chile,Games,3.0,0.8090011582849037,0.7854498568573685,0.8176146293679291,88.5,0.5592509514495951,7.09,0,0,0.15384615384615385,0.7589336444962105,0.5842965401611789,0.8128215477328473,0.8500840961824887,0.0952696083380639
JFlaMusic,0.11976620017163508,0.8434670770276818,Music,JFlaMusic,0.45894181375852555,South Korea,Music,12.0,0.7085945624656838,0.6514848787261134,0.7573396995666664,94.3,0.6621159315066372,4.15,1,0,0.21153846153846156,0.6939152182566645,0.6738689350393684,0.6961843930742175,0.7747075675040715,0.03842864148542341
FactTechz,0.11786156430378991,0.8232030114523912,Entertainment,FactTechz,0.5203964317921056,India,Entertainment,86.0,0.7378126914951311,0.6904451339759683,0.7573396995666664,28.1,0.9976791355194754,5.36,1,0,0.1153846153846154,0.6267057336699701,0.6197457881551233,0.7295612166725561,0.2050100546163604,0.038646991159635144
News18 India,0.11786156430378991,0.8682170855276896,News & Politics,News18 India,0.9603630454277785,India,News,85.0,0.8714820853920872,0.8697114161720434,0.8397482946937163,28.1,0.9976791355194754,5.36,0,0,0.2884615384615385,0.777849875029713,0.43857630489789684,0.8854910389782144,0.2050100546163604,0.1333858567500171
Fun For Kids TV - Hindi Rhymes,0.11786156430378991,0.8700103419744173,Entertainment,Fun For Kids TV - Hindi Rhymes,0.3971685438379549,India,Entertainment,86.0,0.8131886294710116,0.7910324858651276,0.7840117585933823,28.1,0.9976791355194754,5.36,0,0,0.09615384615384616,0.7838845590929187,0.73504098935963,0.818104882838859,0.2050100546163604,0.057807071975854135
IGN,0.11786156430378991,0.8986684585458325,Gaming,IGN,0.9479310164997732,United States,Games,129.0,0.8081402762131856,0.7843001217703001,0.7573396995666664,88.2,0.8515167182046919,14.7,1,0,0.3076923076923077,0.880396008184798,0.4780514458728082,0.8116965143737346,0.7871914495325427,0.038646991159635144
Aphmau,0.11594601355827283,0.9024114676485417,Gaming,Aphmau,0.6651993889630662,United States,Games,129.0,0.87649494014318,0.8768821196217792,0.8029359086062672,88.2,0.8515167182046919,14.7,0,0,0.19230769230769235,0.8937470211539222,0.6298301007344803,0.891439772265298,0.7871914495325427,0.07729655424998154
AMARINTV : ï¿½ï¿½ï¿½ï¿½ï¿½ï¿½ï¿½ï¿½ï¿½ï¿½ï¿½ï¿½,0.11594601355827283,0.8906017106302271,Entertainment,AMARINTV : ï¿½ï¿½ï¿½ï¿½ï¿½ï¿½ï¿½ï¿½ï¿½ï¿½ï¿½ï¿½,0.9259938292101836,Thailand,News,8.0,0.8480823322689838,0.8375888187274995,0.7573396995666664,49.3,0.6926046031024118,0.75,0,0,0.15384615384615385,0.8539568374696855,0.4807760844895483,0.8582475169201598,0.40179214608484853,0.038867836339719686
ýýýýýýýýýýýýýýýý - Al-Remas,0.11594601355827283,0.884584112885307,Music,ýýýýýýýýýýýýýýýý - Al-Remas,0.6076267677155808,Iraq,Music,1.0,0.8144811325906065,0.7927537009278752,0.7573396995666664,16.2,0.6340190192914126,12.82,1,0,0.17307692307692307,0.8336879786523881,0.6406115287240115,0.8190622450719739,0.6442635813472954,0.038867836339719686
Koray Zeynep,0.11594601355827283,0.8997300204917449,People & Blogs,Koray Zeynep,0.6055570650864339,Unknown,People,-1.0,0.8750746154992173,0.8734022802685291,0.8029359086062672,68.0,0.8515167182046919,9.02,0,1,0.1153846153846154,0.8847113191225378,0.6580972229095235,0.8898070858407011,0.7871914495325427,0.07729655424998154
Apple,0.11401942211413374,0.7933948722191981,Science & Technology,Apple,0.4120594245776525,United States,Tech,130.0,0.7739479316016666,0.7386630633173369,0.7117436549793702,88.2,0.8515167182046919,14.7,0,0,0.3269230769230769,0.5287927338845198,0.6442347849068654,0.7713834111408752,0.7871914495325427,0.019601737779391705
Stubborn Facts,0.11401942211413374,0.7884633319405033,Film & Animation,Stubborn Facts,0.4488751696531424,India,Entertainment,87.0,0.5906977444308259,0.49507077223334,0.7573396995666664,28.1,0.9976791355194754,5.36,1,0,0.1153846153846154,0.5124519658195199,0.6195735094080836,0.5590969081659551,0.2050100546163604,0.039091220053519116
Taarak Mehta Ka Ooltah Chashmah,0.11401942211413374,0.8853569757587506,Entertainment,Taarak Mehta Ka Ooltah Chashmah,0.671532926121467,India,Entertainment,87.0,0.8636495709805865,0.8570702056221131,0.7840117585933823,28.1,0.9976791355194754,5.36,0,0,0.15384615384615385,0.8370331852328411,0.608049418370199,0.8763692024995473,0.2050100546163604,0.05846965054394984
HowToBasic,0.11401942211413374,0.8422671862548792,Howto & Style,HowToBasic,0.504775040137208,Australia,Howto,6.0,0.7239077553152654,0.6719103426364945,0.7573396995666664,113.1,0.5907305851409557,5.27,1,0,0.21153846153846156,0.6920937753348653,0.6485676074103559,0.7139944342039861,0.8153418877455865,0.039091220053519116
PopularMMOs,0.11208166196221381,0.8948416897798553,Gaming,PopularMMOs,0.6699752098584449,Unknown,Games,-1.0,0.7232296846887102,0.6710215726668346,0.7117436549793702,68.0,0.8515167182046919,9.02,0,1,0.19230769230769235,0.8697301352220818,0.6191358949221409,0.7132063342027752,0.7871914495325427,0.019715372119563552
Marques Brownlee,0.11208166196221381,0.8414501167928592,Science & Technology,Marques Brownlee,0.5831974811586326,United States,Tech,131.0,0.7793489486538738,0.7458810203246516,0.7117436549793702,88.2,0.8515167182046919,14.7,0,0,0.2692307692307693,0.6900948566693417,0.6066654034608958,0.7782005009732096,0.7871914495325427,0.019715372119563552
Anitta,0.11208166196221381,0.868602543950186,Music,Anitta,0.3911316053948296,Brazil,Music,28.0,0.7943450336372799,0.7658816432417731,0.7573396995666664,51.3,0.8069853740217376,12.08,1,0,0.21153846153846156,0.7813719410731833,0.7366923285468224,0.7960805712824706,0.8326655367243903,0.03931718632379371
Jason Vlogs,0.11208166196221381,0.8760014994647976,Education,Jason Oo,0.351209168642307,Australia,People,3450.0,0.11703803187791606,0.005802545623513929,0.7573396995666664,113.1,0.5907305851409557,5.27,1,0,0.15384615384615385,0.806276501544516,0.7657606454817377,0.034611151183950147,0.8153418877455865,0.03931718632379371
El Reino a Jugar,0.11208166196221381,0.8856041716220578,Education,El Reino a Jugar,0.5481755606749482,Argentina,Education,11.0,0.8007891069422501,0.7744804917627601,0.7117436549793702,90.0,0.6477339965887814,9.79,0,0,0.13461538461538464,0.8386123261686967,0.6727988908791687,0.803139419053247,0.9028343046354779,0.019715372119563552
Willyrex,0.11208166196221381,0.854121585513343,Gaming,Willyrex,0.707792645204509,Spain,Games,9.0,0.7235536913833495,0.6714181842173319,0.7573396995666664,88.9,0.6524974609911891,13.96,1,0,0.25000000000000006,0.7326645875616311,0.555272383990389,0.7135903692325317,0.7642133296961922,0.03931718632379371
TheBrianMaps,0.11013260285409832,0.8494675826599558,Comedy,TheBrianMaps,0.49244288830913113,Russia,Entertainment,6.0,0.7637374684846797,0.7250698331367718,0.7117436549793702,81.9,0.7673429455374423,4.59,0,0,0.19230769230769235,0.7177721501341171,0.6628210676305236,0.7608191137981933,0.6916878398408963,0.01983033165274389
TRANS TV Official,0.11013260285409832,0.8793202648965842,Entertainment,TRANS TV Official,0.9437694771847789,Indonesia,Entertainment,18.0,0.7732824703247299,0.7377723573069072,0.7117436549793702,36.3,0.831576842304121,4.69,0,0,0.15384615384615385,0.8182011928845491,0.45927077814676337,0.7714374588320965,0.46706707203478764,0.01983033165274389
Liza Koshy,0.11013260285409832,0.8220755858570794,Comedy,Liza Koshy,0.39338041174474586,United States,Entertainment,132.0,0.6245914137371703,0.5390255958269542,0.7573396995666664,88.2,0.8515167182046919,14.7,1,0,0.17307692307692307,0.6258914670597612,0.6851177860951225,0.5984820766013951,0.7871914495325427,0.0395457801971459
Queen Official,0.10817211224958445,0.8835538998289295,Music,Queen Official,0.5488021655761903,United Kingdom,Music,21.0,0.8059670422710146,0.781400125324302,0.7117436549793702,60.0,0.6884115861487217,3.85,0,0,0.2692307692307693,0.8332133185296767,0.670250634699899,0.8094037016508728,0.8016649953515966,0.019946639696376806
Prajapati News,0.10817211224958445,0.7924535666815413,Comedy,Prajapati News,0.5746661250210265,India,Entertainment,89.0,0.6914700996444765,0.6286240414194516,0.7117436549793702,28.1,0.9976791355194754,5.36,0,0,0.17307692307692307,0.5278891171801031,0.5580597992938907,0.6762826565916051,0.2050100546163604,0.019946639696376806
Gaby and Alex,0.10817211224958445,0.8729926523395334,Entertainment,gabyandalex,0.05494238558786014,Unknown,People,-1.0,0.7885997468573448,0.0,0.7573396995666664,68.0,0.8515167182046919,9.02,1,1,0.2692307692307693,0.7976530379044072,0.9454987652305286,0.0,0.7871914495325427,0.03977704777395915
LuisFonsiVEVO,0.10817211224958445,0.894764048546189,Music,LuisFonsiVEVO,0.36342793880719204,United States,Music,133.0,0.7771077070327527,0.7429004764875801,0.7573396995666664,88.2,0.8515167182046919,14.7,1,0,0.25000000000000006,0.8709753188676278,0.779626472494945,0.7760633341224822,0.7871914495325427,0.03977704777395915
Pop Chartbusters,0.1062000552626019,0.8750464297758196,Music,Pop Chartbusters,0.6113276874691187,India,Music,90.0,0.794487318255623,0.766069836405891,0.7573396995666664,28.1,0.9976791355194754,5.36,0,0,0.21153846153846156,0.8053262483484545,0.6283472300946826,0.7960708702630543,0.2050100546163604,0.04001103623939369
Guava Juice,0.1062000552626019,0.8768817739945267,Gaming,Guava Juice,0.598878159914993,United States,Entertainment,134.0,0.7077229469689145,0.6503779524948515,0.7573396995666664,88.2,0.8515167182046919,14.7,1,0,0.3076923076923077,0.8115053622781814,0.636842541025019,0.6951653560551506,0.7871914495325427,0.04001103623939369
EeOneGuy,0.1062000552626019,0.8437239245374327,Entertainment,EeOneGuy,0.46808914007202373,United States,Entertainment,134.0,0.6212039065933033,0.534514523288939,0.7573396995666664,88.2,0.8515167182046919,14.7,1,0,0.17307692307692307,0.6999887769551506,0.6693541575527979,0.5945913077282841,0.7871914495325427,0.04001103623939369
VICE,0.1062000552626019,0.8508305258150749,Entertainment,VICE,0.6554422370457774,United States,Entertainment,134.0,0.7627357221296563,0.7237035413432052,0.7117436549793702,88.2,0.8515167182046919,14.7,0,0,0.3269230769230769,0.7238640773505741,0.5790640997632898,0.7576599995800207,0.7871914495325427,0.02006432011817843
Aayu and Pihu Show,0.1062000552626019,0.8775446770834907,Comedy,Aayu and Pihu Show,0.482828330926627,India,People,90.0,0.8039849247728703,0.7787462381588945,0.7573396995666664,28.1,0.9976791355194754,5.36,1,0,0.09615384615384616,0.8137373163657639,0.6982640426905206,0.8069849433252604,0.2050100546163604,0.04001103623939369
Danny Fitt,0.1062000552626019,0.8786582426818423,People & Blogs,Danny Fitt,0.6148634905013735,United States,Entertainment,134.0,0.8551060529583758,0.8468998530081708,0.8397482946937163,88.2,0.8515167182046919,14.7,0,0,0.1153846153846154,0.8174867813901286,0.6304108954475643,0.8664988324872602,0.7871914495325427,0.13802661983016634
Bispo Bruno Leonardo,0.1062000552626019,0.8405563247569714,Nonprofits & Activism,Bispo Bruno Leonardo,0.6733853436103533,Brazil,Nonprofit,29.0,0.827265205454098,0.8098150417401306,0.8029359086062672,51.3,0.8069853740217376,12.08,0,0,0.1153846153846154,0.6893530063390736,0.5585598896175432,0.834352840535706,0.8326655367243903,0.07955689286137806
DeToxoMoroxo,0.10421629460551696,0.82451005532562,Entertainment,de toxomoroxo,0.05494238558786014,Unknown,Music,-1.0,0.7885997468573448,0.0,0.7573396995666664,68.0,0.8515167182046919,9.02,1,1,0.1153846153846154,0.6363074024342356,0.89298946232978,0.0,0.7871914495325427,0.04024779389548267
Doggy Doggy Cartoons,0.10421629460551696,0.8640780539977766,Entertainment,Doggy Doggy Cartoons,0.0,Unknown,Entertainment,-1.0,0.7885997468573448,0.0,0.7573396995666664,68.0,0.8515167182046919,9.02,1,1,0.07692307692307693,0.7691751713611266,0.0,0.0,0.7871914495325427,0.04024779389548267
deepesh zo,0.10421629460551696,0.8679150106720779,People & Blogs,deepesh zo,0.2962667830544469,Unknown,People,-1.0,0.0,0.0,0.0,68.0,0.8515167182046919,9.02,0,1,0.019230769230769232,0.7820860656946864,0.7862097294287276,0.0025887146234688106,0.7871914495325427,1.260099977520158e-07
Like Nastya IDN,0.10421629460551696,0.8678558146540324,Entertainment,Like Nastya IDN,0.493075746818413,Indonesia,Entertainment,19.0,0.7702186432223213,0.7336835113738485,0.7117436549793702,36.3,0.831576842304121,4.69,0,0,0.057692307692307696,0.7818868545845034,0.682405221625261,0.7690406839920263,0.46706707203478764,0.02018339735246579
Gato Galactico | GALï¿½ï¿,0.10421629460551696,0.8423602851520593,Film & Animation,Gato Galactico | GALï¿½ï¿,0.5792593195335423,Brazil,Entertainment,30.0,0.7715673216033336,0.7355041045147098,0.7117436549793702,51.3,0.8069853740217376,12.08,0,0,0.17307692307692307,0.6961716038690463,0.6097100434572221,0.7689356210844656,0.8326655367243903,0.02018339735246579
Salman Noman,0.10222069053178817,0.8819158276636611,Entertainment,salman Noman,0.10988477117572028,Unknown,Entertainment,-1.0,0.06325628346498768,0.001799559070553808,0.11214116266422156,68.0,0.8515167182046919,9.02,0,1,0.0,0.8299894213821002,0.9096663654058016,0.014730619351375183,0.7871914495325427,1.9600448209940243e-06
CoryxKenshin,0.10222069053178817,0.8673618791987973,Gaming,CoryxKenshin,0.589324014009537,United States,Games,135.0,0.8111789572342331,0.7883558329182236,0.7573396995666664,88.2,0.8515167182046919,14.7,0,0,0.25000000000000006,0.7809928650343453,0.6315264148722367,0.8149628577817576,0.7871914495325427,0.0404873701943748
With Kids[ï¿½ï¿½ï¿½ï¿½ï,0.10222069053178817,0.8756671752025867,Entertainment,With Kids[ï¿½ï¿½ï¿½ï¿½ï,0.541020821614721,United States,Entertainment,135.0,0.7731697783326175,0.7376392855237885,0.7117436549793702,88.2,0.8515167182046919,14.7,0,0,0.19230769230769235,0.8089486312828995,0.6657785330179746,0.7714451754384597,0.7871914495325427,0.020303896417070554
Travis Scott,0.10222069053178817,0.8718124103137116,Music,Travis Scott,0.2091851621975261,United States,Music,1920.0,0.4490995482414842,0.30545525377063726,0.7573396995666664,88.2,0.8515167182046919,14.7,1,0,0.23076923076923078,0.7959718409843348,0.8379985876099436,0.39429082619295197,0.7871914495325427,0.0404873701943748
Tu COSMOPOLIS,0.10222069053178817,0.8546145799427107,People & Blogs,Tu COSMOPOLIS,0.7194017328789127,Mexico,People,19.0,0.7256776002627666,0.674313167843043,0.7573396995666664,40.2,0.7534040881753246,3.42,1,0,0.15384615384615385,0.738114212915633,0.5497402985232188,0.7160575869556389,0.7748388684508181,0.0404873701943748
Ivana Alawi,0.10021310077688117,0.8029682652427825,Entertainment,Ivana Alawi,0.4120594245776525,Philippines,People,5.0,0.7225777125784173,0.6701196354732697,0.7117436549793702,35.5,0.7377053780779417,2.15,0,0,0.07692307692307693,0.5658703604019065,0.6546032912879646,0.7124532846779976,0.3588082429858545,0.020425842930862304
Werever2morro,0.10021310077688117,0.8317436539988216,Entertainment,werever2morro,0.0,Mexico,Games,4248.0,0.7885997468573448,0.0,0.7573396995666664,40.2,0.7534040881753246,3.42,1,0,0.23076923076923078,0.6620825823344685,0.0,0.0,0.7748388684508181,0.040729815772771315
IDEAS EN 5 MINUTOS,0.10021310077688117,0.8423931340849552,Howto & Style,Ideas En 5 Minutos,0.4264381405728957,Spain,Entertainment,2753.0,0.47437684695875537,0.33923635501830657,0.7573396995666664,88.9,0.6524974609911891,13.96,1,0,0.09615384615384616,0.6978196337312931,0.6897521175187667,0.42309549824005666,0.7642133296961922,0.040729815772771315
NMF News,0.10021310077688117,0.8691097165336032,News & Politics,NMF News,0.9217414890055058,India,News,91.0,0.7849825891829425,0.7533965367030172,0.7117436549793702,28.1,0.9976791355194754,5.36,0,0,0.17307692307692307,0.787647948041203,0.45972102726052044,0.7841779085624744,0.2050100546163604,0.020425842930862304
SriBalajiMovies,0.10021310077688117,0.878237598534986,Entertainment,SriBalajiMovies,0.7854081704685208,India,Entertainment,91.0,0.8286198051258371,0.8116199332793709,0.7573396995666664,28.1,0.9976791355194754,5.36,0,0,0.21153846153846156,0.818376452300531,0.5408369179589985,0.8357986341304877,0.2050100546163604,0.040729815772771315
Lahari Music - TSeries,0.10021310077688117,0.8872414366148874,Music,Lahari Music - TSeries,0.7215043789054094,India,Music,91.0,0.8035919011309895,0.7782183940336335,0.7117436549793702,28.1,0.9976791355194754,5.36,0,0,0.21153846153846156,0.8487000602271546,0.5839782548415863,0.807015210736069,0.2050100546163604,0.020425842930862304
Younes Zarou,0.10021310077688117,0.8966494046240056,Entertainment,Younes Zarou,0.6100771414708882,Germany,Entertainment,4.0,0.8919545886287542,0.8968816510192725,0.8562801545677377,70.2,0.7107756735715793,3.04,0,0,0.019230769230769232,0.8803953192605479,0.6523980833448026,0.9092540621586209,0.7255241714245431,0.17956155531464965
Jordan Matter,0.10021310077688117,0.8597413562419474,Entertainment,Jordan Matter,0.477640912521961,United States,Entertainment,136.0,0.8403101461320068,0.8272146852814628,0.7840117585933823,88.2,0.8515167182046919,14.7,0,0,0.3076923076923077,0.7561269927221665,0.6816986456034776,0.8496228001425102,0.7871914495325427,0.060913289550075564
ýýýýýýýý ýýýýýýýýýýýýýýýýýýýýýý,0.09819338049742576,0.8265196243369929,Entertainment,ýýýýýýýý ýýýýýýýýýýýýýýýýýýýýýý,0.47915799437592443,United States,Entertainment,137.0,0.7397162852444628,0.6929939688636391,0.7573396995666664,88.2,0.8515167182046919,14.7,0,0,0.15384615384615385,0.6453466340194897,0.6449231821996833,0.7348042534119965,0.7871914495325427,0.040975182487607856
FailArmy,0.09819338049742576,0.8348773078675497,Comedy,FailArmy,0.4822884983709082,United States,Entertainment,137.0,0.8144742676018724,0.7927402302973277,0.7117436549793702,88.2,0.8515167182046919,14.7,0,0,0.21153846153846156,0.6733680482454814,0.6523356361767472,0.8190622450719739,0.7871914495325427,0.020549263131907098
BBC News Hindi,0.09819338049742576,0.8670389749382796,News & Politics,BBC News Hindi,0.7897840359778494,India,News,92.0,0.8212947400406365,0.8018452975131845,0.7840117585933823,28.1,0.9976791355194754,5.36,0,0,0.25000000000000006,0.7814565578972158,0.5264219066470913,0.8272582603383821,0.2050100546163604,0.06127915532951686
FunFun Toy Doll TV,0.09819338049742576,0.8689604257949592,Entertainment,FunFun Toy Doll TV,0.52324721315956,United States,Entertainment,137.0,0.7444972475977479,0.6993736365257325,0.7573396995666664,88.2,0.8515167182046919,14.7,1,0,0.1153846153846154,0.7879230872675189,0.6678120769166546,0.7393640122705532,0.7871914495325427,0.040975182487607856
Sandra Cires Art,0.09616138220849368,0.8449769619903104,Howto & Style,Sandra Cires Art,0.5545201544810474,United States,Entertainment,138.0,0.7307282399020427,0.6810001780088007,0.7573396995666664,88.2,0.8515167182046919,14.7,1,0,0.21153846153846156,0.7080544470069433,0.6254794482194393,0.7219232335535306,0.7871914495325427,0.04122352345303397
Kaykai Salaider,0.09616138220849368,0.8493500260831385,Comedy,Kaykai Salaider,0.48046203260166676,Thailand,Entertainment,9.0,0.7007260892390689,0.6410399175591409,0.7573396995666664,49.3,0.6926046031024118,0.75,1,0,0.21153846153846156,0.7227477950254932,0.6689668389995198,0.6870477647329667,0.40179214608484853,0.04122352345303397
UFC - Ultimate Fighting Championship,0.09616138220849368,0.8675383388939543,Sports,UFC - Ultimate Fighting Championship,0.7603967203238933,United States,Sports,138.0,0.8219871121942409,0.8027663519048517,0.7117436549793702,88.2,0.8515167182046919,14.7,0,0,0.3076923076923077,0.7839193305050963,0.5423172849192545,0.8280960280879435,0.7871914495325427,0.020674183896288414
Ch7HD,0.09616138220849368,0.8783322137750758,Entertainment,Ch7HD,0.8669021230222522,Thailand,Entertainment,9.0,0.8029439785383203,0.7773572696771801,0.7117436549793702,49.3,0.6926046031024118,0.75,0,0,0.23076923076923078,0.8202557186540848,0.4983608741032684,0.8057329178425717,0.40179214608484853,0.020674183896288414
RCTI - LAYAR DRAMA INDONESIA,0.09616138220849368,0.8918556266561488,Entertainment,RCTI - LAYAR DRAMA INDONESIA,0.05494238558786014,Unknown,People,-1.0,0.7885997468573448,0.0,0.7573396995666664,68.0,0.8515167182046919,9.02,1,1,0.038461538461538464,0.8658054633687838,0.9659283975729536,0.0,0.7871914495325427,0.04122352345303397
Alfredo Larin,0.09616138220849368,0.8944690701339477,Entertainment,Alfredo Larin,0.05494238558786014,Unknown,Entertainment,-1.0,0.0,0.0,0.7573396995666664,68.0,0.8515167182046919,9.02,1,1,0.13461538461538464,0.874610592797675,0.968758899725104,0.0025887146234688106,0.7871914495325427,0.04122352345303397
GMMTV OFFICIALï¿½ï¿½,0.09616138220849368,0.8900134620957829,Entertainment,GMMTV OFFICIALï¿½ï¿½,0.7992973607798757,Thailand,Entertainment,9.0,0.8360727228790971,0.8215610883225826,0.7573396995666664,49.3,0.6926046031024118,0.75,0,0,0.23076923076923078,0.859599338608681,0.5463339298253399,0.8443803844522634,0.40179214608484853,0.04122352345303397
Matt Stonie,0.09411695571897916,0.8406002340400845,Entertainment,MattStonie,0.3176416946025925,United States,Entertainment,1874.0,0.43836360818711917,0.2914656054234879,0.7573396995666664,88.2,0.8515167182046919,14.7,1,0,0.23076923076923078,0.6941409656911628,0.7452207333777274,0.3809206188054855,0.7871914495325427,0.041474893078745564
Boyce Avenue,0.09411695571897916,0.864430785540734,Music,Boyce Avenue,0.49116180818609767,United States,Music,139.0,0.7520828673752045,0.7094766201123026,0.7573396995666664,88.2,0.8515167182046919,14.7,1,0,0.2884615384615385,0.7742490926038292,0.6796977011776771,0.7474978670449484,0.7871914495325427,0.041474893078745564
Camila Cabello,0.09411695571897916,0.8646313268925618,Music,Camila Cabello,0.3483264834276833,United States,Music,139.0,0.770077817096849,0.7335055507288736,0.7117436549793702,88.2,0.8515167182046919,14.7,0,0,0.13461538461538464,0.7749238772032588,0.7549706993774674,0.7662901142134566,0.7871914495325427,0.020800632757618696
Little Mix,0.09411695571897916,0.8695446826892725,Music,Little Mix,0.44635860567707136,United Kingdom,Music,22.0,0.7654720997337265,0.7273598913806242,0.7573396995666664,60.0,0.6884115861487217,3.85,1,0,0.21153846153846156,0.7914590221982447,0.7087084926725691,0.7637441839693658,0.8016649953515966,0.041474893078745564
SAM SMITH,0.09411695571897916,0.8810873100763267,Music,SAM SMITH,0.43139382337259224,United Kingdom,Entertainment,22.0,0.8019032061832109,0.7759713699150776,0.7573396995666664,60.0,0.6884115861487217,3.85,1,0,0.19230769230769235,0.8303211012720695,0.7290592584059906,0.8044506325231743,0.8016649953515966,0.041474893078745564
Pitbull,0.09411695571897916,0.888899748020253,Music,Pitbull,0.4650062195485175,United States,Music,139.0,0.8030722272261298,0.7775304717172309,0.7573396995666664,88.2,0.8515167182046919,14.7,1,0,0.3076923076923077,0.8566353274615215,0.7198972324100867,0.8057234825336994,0.7871914495325427,0.041474893078745564
Bollywood Classics,0.09411695571897916,0.8675705005591179,Entertainment,Bollywood Classics,0.5767221876966401,India,Music,93.0,0.8278515397559629,0.8105936923680205,0.7840117585933823,28.1,0.9976791355194754,5.36,0,0,0.21153846153846156,0.7848146286076679,0.6383405305306942,0.8350880254434617,0.2050100546163604,0.06202423263549113
Technoblade,0.09411695571897916,0.8116950066441407,Gaming,Technoblade,0.5467473219042943,United States,Games,138.0,0.7305151348834129,0.6807463355156431,0.7573396995666664,88.2,0.8515167182046919,14.7,0,0,0.17307692307692307,0.5973082595797805,0.5934981917105082,0.7216806745105897,0.7871914495325427,0.041474893078745564
W2S,0.09411695571897916,0.8521240982354816,Gaming,W2S,0.5137629061211533,United Kingdom,Entertainment,22.0,0.6500858026458257,0.5733396078334927,0.7573396995666664,60.0,0.6884115861487217,3.85,1,0,0.19230769230769235,0.7328580088361036,0.6545397511616388,0.6281739538548646,0.8016649953515966,0.041474893078745564
Jennifer Lopez,0.09205994806498641,0.8813009321435532,Music,Jennifer Lopez,0.4404625721260274,United States,Music,140.0,0.7881388868466803,0.7576174146031153,0.7573396995666664,88.2,0.8515167182046919,14.7,1,0,0.3269230769230769,0.8318329850636972,0.7245331011007204,0.7878382698355121,0.7871914495325427,0.04172934710972856
Kids Play,0.09205994806498641,0.8723452142417696,Entertainment,Kids Play,0.5062566740646282,United States,Entertainment,140.0,0.7472818081518698,0.7030681390248619,0.7573396995666664,88.2,0.8515167182046919,14.7,1,0,0.07692307692307693,0.8016780045772498,0.6803683399204608,0.7391469862188761,0.7871914495325427,0.04172934710972856
T3ddy,0.09205994806498641,0.834280021339409,Comedy,T3ddy,0.5997034157528108,Brazil,People,31.0,0.7583358835618079,0.7178633421749018,0.7117436549793702,51.3,0.8069853740217376,12.08,0,0,0.19230769230769235,0.673718072411833,0.5902711441339675,0.7545736984671932,0.8326655367243903,0.020928637927271412
JJ Olatunji,0.09205994806498641,0.8461316337031699,Gaming,JJ Olatunji,0.5680348408226145,United Kingdom,Entertainment,23.0,0.7505040709036565,0.7073780258273337,0.7117436549793702,60.0,0.6884115861487217,3.85,0,0,0.21153846153846156,0.7135097406884904,0.6196631861083707,0.7434277084547017,0.8016649953515966,0.020928637927271412
POPS Kids,0.09205994806498641,0.8795269383074729,Music,POPS Kids,0.6563111812764025,Vietnam,Film,2.0,0.8519259321234108,0.8410973129192562,0.7573396995666664,28.5,0.7260160918093717,2.01,0,0,0.15384615384615385,0.8258587589531345,0.6096897602919736,0.862748755005235,0.2311667842305563,0.04172934710972856
Thairath Online,0.09205994806498641,0.894817242326861,News & Politics,Thairath Online,0.9835694250597999,Thailand,News,10.0,0.845856203321136,0.8346152203895769,0.7117436549793702,49.3,0.6926046031024118,0.75,0,0,0.23076923076923078,0.8773645074648317,0.4552609146169837,0.8558587208399183,0.40179214608484853,0.020928637927271412
LEGO,0.09205994806498641,0.9079315032434238,Entertainment,LEGO,0.8219829475962166,Singapore,Entertainment,1.0,0.8161486402855673,0.7949754780708806,0.7573396995666664,84.8,0.4361867793656149,4.11,0,0,0.3269230769230769,0.9215590021939958,0.5538873870491069,0.8209913943993488,1.0,0.04172934710972856
XO TEAM,0.09205994806498641,0.8953929618407813,People & Blogs,XO TEAM Family,0.4159059256773445,United States,People,1776.0,0.44944749982721355,0.3062563265021735,0.4088729976953693,88.2,0.8515167182046919,14.7,0,0,0.038461538461538464,0.8793043427695301,0.7526837444033915,0.3942593843402505,0.7871914495325427,0.0002098495250147312
AdMe,0.09205994806498641,0.849812828030987,Entertainment,Aday Cï¿½ï¿½ï¿½ï¿½ï,0.19006942590600553,Spain,Music,4228.0,0.04181012914526307,0.0012055968060015244,0.7573396995666664,88.9,0.6524974609911891,13.96,1,0,0.3076923076923077,0.7258800237139411,0.8250370942410463,0.008781885746360485,0.7642133296961922,0.04172934710972856
ExtraPolinesios,0.09205994806498641,0.852481326684132,People & Blogs,Extra polinesios,0.08708162085692081,Unknown,People,-1.0,0.25293592608328663,0.06688422937232245,0.0,68.0,0.8515167182046919,9.02,0,1,0.13461538461538464,0.7348499479264855,0.8945786650866016,0.16636344367258882,0.7871914495325427,1.3350758404684188e-07
Dyland PROS,0.08999020344114328,0.8083483797021312,Entertainment,Dyland PROS,0.6293265284288185,Indonesia,Games,21.0,0.702064272994383,0.6428046511151421,0.7573396995666664,36.3,0.831576842304121,4.69,1,0,0.13461538461538464,0.587710090384735,0.5467022186678769,0.6885901124463905,0.46706707203478764,0.041986942667474644
Live,0.08999020344114328,0.0,Entertainment,Live,0.0,Unknown,Entertainment,-1.0,0.7885997468573448,0.0,0.7573396995666664,68.0,0.8515167182046919,9.02,1,1,0.13461538461538464,0.0,0.0,0.0,0.7871914495325427,0.041986942667474644
Vlad and Niki ARA,0.08999020344114328,0.8689247239394212,Entertainment,Vlad and Niki ARA,0.49432650424485813,United States,Entertainment,141.0,0.756926726552749,0.7159438541374065,0.7117436549793702,88.2,0.8515167182046919,14.7,0,0,0.057692307692307696,0.7909612516379834,0.6829081462272972,0.7510290867106696,0.7871914495325427,0.021058228315364774
Canal IN,0.08999020344114328,0.8301984025117845,People & Blogs,Canal IN,0.5219441957533727,Brazil,Entertainment,32.0,0.7185399561826705,0.6647397575024319,0.7573396995666664,51.3,0.8069853740217376,12.08,1,0,0.09615384615384616,0.6608223712007699,0.6265124024755959,0.7077555386562189,0.8326655367243903,0.041986942667474644
TWICE,0.08999020344114328,0.8543604845391825,Music,TWICE,0.5568095585973367,Unknown,Music,-1.0,0.8083153284452764,0.7845318123762932,0.7117436549793702,68.0,0.8515167182046919,9.02,0,1,0.1153846153846154,0.7419639307547409,0.6344451105408088,0.8116820584351743,0.7871914495325427,0.021058228315364774
Daily Dose Of Internet,0.08999020344114328,0.8661017778167444,Entertainment,Daily Dose Of Internet,0.5160363254058875,United States,Entertainment,140.0,0.8721374210547148,0.8697114161720434,0.7840117585933823,88.2,0.8515167182046919,14.7,0,0,0.13461538461538464,0.7814605413242758,0.6684887735752254,0.886382793110775,0.7871914495325427,0.0627876518499318
FitDance,0.08999020344114328,0.8674868092670917,Music,Fitdance Academy,0.2962667830544469,France,Entertainment,3726.0,0.27229232533032705,0.0843985007113925,0.060275127145557834,65.6,0.6887567570806092,8.43,0,0,0.3076923076923077,0.7861217089417919,0.7857459639017903,0.19013479535022348,0.7659603334546152,7.685204850329375e-07
Panda Shorts,0.08999020344114328,0.8676449057622498,Entertainment,Panda Shorts,0.5155630994795677,Sweden,Sports,2.0,0.8803385859032259,0.8801737653739591,0.9354794353805942,67.0,0.4966149903345538,6.48,0,0,0.038461538461538464,0.7866537893823207,0.6704076766265825,0.8960564325483776,0.8508726450814801,0.5811094342101965
Disney Junior,0.08999020344114328,0.897961398652965,Entertainment,Disney Junior,0.6583350811975791,United States,Entertainment,140.0,0.853737549636114,0.8468998530081708,0.7840117585933823,88.2,0.8515167182046919,14.7,0,0,0.2692307692307693,0.8887566607291796,0.6285976103879664,0.8648633857685272,0.7871914495325427,0.0627876518499318
La Rosa de Guadalupe,0.08999020344114328,0.879048335641371,Entertainment,larosadeguadalupe,0.0,Mexico,Games,4258.0,0.7885997468573448,0.0,0.7573396995666664,40.2,0.7534040881753246,3.42,1,0,0.2692307692307693,0.825044357753362,0.0,0.0,0.7748388684508181,0.041986942667474644
sagar kalra (Shorts),0.08790756312979564,0.8642256577271122,People & Blogs,sagar kalra (Shorts),0.4849516303986811,Unknown,People,-1.0,0.7952020200102283,0.7670227311004513,0.7573396995666664,68.0,0.8515167182046919,9.02,0,1,0.09615384615384616,0.7759489442005132,0.6827269958875395,0.7976087555536299,0.7871914495325427,0.042247738292733136
wifistudy,0.08790756312979564,0.8346344673544279,Education,wifistudy by Unacademy,0.8609604399786819,India,Education,94.0,0.7201158494689572,0.6667999928005736,0.7573396995666664,28.1,0.9976791355194754,5.36,1,0,0.15384615384615385,0.6765009909341226,0.45413864614268,0.7095858867527353,0.2050100546163604,0.042247738292733136
Antrax,0.08790756312979564,0.8347841874156754,Gaming,Antrax,0.5179014728060986,Mexico,Games,23.0,0.6693658334449873,0.5991669752121246,0.7573396995666664,40.2,0.7534040881753246,3.42,1,0,0.13461538461538464,0.6770033581254238,0.6335942158311993,0.6505728393184746,0.7748388684508181,0.042247738292733136
Enes Batur,0.08790756312979564,0.8796169165321394,Gaming,enesbatur,0.0,Unknown,Games,-1.0,0.7885997468573448,0.0,0.11786491564864038,68.0,0.8515167182046919,9.02,0,1,0.2884615384615385,0.8277613742432828,0.0,0.0,0.7871914495325427,2.2616967856072595e-06
Totoy kids - Espaï¿½ï,0.08790756312979564,0.8608939533162006,Film & Animation,Totoy kids - Espaï¿½ï,0.4631891747737671,Mexico,Film,23.0,0.8142341519584833,0.7924295802998447,0.7573396995666664,40.2,0.7534040881753246,3.42,0,0,0.09615384615384616,0.7647393097652274,0.6905174888932166,0.8190811124156443,0.7748388684508181,0.042247738292733136
ýýýýýýýýýý,0.08581186542796182,0.8158238315405104,People & Blogs,Kung Fu Padla,0.0,Russia,Games,3309.0,0.7885997468573448,0.0,0.11214116266422156,81.9,0.7673429455374423,4.59,0,0,0.09615384615384616,0.6142835075929495,0.0,0.0,0.6916878398408963,2.0625086710091873e-06
DopeLyrics,0.08581186542796182,0.8802968912560688,Music,DopeLyrics,0.6039004314644791,United States,Music,142.0,0.7034472403779555,0.6446732098216038,0.7573396995666664,88.2,0.8515167182046919,14.7,1,0,0.1153846153846154,0.8308586608795208,0.6379160310240262,0.690207933469454,0.7871914495325427,0.04251179398986619
jeffreestar,0.08581186542796182,0.829070942265818,Howto & Style,jeffreestar,0.48138052616075583,United States,Howto,142.0,0.6305351827736421,0.5471539866919692,0.7573396995666664,88.2,0.8515167182046919,14.7,1,0,0.3076923076923077,0.658644713275833,0.6465224944174071,0.6054411595445381,0.7871914495325427,0.04251179398986619
Lyna,0.08581186542796182,0.864171256259328,Gaming,Lyna,0.6736280168498727,Argentina,Games,12.0,0.7885997468573448,0.7582141691411056,0.7573396995666664,90.0,0.6477339965887814,9.79,0,0,0.15384615384615385,0.7765725664544182,0.5840093119679516,0.7896573497445742,0.9028343046354779,0.04251179398986619
MK MUSIC,0.08581186542796182,0.8772492652722444,Music,MK MUSIC,0.6767790871814018,Brazil,Music,33.0,0.8230636072166855,0.8042116550635653,0.7117436549793702,51.3,0.8069853740217376,12.08,0,0,0.23076923076923078,0.8205956720364894,0.5965268645188475,0.8288894221381494,0.8326655367243903,0.021322284012497836
Unspeakable,0.08581186542796182,0.8766349088506992,Gaming,Unspeakable,0.5295586624503437,United States,People,142.0,0.8317243708800541,0.8157635858009733,0.7573396995666664,88.2,0.8515167182046919,14.7,0,0,0.1153846153846154,0.8185269723349367,0.6728221674958372,0.8392578549303792,0.7871914495325427,0.04251179398986619
Camilo,0.08581186542796182,0.8657085271192553,Music,Camilo,0.38763404800256335,Colombia,Music,8.0,0.7855105763040179,0.7541121834916102,0.7117436549793702,55.3,0.6593647803372147,9.71,0,0,0.23076923076923078,0.7817456433039551,0.7353988251481077,0.7861226069261971,0.7707525062637044,0.021322284012497836
Dear Sir,0.08370294557199909,0.8038525514907656,Education,Dear Sir,0.5114223521764474,India,Education,95.0,0.7438905250628691,0.6985564427714328,0.7573396995666664,28.1,0.9976791355194754,5.36,0,0,0.1153846153846154,0.5751115542783253,0.6034837909520719,0.73940637025394,0.2050100546163604,0.04277917127287798
Narendra Modi,0.08370294557199909,0.8391114774693339,News & Politics,Narendra Modi,0.787651213837075,India,News,96.0,0.8372123120015221,0.8230858752788532,0.8397482946937163,28.1,0.9976791355194754,5.36,0,0,0.2884615384615385,0.6931421824536914,0.49728939568526775,0.845578086132839,0.2050100546163604,0.14743066984614348
Arif muhammad,0.08370294557199909,0.8465601325818225,People & Blogs,Arif muhammad,0.49914104543457327,Indonesia,Comedy,22.0,0.7938311354490122,0.7652077608733402,0.7117436549793702,36.3,0.831576842304121,4.69,0,0,0.09615384615384616,0.7181616041185437,0.6561658822516208,0.7944804111689084,0.46706707203478764,0.02145681083554169
Rotten Tomatoes Trailers,0.08370294557199909,0.8908143890618212,Film & Animation,Rotten Tomatoes Trailers,0.7334869156189403,United States,Film,143.0,0.7469743692930033,0.7027145268408133,0.7117436549793702,88.2,0.8515167182046919,14.7,0,0,0.21153846153846156,0.8670988840775955,0.581586912935443,0.7391706190541584,0.7871914495325427,0.02145681083554169
Volga Video,0.08158063565986584,0.87962122411695,Film & Animation,Volga Video,0.7715339373571104,India,Entertainment,97.0,0.7784595715988349,0.7447062543900913,0.7573396995666664,28.1,0.9976791355194754,5.36,1,0,0.19230769230769235,0.8302132440844078,0.5495845728670553,0.778270655220694,0.2050100546163604,0.043049933213191914
DM - Desi Melodies,0.08158063565986584,0.8603576908686568,Music,DM - Desi Melodies,0.3473418110480275,India,Music,97.0,0.8248527500859978,0.8065968581683726,0.7840117585933823,28.1,0.9976791355194754,5.36,0,0,0.09615384615384616,0.765370058542636,0.7508630414501742,0.8313049576490267,0.2050100546163604,0.0643722936505282
MY FAMILY,0.08158063565986584,0.8618751583774611,Entertainment,My Family,0.3976952242289928,Singapore,People,1203.0,0.5959298838174867,0.5018403767836905,0.394210670978214,84.8,0.4361867793656149,4.11,0,0,0.057692307692307696,0.7704753864681583,0.7259531308180558,0.5652051774190705,1.0,0.00017321370026676658
Team Films Bhojpuri,0.08158063565986584,0.8647072286381509,Music,Team Films Bhojpuri,0.7838191114084001,India,Music,97.0,0.7550839804658018,0.7135180286907977,0.7573396995666664,28.1,0.9976791355194754,5.36,1,0,0.15384615384615385,0.7800048933902228,0.5270130845891884,0.7511724972333845,0.2050100546163604,0.043049933213191914
Zee Music Classic,0.08158063565986584,0.8579836635701189,Music,Zee Music Classic,0.5868044311578646,India,Music,97.0,0.8022592848248049,0.7764485890102474,0.7117436549793702,28.1,0.9976791355194754,5.36,0,0,0.15384615384615385,0.757384027605982,0.6226864689865097,0.8044230103182816,0.2050100546163604,0.021593045952811765
Prime Video India,0.08158063565986584,0.8751019636964393,Entertainment,Prime Video India,0.7028105454436663,United States,Entertainment,144.0,0.8640828502320002,0.8570702056221131,0.8752043411258481,88.2,0.8515167182046919,14.7,0,0,0.1153846153846154,0.8149951018567735,0.5805985569793561,0.8770617007253474,0.7871914495325427,0.2504864977554533
Caeli YT,0.07944476457091021,0.8082008571804037,Entertainment,Caeli YT,0.4900236229877314,Mexico,Entertainment,24.0,0.7874942242628975,0.0,0.7573396995666664,40.2,0.7534040881753246,3.42,1,0,0.23076923076923078,0.5912445630058626,0.6193935039362135,0.0,0.7748388684508181,0.04332414448925393
Kuplinov ï¿½ï¿½ï¿,0.07944476457091021,0.8660451351074715,Gaming,Kuplinov ï¿½ï¿½ï¿,0.6974104548734016,Unknown,Games,-1.0,0.8082875871761469,0.784485544740127,0.7573396995666664,68.0,0.8515167182046919,9.02,0,1,0.19230769230769235,0.7853296159668374,0.5736112672624142,0.8116844680317974,0.7871914495325427,0.04332414448925393
Linus Tech Tips,0.07944476457091021,0.8677337753571939,Science & Technology,Linus Tech Tips,0.6964352054348281,Canada,Tech,7.0,0.8031861541050773,0.7776859333674151,0.7117436549793702,68.9,0.6277908648360833,5.56,0,0,0.2692307692307693,0.7910129810901343,0.5759497612558256,0.8057140455466508,0.7912996805529158,0.021731022111603708
Juliana Baltar,0.07944476457091021,0.8441367348026942,Entertainment,Juliana Baltar,0.6032750624831743,Brazil,Entertainment,34.0,0.7826234646063975,0.7502575413514851,0.7117436549793702,51.3,0.8069853740217376,12.08,0,0,0.23076923076923078,0.7116558065085197,0.5990795096403995,0.7823019371887201,0.8326655367243903,0.021731022111603708
5-Minute Crafts FAMILY,0.07944476457091021,0.8619512777299351,People & Blogs,5-Minute Crafts FAMILY,0.6621595135947108,United States,Howto,145.0,0.7497996438521002,0.7064401172390852,0.7573396995666664,88.2,0.8515167182046919,14.7,1,0,0.07692307692307693,0.7715535555712943,0.5875981026281856,0.7434843734883732,0.7871914495325427,0.04332414448925393
Blippi Espaï¿½ï,0.07729515788306962,0.8763454079420722,People & Blogs,Blippi Espaï¿½ï,0.5069210962887356,Mexico,Education,24.0,0.8041016678360533,0.7788986299278087,0.7117436549793702,40.2,0.7534040881753246,3.42,0,0,0.09615384615384616,0.8208326939397951,0.6843530509478308,0.8069757280763875,0.7748388684508181,0.021870772901601665
Super Senya,0.07729515788306962,0.8544767365920887,Entertainment,Super Senya,0.0,Unknown,Entertainment,-1.0,0.7885997468573448,0.0,0.7573396995666664,68.0,0.8515167182046919,9.02,1,1,0.09615384615384616,0.7472381223491869,0.0,0.0,0.7871914495325427,0.04360187143804383
Katakit Baby TV,0.07729515788306962,0.8632949154136579,Music,Katakit Baby TV,0.4278859453387669,Saudi Arabia,Music,4.0,0.8045566426542209,0.7795211523604915,0.7573396995666664,68.0,0.6199535637573586,5.93,0,0,0.23076923076923078,0.7769020137278642,0.7116299978487768,0.8082415388575217,0.8066755444381477,0.04360187143804383
Infobells Bangla,0.07729515788306962,0.8708269438271542,Education,Infobells Bangla,0.46656266717400907,India,Education,98.0,0.8325451673934182,0.8168612217422012,0.7840117585933823,28.1,0.9976791355194754,5.36,0,0,0.1153846153846154,0.8022526797760321,0.6995079286332909,0.8406089972277809,0.2050100546163604,0.06519499381569406
ýýýýýýýý ýý ýýýýýýýý,0.07729515788306962,0.8731560625709168,Shows,ýýýýýýýý ýý ýýýýýýýý,0.5492688898327183,Saudi Arabia,Film,4.0,0.8226090272999237,0.803594825703241,0.7840117585933823,68.0,0.6199535637573586,5.93,0,0,0.09615384615384616,0.8100939384763194,0.658745125371961,0.8289251260016152,0.8066755444381477,0.06519499381569406
Henrique e Juliano,0.07729515788306962,0.8949631557625426,Music,Henrique e Juliano,0.4586990414179878,Brazil,Music,35.0,0.8313863536025712,0.8153096314383852,0.7573396995666664,51.3,0.8069853740217376,12.08,1,0,0.25000000000000006,0.8835471247137264,0.7297692293314396,0.8392843583817253,0.8326655367243903,0.04360187143804383
Mr DegrEE,0.07729515788306962,0.8901203511343728,Science & Technology,MrDegree,0.0,United States,Entertainment,5048.0,0.7885997468573448,0.0,0.11214116266422156,88.2,0.8515167182046919,14.7,0,0,0.1153846153846154,0.8672301568656386,0.0,0.0,0.7871914495325427,2.1177069373185366e-06
Kashvi Adlakha,0.07729515788306962,0.8896236142286996,Entertainment,Kashvi Adlakha,0.5810453550991308,India,Entertainment,99.0,0.8239695710524503,0.8054159369078675,0.7573396995666664,28.1,0.9976791355194754,5.36,0,0,0.09615384615384616,0.8655566256166608,0.6599650493375048,0.8305344609958383,0.2050100546163604,0.04360187143804383
Talking Tom & Friends,0.07729515788306962,0.8633534143279726,Entertainment,Talking Tom & Friends,0.4784030828867631,United States,Film,146.0,0.7497879774593948,0.7064401172390852,0.7573396995666664,88.2,0.8515167182046919,14.7,1,0,0.23076923076923078,0.7770988607866061,0.6852115384570788,0.7434843734883732,0.7871914495325427,0.04360187143804383
ýýýýýýýý ýýýýýýýýýýýýýý ýýýý 5 ýýýýýýýýýý,0.07729515788306962,0.8499076566263879,Howto & Style,ýýýýýýýý ýýýýýýýýýýýýýý ýýýý 5 ýýýýýýýýýý,0.6779807969548441,Egypt,Howto,1.0,0.7581988509119816,0.7176787167486351,0.7117436549793702,35.2,0.7301044827175307,10.76,0,0,0.09615384615384616,0.7318758973725208,0.5662864647583711,0.7545843019557946,0.3051966511773147,0.021870772901601665
Harsh Beniwal,0.07513163778740051,0.8144719221075452,Comedy,Harsh Beniwal,0.4052022601627356,India,Comedy,100.0,0.7507577020473297,0.7077600626920632,0.7117436549793702,28.1,0.9976791355194754,5.36,0,0,0.13461538461538464,0.6138481746800297,0.6706657694519735,0.7434058980867948,0.2050100546163604,0.022012332782140605
FFUNTV,0.07513163778740051,0.8858314924725045,Gaming,FFUNTV,0.4708483112652047,United Arab Emirates,Entertainment,6.0,0.7988191709859642,0.7718609739445667,0.7573396995666664,36.8,0.4913514420929608,2.35,0,0,0.07692307692307693,0.8536153754814664,0.7135135248332024,0.8003887604372675,0.839723239933911,0.04388318210858073
Mobile Legends: Bang Bang,0.07513163778740051,0.808997160824907,Gaming,Mobile Legends: Bang Bang,0.5871418325493711,United States,Games,147.0,0.7819291110377224,0.7493301341710452,0.7117436549793702,88.2,0.8515167182046919,14.7,0,0,0.1153846153846154,0.5955511653834664,0.56945505450204,0.7823564073309994,0.7871914495325427,0.022012332782140605
Roman Atwood Vlogs,0.07513163778740051,0.8573667933088616,People & Blogs,Roman Atwood Vlogs,0.5922183962812503,United States,People,147.0,0.6197291068626665,0.5326121454456387,0.7573396995666664,88.2,0.8515167182046919,14.7,1,0,0.17307692307692307,0.7577905100198404,0.6191881170808248,0.5929068045827653,0.7871914495325427,0.04388318210858073
Mrwhosetheboss,0.07513163778740051,0.8427953788631598,Science & Technology,Mrwhosetheboss,0.5837013932640496,United Kingdom,Tech,24.0,0.8324932265398876,0.8167886584934282,0.8029359086062672,60.0,0.6884115861487217,3.85,0,0,0.21153846153846156,0.7088071158003371,0.6078589537827973,0.8399101324192519,0.8016649953515966,0.08720740302267312
Genierock,0.07513163778740051,0.8948181076495918,Music,Genierock,0.590807380943226,Thailand,Music,11.0,0.8002897990622212,0.7738223181482364,0.7117436549793702,49.3,0.6926046031024118,0.75,0,0,0.2692307692307693,0.8838923096624629,0.6604875524494077,0.8031776183480053,0.40179214608484853,0.022012332782140605
zayn,0.07513163778740051,0.8532408418046158,Music,zayn,0.2450118114938657,United States,Music,147.0,0.7632759470937126,0.7244525898868384,0.7117436549793702,88.2,0.8515167182046919,14.7,0,0,0.1153846153846154,0.7439143966598569,0.7980240667720936,0.7608536680771536,0.7871914495325427,0.022012332782140605
Kerajinan 5-Menit,0.07513163778740051,0.8519798841634337,People & Blogs,Kerajinan 5-Menit,0.6610503667588783,Indonesia,Howto,23.0,0.7348678142008804,0.6865642186353144,0.7573396995666664,36.3,0.831576842304121,4.69,1,0,0.07692307692307693,0.7396745429703061,0.5773781688979537,0.7267406345385292,0.46706707203478764,0.04388318210858073
FC Barcelona,0.07295402299981646,0.8297559863120871,Sports,FC Barcelona,0.7375340839931295,Spain,Sports,11.0,0.801416006338748,0.7753292025342381,0.7573396995666664,88.9,0.6524974609911891,13.96,0,0,0.3076923076923077,0.6658739554341545,0.5133427811866532,0.8044878997038304,0.7642133296961922,0.04416814631751336
Dave and Ava - Nursery Rhymes and Baby Songs,0.07295402299981646,0.8830793343437341,Education,Dave and Ava - Nursery Rhymes and Baby Songs,0.5348481695402996,United States,Education,148.0,0.7970085441328297,0.76944053848236,0.7573396995666664,88.2,0.8515167182046919,14.7,1,0,0.15384615384615385,0.8451838975230409,0.6770349166152838,0.7990192577889027,0.7871914495325427,0.04416814631751336
LOKESH GAMER,0.07295402299981646,0.8113151415273939,Gaming,LOKESH GAMER,0.5741011539390837,India,Games,101.0,0.6799154127431437,0.6132673707811839,0.7573396995666664,28.1,0.9976791355194754,5.36,1,0,0.09615384615384616,0.604127517605906,0.5787832785215671,0.662842312555053,0.2050100546163604,0.04416814631751336
ILYA BORZOV,0.07295402299981646,0.8802070611053536,People & Blogs,ILYA BORZOV,0.6091716586150475,Russia,People,8.0,0.8800551723935987,0.8801737653739591,0.848532199872483,81.9,0.7673429455374423,4.59,0,0,0.019230769230769232,0.8355096928342604,0.6350634246601641,0.8955628650597651,0.6916878398408963,0.17333197423313065
Mazhavil Manorama,0.07295402299981646,0.8996963152818648,Entertainment,Mazhavil Manorama,0.9023188522743917,India,Entertainment,100.0,0.8675394505276129,0.8615819437339282,0.7840117585933823,28.1,0.9976791355194754,5.36,0,0,0.21153846153846156,0.9011702969733029,0.502995238703897,0.8811190745890425,0.2050100546163604,0.06603899564395348
Pokï¿½ï¿½ï¿½ï¿½ï¿½ï¿½ï¿½ï¿½ï¿½,0.07076212866993625,0.7865292899591769,People & Blogs,Pokï¿½ï¿½ï¿½ï¿½ï¿½ï¿½ï¿½ï¿½ï¿½,0.4179648753922482,India,Film,100.0,0.7895126192682379,0.7594369918378107,0.880469679244506,28.1,0.9976791355194754,5.36,0,0,0.09615384615384616,0.5224353868720277,0.6336971080604779,0.7895879640904012,0.2050100546163604,0.27909506142538415
The MriDul,0.07076212866993625,0.8499420911721329,Comedy,The MriDul,0.37039227859468127,India,Comedy,102.0,0.8081342439367766,0.7842846443342327,0.7573396995666664,28.1,0.9976791355194754,5.36,0,0,0.13461538461538464,0.7345039259515155,0.7274073573229404,0.8116965143737346,0.2050100546163604,0.04445683570689062
Niana Guerrero,0.07076212866993625,0.8076828822295002,Entertainment,Niana Guerrero,0.4831861875490026,Philippines,Entertainment,6.0,0.7037454002035333,0.6449791356894163,0.7573396995666664,35.5,0.7377053780779417,2.15,1,0,0.17307692307692307,0.5928313781229064,0.622412521261638,0.6905516590509592,0.3588082429858545,0.04445683570689062
SRK MUSIC,0.07076212866993625,0.863327280115844,Music,SRK MUSIC,0.6760147419388436,India,Music,102.0,0.7838968764066438,0.7519395005857297,0.7573396995666664,28.1,0.9976791355194754,5.36,0,0,0.19230769230769235,0.7795257175329001,0.5818480219339858,0.7842628177212282,0.2050100546163604,0.04445683570689062
Sony LIV,0.07076212866993625,0.8676232448061434,Entertainment,Sony LIV,0.7383307249421766,India,Entertainment,102.0,0.8429546701846109,0.8307429363560479,0.7840117585933823,28.1,0.9976791355194754,5.36,0,0,0.15384615384615385,0.7939840439595113,0.5539387342344994,0.8522914647857525,0.2050100546163604,0.06646924491386969
T-Series Hamaar Bhojpuri,0.07076212866993625,0.8697698238378648,Entertainment,T-Series Hamaar Bhojpuri,0.7289651778895152,India,Music,101.0,0.8115524847503154,0.7888461096489875,0.7573396995666664,28.1,0.9976791355194754,5.36,0,0,0.21153846153846156,0.8012098003108558,0.5611571805285835,0.8160546823964403,0.2050100546163604,0.04445683570689062
Oyuncak Avï¿,0.07076212866993625,0.8734705494793865,Entertainment,Oyuncak Avï¿,0.5140053072495822,Turkey,Entertainment,5.0,0.6666547538638034,0.5954965463326268,0.7573396995666664,23.9,0.7111409273791702,13.49,1,0,0.15384615384615385,0.8136689684903002,0.6775322834677274,0.6474189349892908,0.70434158224988,0.04445683570689062
CNN,0.07076212866993625,0.893844877798906,News & Politics,CNN,0.9500290399393851,United States,News,148.0,0.8374660458235983,0.8234204968427145,0.7117436549793702,88.2,0.8515167182046919,14.7,0,0,0.3269230769230769,0.8822971960524479,0.471731169659288,0.8461908455862828,0.7871914495325427,0.02230102217151787
NDTV India,0.07076212866993625,0.8646934042918901,News & Politics,NDTV India,0.9057094455934044,India,News,101.0,0.77696551382852,0.742686270485014,0.7117436549793702,28.1,0.9976791355194754,5.36,0,0,0.2692307692307693,0.7841230923350873,0.46331405602329034,0.7760751208827901,0.2050100546163604,0.02230102217151787
It's Mamix,0.06855576628692628,0.8143826556441514,People & Blogs,It's Mamix,0.4242156087880643,United States,People,150.0,0.725237251120368,0.6736498804857498,0.7573396995666664,88.2,0.8515167182046919,14.7,1,0,0.09615384615384616,0.6160654307527066,0.6605818774472946,0.7155363621961011,0.7871914495325427,0.04474932380421275
Kim Loaiza,0.06855576628692628,0.8098066030721126,Music,Kim Loaiza,0.2333912713928974,Unknown,Music,-1.0,0.7475294291335751,0.703419709183395,0.7117436549793702,68.0,0.8515167182046919,9.02,0,1,0.057692307692307696,0.6007678907991083,0.7573662340088995,0.7436540063888627,0.7871914495325427,0.022448225207856422
Daftar Populer,0.06855576628692628,0.8215446601870072,Education,Daftar Populer,0.653592085714292,Indonesia,Entertainment,24.0,0.7286650438387446,0.6782363656535996,0.7117436549793702,36.3,0.831576842304121,4.69,0,0,0.09615384615384616,0.6400380503769042,0.548312826251816,0.7195284258687199,0.46706707203478764,0.022448225207856422
Musas,0.06855576628692628,0.8258735558238913,Howto & Style,Jordi Sala,0.40228419663588766,Andorra,People,504.0,0.1721501883286591,0.017817916104260798,0.7573396995666664,64.28,0.0,1.55,1,0,0.3076923076923077,0.6545433522582306,0.6845483462801705,0.08256041266589755,0.8516801956505333,0.04474932380421275
Ranz Kyle,0.06855576628692628,0.814016386911576,People & Blogs,Ranz Kyle,0.4978162495731333,Philippines,Entertainment,7.0,0.7135638302982313,0.6581044852712364,0.7573396995666664,35.5,0.7377053780779417,2.15,1,0,0.2692307692307693,0.6148404177087904,0.6216126747276061,0.7019665670317711,0.3588082429858545,0.04474932380421275
PowerfulJRE,0.06855576628692628,0.8351650491724099,People & Blogs,PowerfulJRE,0.5505002172299871,United States,People,149.0,0.7708249679584875,0.7344954960470959,0.7573396995666664,88.2,0.8515167182046919,14.7,0,0,0.17307692307692307,0.6857106896075309,0.6169548451158493,0.7689949129154169,0.7871914495325427,0.04474932380421275
Mariale,0.06855576628692628,0.8312384853070264,Howto & Style,Mariale,0.6238598187924775,United States,Entertainment,150.0,0.7119884232068564,0.6559769311326591,0.7573396995666664,88.2,0.8515167182046919,14.7,1,0,0.23076923076923078,0.6725343496632772,0.5743506098024098,0.7001346255804103,0.7871914495325427,0.04474932380421275
Makiman131,0.06855576628692628,0.8475977179431421,Gaming,Makiman131,0.6345727226831465,Spain,Entertainment,12.0,0.680314464611913,0.6137789543907453,0.7573396995666664,88.9,0.6524974609911891,13.96,1,0,0.17307692307692307,0.7274717911707668,0.5864694768104382,0.6632984291038813,0.7642133296961922,0.04474932380421275
Hongyu ASMR ï¿½ï¿½,0.06855576628692628,0.8536906457974208,People & Blogs,Hongyu ASMR ï¿½ï¿½ï,0.05494238558786014,Unknown,People,-1.0,0.7885997468573448,0.0,0.7573396995666664,68.0,0.8515167182046919,9.02,1,1,0.019230769230769232,0.7479565305954978,0.9245936369878901,0.0,0.7871914495325427,0.04474932380421275
Mohamed Ramadan I ï¿½ï¿½ï¿½ï¿½ï¿½ï¿½ï,0.06855576628692628,0.8563451645887047,People & Blogs,Mohamed Ramadan I ï¿½ï¿½ï¿½ï¿½ï¿½ï¿½ï,0.5251624364393961,Egypt,Entertainment,2.0,0.773529813634757,0.7381037697627905,0.7117436549793702,35.2,0.7301044827175307,10.76,0,0,0.15384615384615385,0.7568843519152876,0.6531470880334549,0.7714168757267459,0.3051966511773147,0.022448225207856422
EdisonPts,0.06855576628692628,0.8649484963190858,Gaming,EdisonPts,0.6519741598928697,Russia,Games,10.0,0.8068513723472719,0.7825735677658315,0.7117436549793702,81.9,0.7673429455374423,4.59,0,0,0.17307692307692307,0.7858310055853649,0.5961670291510769,0.8105791014279332,0.6916878398408963,0.022448225207856422
BIGBANG,0.06855576628692628,0.8712215235902604,Music,BIGBANG,0.5275441929829483,South Korea,Music,13.0,0.7680033300832634,0.730734472629929,0.7573396995666664,94.3,0.6621159315066372,4.15,1,0,0.3269230769230769,0.8069466461951791,0.6680129952048021,0.7664514324604114,0.7747075675040715,0.04474932380421275
Rubï¿½ï¿½ï¿½ï¿½ï¿½ï¿½,0.06855576628692628,0.8783878399205507,Comedy,Rubï¿½ï¿½ï¿½ï¿½ï¿½ï¿½,0.5411068391025137,Argentina,Comedy,13.0,0.8834541677524138,0.8832965328346507,0.8397482946937163,90.0,0.6477339965887814,9.79,0,0,0.1153846153846154,0.8310772778160603,0.6686801718014235,0.8996187179032573,0.9028343046354779,0.1541126167870971
ABS-CBN News,0.06855576628692628,0.8822686017413773,News & Politics,ABS-CBN News,0.9712020081572198,Philippines,News,7.0,0.8361385859300964,0.8216533252686772,0.7117436549793702,35.5,0.7377053780779417,2.15,0,0,0.25000000000000006,0.8441477892631238,0.4481316941375221,0.8443751798057385,0.3588082429858545,0.022448225207856422
Chapitosiki,0.06855576628692628,0.8930276782097627,Entertainment,Chapitosiki,0.6268008515306945,Russia,Entertainment,9.0,0.8985667785319097,0.905917553928791,0.8397482946937163,81.9,0.7673429455374423,4.59,0,0,0.038461538461538464,0.8803940756817211,0.639734503409206,0.9170760825742273,0.6916878398408963,0.1541126167870971
AdeleVEVO,0.06855576628692628,0.8887097280373013,Music,AdeleVEVO,0.3147056142312024,United Kingdom,Music,25.0,0.8013530564801642,0.7752394744859232,0.7117436549793702,60.0,0.6884115861487217,3.85,0,0,0.25000000000000006,0.8658458009765683,0.7988888801121335,0.8044920388863487,0.8016649953515966,0.022448225207856422
MoreAliA,0.0663347435822006,0.8486341602221124,Gaming,MoreAliA,0.6144215222133245,United Kingdom,Games,25.0,0.8508945344934286,0.8410973129192562,0.8296080224506922,60.0,0.6884115861487217,3.85,0,0,0.17307692307692307,0.7318096456445535,0.5981241947740384,0.8614311329054203,0.8016649953515966,0.1333858567500171
Chetan Monga Vlogs,0.0663347435822006,0.8801504328030357,People & Blogs,Chetan Monga Vlogs,0.5391925502827359,India,People,104.0,0.8147103140062939,0.7930627056389005,0.8029359086062672,28.1,0.9976791355194754,5.36,0,0,0.15384615384615385,0.8378691964426833,0.6715903949748478,0.8200829144247004,0.2050100546163604,0.08950259821659792
Little Angel - Mï¿½ï¿½ï¿½ï¿½ï¿½ï¿½ï¿½ï¿½ï¿½ï¿½,0.0663347435822006,0.8759759736939323,Entertainment,Little Angel - Mï¿½ï¿½ï¿½ï¿½ï¿½ï¿½ï¿½ï¿½ï¿½ï¿½ï¿½,0.5294591456673756,Brazil,Education,36.0,0.8260076900511727,0.8081331232329516,0.7573396995666664,51.3,0.8069853740217376,12.08,1,0,0.07692307692307693,0.823810654513403,0.6721605636826603,0.8328560361524793,0.8326655367243903,0.045045686084868836
League of Legends,0.0663347435822006,0.8676663539436736,Gaming,League of Legends,0.5720914274836977,United States,Games,151.0,0.7705339218292558,0.7341085064334513,0.7573396995666664,88.2,0.8515167182046919,14.7,1,0,0.25000000000000006,0.7958339055061985,0.6408654581090345,0.7690164571641955,0.7871914495325427,0.045045686084868836
TheRichest,0.0663347435822006,0.830811462550206,Education,Therichest,0.0,United States,Games,7692.0,0.7885997468573448,0.0,0.7573396995666664,88.2,0.8515167182046919,14.7,1,0,0.3076923076923077,0.671954130667463,0.0,0.0,0.7871914495325427,0.045045686084868836
XpressTV,0.0663347435822006,0.845489494535106,Entertainment,XpressTV,0.5220536024059695,Mexico,Entertainment,26.0,0.7595159999848163,0.7194104557737913,0.7117436549793702,40.2,0.7534040881753246,3.42,0,0,0.15384615384615385,0.7212402442868693,0.6430162477438851,0.7544817126918665,0.7748388684508181,0.022597384452173953
PlayStation,0.0663347435822006,0.85190748833564,Gaming,PlayStation,0.7861538126821273,United States,Games,151.0,0.7690895017431632,0.732208643460204,0.7117436549793702,88.2,0.8515167182046919,14.7,0,0,0.3269230769230769,0.7428146586724115,0.511930470586808,0.7663665892624383,0.7871914495325427,0.022597384452173953
Kwebbelkop,0.0663347435822006,0.8661940309478793,Gaming,Kwebbelkop,0.6782098208276155,United States,Film,151.0,0.753544429888466,0.7114540972829098,0.7117436549793702,88.2,0.8515167182046919,14.7,0,0,0.2692307692307693,0.7908781532782435,0.5838058030779331,0.74738465054379,0.7871914495325427,0.022597384452173953
Republic Bharat,0.0663347435822006,0.8696251903300813,News & Politics,Gyani Beast,0.42269852693410087,India,News,2573.0,0.28352544350492553,0.09798362498407663,0.7573396995666664,28.1,0.9976791355194754,5.36,1,0,0.07692307692307693,0.8024278490527009,0.7212089845065983,0.20314053333968832,0.2050100546163604,0.045045686084868836
THE BROWN SIBLINGS,0.0663347435822006,0.8749341739008061,Entertainment,THE BROWN SIBLINGS,0.5448020682747061,India,Entertainment,103.0,0.8099661741295828,0.7867271695153246,0.7573396995666664,28.1,0.9976791355194754,5.36,0,0,0.1153846153846154,0.8203025235290354,0.6630070048420831,0.8139128246302635,0.2050100546163604,0.045045686084868836
Sony Music South,0.0663347435822006,0.8803603461040876,Music,Sony Music South,0.6270628851816296,India,Music,103.0,0.8492641318768871,0.8391612912130421,0.7840117585933823,28.1,0.9976791355194754,5.36,0,0,0.15384615384615385,0.8385761956661278,0.6258781410121422,0.8596387241980233,0.2050100546163604,0.06734678468122515
BigSchool,0.0663347435822006,0.8804269581977795,Gaming,Big School,0.3356169060771801,Unknown,Film,-1.0,0.7885997468573448,0.0,0.7573396995666664,68.0,0.8515167182046919,9.02,1,1,0.038461538461538464,0.8388005499790416,0.7788086064370993,0.0,0.7871914495325427,0.045045686084868836
Ray William Johnson,0.0663347435822006,0.8813479880503854,Entertainment,Ray William Johnson,0.5943108851264656,United States,Comedy,151.0,0.8609475193907612,0.8570702056221131,0.7573396995666664,88.2,0.8515167182046919,14.7,0,0,0.2692307692307693,0.8419027042174766,0.6440671992365806,0.8732807106066139,0.7871914495325427,0.045045686084868836
KOMPASTV,0.0663347435822006,0.8868589357059398,News & Politics,KOMPASTV,0.9910243867675561,Indonesia,News,25.0,0.8145057572868244,0.7927940949454385,0.7117436549793702,36.3,0.831576842304121,4.69,0,0,0.17307692307692307,0.8604665237638545,0.442746942751945,0.8190601482862478,0.46706707203478764,0.022597384452173953
ISSEI / ï¿½ï¿½ï¿½ï¿½,0.0663347435822006,0.8920944889803568,Comedy,ISSEI / ï¿½ï¿½ï¿½ï¿½,0.5936490518306718,Japan,Comedy,5.0,0.8562693706902834,0.8468998530081708,0.8562801545677377,63.2,0.7535767983676296,2.29,0,0,0.15384615384615385,0.878105819837172,0.6560522195593625,0.8680982714881437,0.899617702251325,0.19816696492448962
Zï¿½ï¿½ï¿½ï¿½ï¿½ï¿½ï,0.0663347435822006,0.8858081178770735,Music,Zï¿½ï¿½ï¿½ï¿½ï¿½ï¿½ï,0.4622647898692353,Brazil,Music,36.0,0.8364457772974653,0.8220625096798484,0.7573396995666664,51.3,0.8069853740217376,12.08,1,0,0.19230769230769235,0.8569265302224274,0.7179852564737769,0.8449980494589475,0.8326655367243903,0.045045686084868836
A2 Motivation by Arvind Arora,0.0663347435822006,0.8761232307058756,Entertainment,A2 Motivation by Arvind Arora,0.6389696121625501,India,Entertainment,104.0,0.8211306397441405,0.8016244840369855,0.7573396995666664,28.1,0.9976791355194754,5.36,0,0,0.09615384615384616,0.824306537229115,0.6150662062393863,0.8272708352672992,0.2050100546163604,0.045045686084868836
50 Cent,0.0640988644288889,0.8807046786934589,Music,50 Cent,0.478781437338894,United States,Music,152.0,0.8171509063131153,0.7963113068012743,0.7117436549793702,88.2,0.8515167182046919,14.7,0,0,0.2884615384615385,0.8405973968951692,0.7038057572341438,0.8228996868410431,0.7871914495325427,0.022748539160059752
MNCTV OFFICIAL,0.0640988644288889,0.872262688258802,Entertainment,MNCTV OFFICIAL,0.8800721587869603,Indonesia,Entertainment,26.0,0.7710054100627004,0.7347404875214859,0.7117436549793702,36.3,0.831576842304121,4.69,0,0,0.19230769230769235,0.8121685374936687,0.48490640744726954,0.7689814433162123,0.46706707203478764,0.022748539160059752
ERB,0.0640988644288889,0.8457234031927158,Entertainment,ERB,0.3539906858697164,United States,Entertainment,152.0,0.7083637547736644,0.6512100282594413,0.7573396995666664,88.2,0.8515167182046919,14.7,1,0,0.3076923076923077,0.7228858674801952,0.7314973787090975,0.695928793936568,0.7871914495325427,0.04534600003707216
melanie martinez,0.0640988644288889,0.8490079600722839,Music,melanie martinez,0.384596699115021,United States,Music,152.0,0.7827369554042928,0.7503927410046902,0.7117436549793702,88.2,0.8515167182046919,14.7,0,0,0.2884615384615385,0.733926024258087,0.7189103496176298,0.7822935522013187,0.7871914495325427,0.022748539160059752
iTownGamePlay *Terror&Diversiï¿½ï,0.0640988644288889,0.8537636990968965,Entertainment,iTownGamePlay *Terror&Diversiï¿½ï,0.7164363926878633,Spain,Games,13.0,0.7187214262361077,0.6649599369406891,0.7117436549793702,88.9,0.6524974609911891,13.96,0,0,0.19230769230769235,0.7499167774295296,0.5503681999971141,0.7079686747973551,0.7642133296961922,0.022748539160059752
ýýýýýýýýýýýý8 : Thai Ch8,0.0640988644288889,0.8579266508739049,Entertainment,ýýýýýýýýýýýý8 : Thai Ch8,0.8115156582014503,Thailand,Entertainment,12.0,0.7768680162646691,0.7425635278177102,0.7117436549793702,49.3,0.6926046031024118,0.75,0,0,0.21153846153846156,0.7639192395535652,0.5051984686454838,0.7760821916823446,0.40179214608484853,0.022748539160059752
ZutiGang,0.0640988644288889,0.8982056122590284,People & Blogs,ZutiGang,0.5721495610449556,Unknown,People,-1.0,0.8656279862316668,0.8615819437339282,0.8029359086062672,68.0,0.8515167182046919,9.02,0,1,0.019230769230769232,0.8995603141481189,0.6739107452191064,0.8787901311317922,0.7871914495325427,0.09009540026612337
ýýýýýý,0.0640988644288889,0.49679475398086925,People & Blogs,ýýýýýý,0.05494238558786014,Russia,News,10.0,0.37669964297836495,0.21099625177848125,0.7573396995666664,81.9,0.7673429455374423,4.59,1,0,0.2692307692307693,0.0037460295459363496,0.5380558761899271,0.3103542046442595,0.6916878398408963,0.04534600003707216
TazerCraft,0.0640988644288889,0.8606290612935452,Gaming,TazerCraft,0.6608418490780777,Brazil,Games,37.0,0.7668356391376527,0.7291854650073086,0.7117436549793702,51.3,0.8069853740217376,12.08,0,0,0.21153846153846156,0.7730112543292801,0.5868546613427742,0.7636399996205385,0.8326655367243903,0.022748539160059752
Bayashi TV,0.0640988644288889,0.874744098324382,Entertainment,ýýýýýýýýýýýýýýýýýýBAYASHITV,0.36012474805876216,Japan,Autos,3508.0,0.3249779061086348,0.14598542096328682,0.10587150063869682,63.2,0.7535767983676296,2.29,0,0,0.19230769230769235,0.8205237280721103,0.759687729584171,0.25082633324640907,0.899617702251325,1.9778126717170594e-06
Fueled By Ramen,0.06184792873790279,0.8915083052630023,Music,Fueled By Ramen,0.562718987394872,United States,Entertainment,153.0,0.7865016245951885,0.7554193272994588,0.7573396995666664,88.2,0.8515167182046919,14.7,1,0,0.3076923076923077,0.8778601017512948,0.6715881347199611,0.7860464847762135,0.7871914495325427,0.045650345229410645
CrashCourse,0.06184792873790279,0.8155783340508099,Education,CrashCourse,0.5787262636764188,United States,Education,153.0,0.6887011950464651,0.6249208234493127,0.7573396995666664,88.2,0.8515167182046919,14.7,1,0,0.3076923076923077,0.62263250529097,0.5809824310044237,0.6730641049912297,0.7871914495325427,0.045650345229410645
MattyBRaps,0.06184792873790279,0.8412445866054123,Music,MattyBRaps,0.4183703243950522,United States,Music,153.0,0.7418024992802101,0.6957725020672553,0.7573396995666664,88.2,0.8515167182046919,14.7,1,0,0.23076923076923078,0.7087021808067931,0.6927438381962061,0.7346501043393102,0.7871914495325427,0.045650345229410645
Lachlan,0.06184792873790279,0.8559419673102978,Gaming,Lachlan,0.654089697229111,Australia,Games,7.0,0.737847351398859,0.6905173950249349,0.7573396995666664,113.1,0.5907305851409557,5.27,1,0,0.17307692307692307,0.7581091467964952,0.5853068964762123,0.7295612166725561,0.8153418877455865,0.045650345229410645
ýýýýýýýý ýýýýýýýý,0.06184792873790279,0.8669018116986109,Howto & Style,ýýýýýýýý ýýýýýýýý,0.6165407665242965,Ukraine,Howto,3.0,0.7745651062012606,0.739508636965633,0.7573396995666664,82.7,0.6464637607066992,8.88,1,0,0.13461538461538464,0.7949880667672884,0.6168013608604634,0.7738512065835684,0.6296444637336627,0.045650345229410645
Meghan Trainor,0.06184792873790279,0.8748933041007322,People & Blogs,Meghan Trainor,0.4324166131404422,United States,Music,153.0,0.7787520710770004,0.7450905453465275,0.7573396995666664,88.2,0.8515167182046919,14.7,1,0,0.2692307692307693,0.8218932095590701,0.7218141361571554,0.7782480349516523,0.7871914495325427,0.045650345229410645
Jorge & Mateus Oficial,0.06184792873790279,0.8767373098343917,Music,Jorge & Mateus Oficial,0.4569784909188011,Brazil,Music,38.0,0.8031323332110034,0.7776168883057422,0.7573396995666664,51.3,0.8069853740217376,12.08,1,0,0.2692307692307693,0.8281029076773371,0.7109313578939122,0.8057180901752009,0.8326655367243903,0.045650345229410645
Major Lazer Official,0.06184792873790279,0.87800835421152,Music,MajorLazerOfficial,0.0,Unknown,Entertainment,-1.0,0.7885997468573448,0.0,0.7573396995666664,68.0,0.8515167182046919,9.02,1,1,0.17307692307692307,0.8323834409806973,0.0,0.0,0.7871914495325427,0.045650345229410645
Beast Philanthropy,0.06184792873790279,0.742709891566281,People & Blogs,Beast Philanthropy,0.2818150453062529,Germany,Games,2600.0,0.44941378740364085,0.3062563265021735,0.4927211056658925,70.2,0.7107756735715793,3.04,0,0,0.13461538461538464,0.38261796020137645,0.6583587128127584,0.3942593843402505,0.7255241714245431,0.0008224755239881179
Filaretiki,0.06184792873790279,0.8979037995101556,Entertainment,Filaretiki,0.6108654989454795,United States,People,152.0,0.9224027933182017,0.9365956201774391,0.8981165182101013,88.2,0.8515167182046919,14.7,0,0,0.019230769230769232,0.8994109471969536,0.6533445896987279,0.9448692477094133,0.7871914495325427,0.3697912455893405
5-Minute Crafts Recycle,0.06184792873790279,0.8758395334876972,People & Blogs,5-Minute Crafts Recycle,0.6547688519846152,United States,Howto,153.0,0.7800893792197972,0.746862052103438,0.7573396995666664,88.2,0.8515167182046919,14.7,1,0,0.057692307692307696,0.8250795791711821,0.60650211276749,0.7803637210364899,0.7871914495325427,0.045650345229410645
ýýýýýýýýýý ýýýýýýýýýýýý,0.05958173235048214,0.823080690169555,Entertainment,ýýýýýýýýýý ýýýýýýýýýýýý,0.5734178298173732,Saudi Arabia,Entertainment,5.0,0.6439906817896801,0.5654225763440948,0.7573396995666664,68.0,0.6199535637573586,5.93,1,0,0.1153846153846154,0.6486234952631234,0.5918832676738537,0.6210562606640464,0.8066755444381477,0.04595880338113602
Maha Fun Tv,0.05958173235048214,0.8030533731189405,Entertainment,Maha Fun Tv,0.3530743160425181,United States,Entertainment,154.0,0.6701649401745298,0.6001307542314032,0.7573396995666664,88.2,0.8515167182046919,14.7,1,0,0.09615384615384616,0.5816486220492892,0.6857677718718052,0.6515181054323735,0.7871914495325427,0.04595880338113602
Canal Nostalgia,0.05958173235048214,0.8080742402409543,Entertainment,Canal Nostalgia TV,0.5008736850698693,Spain,Entertainment,1549.0,0.5309937461989221,0.4146058936259492,0.37531383526034356,88.9,0.6524974609911891,13.96,0,0,0.23076923076923078,0.598409922019693,0.613576679372658,0.48984839578071715,0.7642133296961922,0.00013873320557679497
The Slow Mo Guys,0.05958173235048214,0.8269021185194465,Entertainment,The Slow Mo Guys,0.4567296206759834,United States,Education,154.0,0.7330715247232219,0.6841271266096145,0.7573396995666664,88.2,0.8515167182046919,14.7,1,0,0.23076923076923078,0.6614333475604169,0.6570875596262576,0.7246575091116413,0.7871914495325427,0.04595880338113602
StudyIQ IAS,0.05958173235048214,0.8456840736743709,Education,StudyIQ IAS,0.8467106168462565,India,Education,106.0,0.7954606646161895,0.7673711473190391,0.7573396995666664,28.1,0.9976791355194754,5.36,0,0,0.13461538461538464,0.7244902958796631,0.47355082882341165,0.7975899027371919,0.2050100546163604,0.04595880338113602
Chad Wild Clay,0.05958173235048214,0.8654241871277552,Comedy,Chad Wild Clay,0.5191587683512235,United States,Entertainment,154.0,0.7627118699940966,0.7237035413432052,0.7117436549793702,88.2,0.8515167182046919,14.7,0,0,0.3076923076923077,0.7908870696395182,0.6661211698010157,0.7576633345743039,0.7871914495325427,0.023056997311785128
CollegeHumor,0.05958173235048214,0.8681761532046073,Comedy,CollegeHumor,0.6639134421909864,United States,Comedy,154.0,0.7821051291584222,0.0,0.7573396995666664,88.2,0.8515167182046919,14.7,1,0,0.3076923076923077,0.800150350867429,0.59342340782281,0.0,0.7871914495325427,0.04595880338113602
Netflix Jr.,0.05958173235048214,0.875909796497386,Education,Netflix Jr.,0.6023673615178489,United States,Education,154.0,0.7983788086469353,0.7712696190797933,0.7117436549793702,88.2,0.8515167182046919,14.7,0,0,0.19230769230769235,0.8261891764876786,0.6339659339788033,0.8004230332967727,0.7871914495325427,0.023056997311785128
Colors Rishtey,0.05958173235048214,0.8885506495821566,Entertainment,Colors Rishtey,0.7977535770723104,India,Entertainment,105.0,0.8657528632280467,0.8615819437339282,0.8029359086062672,28.1,0.9976791355194754,5.36,0,0,0.17307692307692307,0.868768417471491,0.5455562250168229,0.8791291618156181,0.2050100546163604,0.09130487984304664
ABC News,0.05958173235048214,0.890360886741618,News & Politics,ABC News,0.8957048932288875,United States,News,154.0,0.8371484731931389,0.8229957849630272,0.7117436549793702,88.2,0.8515167182046919,14.7,0,0,0.3076923076923077,0.874867499788702,0.49634006940084346,0.8455831741154402,0.7871914495325427,0.023056997311785128
Camila Loures,0.05958173235048214,0.8514495091379257,Music,Camila Loures,0.6570114960054654,Brazil,Entertainment,39.0,0.7681919176714385,0.7309950428466082,0.7117436549793702,51.3,0.8069853740217376,12.08,0,0,0.15384615384615385,0.7438722224508585,0.5789144090612982,0.7664373013455599,0.8326655367243903,0.023056997311785128
Doc Tops,0.057300066927077786,0.8291271566749213,Entertainment,Doc Tops,0.49116180818609767,Ecuador,Entertainment,1.0,0.7264346555610977,0.6752483584904752,0.7117436549793702,44.9,0.5503393863758361,3.97,0,0,0.15384615384615385,0.6697709652162719,0.6414619458900025,0.7169342402492231,0.5630757909784909,0.02321438469869878
Auron,0.057300066927077786,0.838476896146854,People & Blogs,Auron,0.544473166942962,Spain,Games,14.0,0.7860242375910917,0.7547943947002496,0.7573396995666664,88.9,0.6524974609911891,13.96,1,0,0.17307692307692307,0.701153314993314,0.6236938036919197,0.7860835835688911,0.7642133296961922,0.04627145843532237
Jesser,0.057300066927077786,0.8414145202693579,Gaming,Jesser,0.5649137641283831,United States,Entertainment,155.0,0.8053921391244603,0.7806324738829544,0.8029359086062672,88.2,0.8515167182046919,14.7,0,0,0.19230769230769235,0.71102074962553,0.6161862194061121,0.8081759357529059,0.7871914495325427,0.09192188008957147
Planeta das Gï¿½ï¿½,0.057300066927077786,0.8509367849441551,People & Blogs,Planeta das Gï¿½ï¿½,0.5436448928732729,Brazil,Entertainment,40.0,0.7062668262503665,0.6483910413729795,0.7573396995666664,51.3,0.8069853740217376,12.08,1,0,0.13461538461538464,0.7430258057242789,0.6376217339385839,0.6934930595841439,0.8326655367243903,0.04627145843532237
PrestonPlayz,0.057300066927077786,0.8593924423873988,Gaming,Preston,0.6576266495057236,United States,Entertainment,78.0,0.827917762780407,0.8106840568505648,0.7573396995666664,88.2,0.8515167182046919,14.7,0,0,0.19230769230769235,0.7714672497977026,0.5871955598658178,0.8350825996836978,0.7871914495325427,0.04627145843532237
Martin Garrix,0.057300066927077786,0.861023365776726,Music,Martin Garrix,0.46787286406548007,United States,Music,155.0,0.7616832424822942,0.7223058817363024,0.7573396995666664,88.2,0.8515167182046919,14.7,1,0,0.21153846153846156,0.7769549651532857,0.6882037014300438,0.7577433116147814,0.7871914495325427,0.04627145843532237
O Reino Infantil,0.057300066927077786,0.8847146391280665,Music,O Reino Infantil,0.562456737007685,Brazil,Music,40.0,0.8131961059468755,0.7910463396621334,0.7117436549793702,51.3,0.8069853740217376,12.08,0,0,0.15384615384615385,0.8567244710479405,0.6643673524591217,0.818103815367821,0.8326655367243903,0.02321438469869878
Fifth Harmony,0.057300066927077786,0.871680564452858,Music,Fifth Harmony,0.3344597306757468,United States,Music,155.0,0.7643084885207356,0.7258023582580341,0.7573396995666664,88.2,0.8515167182046919,14.7,1,0,0.17307692307692307,0.8128271321850364,0.7699493191527268,0.7607751030533885,0.7871914495325427,0.04627145843532237
Mis Pastelitos,0.057300066927077786,0.8310908072028711,Howto & Style,Mis Pastelitos,0.5075799954047131,Mexico,Music,27.0,0.7778886999992406,0.7439303178472384,0.7117436549793702,40.2,0.7534040881753246,3.42,0,0,0.15384615384615385,0.6763587373078322,0.6349950289022751,0.7760043610128301,0.7748388684508181,0.02321438469869878
Noman Official,0.057300066927077786,0.8577609600668722,Comedy,Noman Official,0.5017260062629528,India,Film,106.0,0.8239672751245583,0.8054159369078675,0.8176146293679291,28.1,0.9976791355194754,5.36,0,0,0.057692307692307696,0.7659782452338391,0.666943998655454,0.8305353055139386,0.2050100546163604,0.11451934096658388
LEGENDA FUNK,0.055002719832414115,0.8265162414206402,Music,LegendaFUNK,0.0,Brazil,Music,-1.0,0.7885997468573448,0.0,0.7573396995666664,51.3,0.8069853740217376,12.08,1,1,0.17307692307692307,0.6618958406273723,0.0,0.0,0.8326655367243903,0.04658839663503143
Like Nastya Stories,0.055002719832414115,0.8665017325274158,Entertainment,Like Nastya Stories,0.4893658174928085,United States,Entertainment,156.0,0.7538763397836357,0.7119131872271831,0.7573396995666664,88.2,0.8515167182046919,14.7,1,0,0.057692307692307696,0.7962771373919549,0.6828809203870005,0.7473603584024756,0.7871914495325427,0.04658839663503143
les boys tv2,0.055002719832414115,0.8505603191756131,Entertainment,les boys tv2,0.4849516303986811,United States,Film,156.0,0.5622917046639517,0.45636727297110186,0.7573396995666664,88.2,0.8515167182046919,14.7,1,0,0.09615384615384616,0.7426436017513841,0.667926688439953,0.5262530548177751,0.7871914495325427,0.04658839663503143
Lotus Music,0.055002719832414115,0.8135573953702121,Entertainment,Lotus Music,0.4949445588945175,India,Tech,107.0,0.7419095974780846,0.6959048499182422,0.7117436549793702,28.1,0.9976791355194754,5.36,0,0,0.019230769230769232,0.6184908883335674,0.6226187723779159,0.734639811793513,0.2050100546163604,0.02337393551149419
IDEIAS INCRï¿½ï¿½,0.055002719832414115,0.8408623249717392,Howto & Style,IDEIAS INCRï¿½ï¿½,0.6816702960006604,Brazil,Howto,41.0,0.6463667368102717,0.568713927213832,0.7573396995666664,51.3,0.8069853740217376,12.08,1,0,0.09615384615384616,0.7100485320455181,0.5545619116875289,0.6238280844616806,0.8326655367243903,0.04658839663503143
Reaction Time,0.055002719832414115,0.847815107869799,Entertainment,Reaction Time,0.5904391335574505,United States,Entertainment,156.0,0.703424224105777,0.6445196684695906,0.7573396995666664,88.2,0.8515167182046919,14.7,1,0,0.13461538461538464,0.7334139593158341,0.60977325243395,0.6901841459747972,0.7871914495325427,0.04658839663503143
BBC News,0.055002719832414115,0.8507361287934444,News & Politics,BBC News,0.7808225142475205,United Kingdom,News,26.0,0.7901316405267885,0.7602693994305246,0.7117436549793702,60.0,0.6884115861487217,3.85,0,0,0.3076923076923077,0.7432347621050228,0.5134473513620986,0.7913366291733908,0.8016649953515966,0.02337393551149419
Eli Kids - Cartoons & Songs,0.055002719832414115,0.8525452725675958,Entertainment,Eli Kids - Cartoons & Songs,0.507842029055648,United States,Music,156.0,0.8271729636131958,0.809692791603988,0.8029359086062672,88.2,0.8515167182046919,14.7,0,0,0.07692307692307693,0.749318502719811,0.6580942550112842,0.8343599130129369,0.7871914495325427,0.09254727644100591
Boram Tube ToysReview [ï¿½ï¿½ï¿½ï¿½ï¿½ï¿½ï¿½ï¿½ï¿,0.055002719832414115,0.8540514980313132,People & Blogs,Boram Tube ToysReview [ï¿½ï¿½ï¿½ï¿½ï¿½ï¿½ï¿½ï¿½ï,0.5095244536750306,South Korea,People,14.0,0.6718421079135469,0.602321955445794,0.7573396995666664,94.3,0.6621159315066372,4.15,1,0,0.1153846153846154,0.7543842580065035,0.6588451418687489,0.6534547394945746,0.7747075675040715,0.04658839663503143
Aadishakti Films,0.055002719832414115,0.8627184963340223,Music,Aadishakti Films,0.6717317101936059,India,Music,107.0,0.7758352812157208,0.7411967689385756,0.7573396995666664,28.1,0.9976791355194754,5.36,0,0,0.1153846153846154,0.7835437339206172,0.5834268432475488,0.7737552584012124,0.2050100546163604,0.04658839663503143
Telemundo,0.055002719832414115,0.8745977038825491,Entertainment,Telemundo,0.7817734993049673,United States,Entertainment,156.0,0.7756824459926035,0.7409764728380024,0.7573396995666664,88.2,0.8515167182046919,14.7,1,0,0.2884615384615385,0.8235346153829377,0.5387937854493544,0.7737651072295407,0.7871914495325427,0.04658839663503143
GMM25Thailand,0.055002719832414115,0.8780094164978562,Entertainment,GMM25Thailand,0.8827081118493603,Thailand,Entertainment,13.0,0.7730938286451413,0.7375392904573985,0.7117436549793702,49.3,0.6926046031024118,0.75,0,0,0.21153846153846156,0.8350241961773525,0.4897531895465732,0.7714503192192841,0.40179214608484853,0.02337393551149419
TV9 Bharatvarsh,0.055002719832414115,0.881585054874726,People & Blogs,TV9 Bharatvarsh,0.997923194185122,India,News,106.0,0.8742196363094966,0.8734022802685291,0.8397482946937163,28.1,0.9976791355194754,5.36,0,0,0.07692307692307693,0.8470675240153451,0.43343091359843655,0.8886900314851073,0.2050100546163604,0.16034165453561142
Maroon5VEVO,0.055002719832414115,0.9070269886515585,Music,Maroon5VEVO,0.39610456669208177,United States,Music,156.0,0.8080673714797068,0.7841916969966289,0.7573396995666664,88.2,0.8515167182046919,14.7,1,0,0.25000000000000006,0.9327983752147856,0.7756916826260368,0.8117013321448119,0.7871914495325427,0.04658839663503143
Saad Lamjarred | ï¿½ï¿½ï¿½ï¿½ï¿½ï¿,0.055002719832414115,0.8483082430387742,Music,Saad Lamjarred | ï¿½ï¿½ï¿½ï¿½ï¿½ï¿,0.41028806355070446,Morocco,Music,1.0,0.7642417508335362,0.7257214004742578,0.7573396995666664,35.9,0.6275650454508463,9.02,1,0,0.19230769230769235,0.7350717621919733,0.7046396272686236,0.7607813925381556,0.5419554670679858,0.04658839663503143
Hear This Music,0.055002719832414115,0.877259412583384,Music,Hear This Music,0.2923994254601674,Unknown,Music,4.0,0.775595422227547,0.740881815653305,0.7117436549793702,68.0,0.8515167182046919,9.02,0,0,0.1153846153846154,0.8324982769555005,0.7984013024406188,0.7737724926512339,0.7871914495325427,0.02337393551149419
Lilly Singh,0.055002719832414115,0.8404920690106811,Comedy,Lilly Singh,0.5525356670611662,Canada,Comedy,8.0,0.6751164015558521,0.6067675565514175,0.7573396995666664,68.9,0.6277908648360833,5.56,1,0,0.23076923076923078,0.7088047128128149,0.6216598432163108,0.6572609543848024,0.7912996805529158,0.04658839663503143
ýýýýýýýýýýýýýýýýýýýýý,0.05268947401657087,0.7728749123766477,Entertainment,ýýýýýýýýýýýýýýýýýýýýý,0.4676559963317792,South Korea,Entertainment,14.0,0.6131351067565577,0.5243458648296881,0.7840117585933823,94.3,0.6621159315066372,4.15,0,0,0.09615384615384616,0.4841434117289114,0.5928477458684082,0.5851479956858713,0.7747075675040715,0.07012416772616717
Gyan Gamingï¿½,0.05268947401657087,0.822962863459962,Gaming,Gyan Gamingï¿½,0.6368915715428394,India,Games,107.0,0.7188332478170812,0.6651793229521049,0.7117436549793702,28.1,0.9976791355194754,5.36,0,0,0.09615384615384616,0.6508708210432288,0.5585767061099152,0.7080961467251695,0.2050100546163604,0.023535694666297294
Drawblogs,0.05268947401657087,0.8110747969306829,Entertainment,Drawblogs,0.47491407974461447,Peru,Entertainment,1.0,0.5988615478561046,0.5049623449908123,0.7573396995666664,70.7,0.6145561966277666,3.31,1,0,0.15384615384615385,0.6110730255172547,0.6304182801422523,0.5686058685745248,0.7342956594286112,0.04690970660262994
NOBRU,0.05268947401657087,0.7524475772109515,Gaming,nobru,0.08708162085692081,Unknown,People,-1.0,0.01850127688100276,0.0006057826022687468,0.0,68.0,0.8515167182046919,9.02,0,1,0.3076923076923077,0.41735594152669264,0.7862366461022068,0.004572426969119224,0.7871914495325427,1.597491359485667e-07
ýýýýýýýýýýýý ýýýýýýýýýýýý I ýýýýýý ýý ýýýýýýýýýý,0.05268947401657087,0.834052864691866,Entertainment,ýýýýýýýýýýýý ýýýýýýýýýýýý I ýýýýýý ýý ýýýýýýýýý,0.4712644020223674,Saudi Arabia,Entertainment,6.0,0.6691223703047479,0.5988422949630057,0.7573396995666664,68.0,0.6199535637573586,5.93,1,0,0.09615384615384616,0.6880697853278839,0.6572164813967284,0.6502960368857517,0.8066755444381477,0.04690970660262994
Cyprien,0.05268947401657087,0.8354891862364642,Comedy,Cyprien,0.428600050233721,France,Comedy,2.0,0.7098835328252533,0.653241783934113,0.7573396995666664,65.6,0.6887567570806092,8.43,1,0,0.2884615384615385,0.6928917584797921,0.6811400950253607,0.6976823302620567,0.7659603334546152,0.04690970660262994
Rclbeauty101,0.05268947401657087,0.8444404329453479,Comedy,Rclbeauty101,0.4866786073642362,United States,Entertainment,157.0,0.6971453487132216,0.6361262931500226,0.7573396995666664,88.2,0.8515167182046919,14.7,1,0,0.23076923076923078,0.722960397819835,0.660394270888689,0.682874429775149,0.7871914495325427,0.04690970660262994
Coke Studio,0.05268947401657087,0.8457455666248634,Music,Rohail Hyatt,0.48442611395074536,United States,Music,962.0,0.6566707515196294,0.5820840065741485,0.56028170087151,88.2,0.8515167182046919,14.7,0,0,0.2692307692307693,0.7273468621070914,0.6629872183190977,0.6357920799339606,0.7871914495325427,0.0023608437321185967
Indore Physical Academy,0.05268947401657087,0.8468722853468588,People & Blogs,Indore Physical Academy,0.5958340056952102,India,People,107.0,0.7928939988874956,0.763945390683506,0.7573396995666664,28.1,0.9976791355194754,5.36,0,0,0.15384615384615385,0.7311341148941837,0.6059319324704118,0.7945536728626592,0.2050100546163604,0.04690970660262994
Rosanna Pansino,0.05268947401657087,0.8507264963592568,Howto & Style,Rosanna Pansino,0.56516802291006,United States,Howto,157.0,0.7486196945076414,0.7048631165711691,0.7573396995666664,88.2,0.8515167182046919,14.7,1,0,0.23076923076923078,0.744092165842792,0.6261386487822315,0.7435757816662316,0.7871914495325427,0.04690970660262994
Harry Styles,0.05268947401657087,0.8588755966140558,People & Blogs,harrystyles,0.0,United States,Games,7574.0,0.7885997468573448,0.0,0.7573396995666664,88.2,0.8515167182046919,14.7,1,0,0.17307692307692307,0.7715028166286576,0.0,0.0,0.7871914495325427,0.04690970660262994
Vlad and Niki PRT,0.05268947401657087,0.8642236287250896,Entertainment,Vlad and Niki PRT,0.49525178837690753,United States,Entertainment,157.0,0.7671944445849845,0.7296808940233712,0.7573396995666664,88.2,0.8515167182046919,14.7,1,0,0.07692307692307693,0.7894999153258816,0.6773322369727989,0.7636101950500005,0.7871914495325427,0.04690970660262994
RS 1313 SHORTS,0.05268947401657087,0.8719665892583,Entertainment,RS 1313 SHORTS,0.6845086627668041,India,Entertainment,108.0,0.8433274257118001,0.8312460250899799,0.7573396995666664,28.1,0.9976791355194754,5.36,0,0,0.038461538461538464,0.815566000757628,0.5867662939189658,0.8528201153287465,0.2050100546163604,0.04690970660262994
Zig & Sharko,0.05268947401657087,0.8765146971026782,Film & Animation,Zig & Sharko,0.5458616690343578,Unknown,Film,-1.0,0.7875947817489029,0.75689350110453,0.7117436549793702,68.0,0.8515167182046919,9.02,0,1,0.13461538461538464,0.8308814084672391,0.6641646285952096,0.787879798168787,0.7871914495325427,0.023535694666297294
SelenaGomezVEVO,0.05268947401657087,0.8855316093460672,Music,SelenaGomezVEVO,0.41464438540603205,United States,Music,157.0,0.8034095554508611,0.7779785044212127,0.7573396995666664,88.2,0.8515167182046919,14.7,1,0,0.25000000000000006,0.8612534525279127,0.7426659807539003,0.8070283650963016,0.7871914495325427,0.04690970660262994
ZEE5,0.05268947401657087,0.9039968650337789,Entertainment,ZEE5,0.9136768500900816,India,Entertainment,108.0,0.8273432514493585,0.8099167296667775,0.7117436549793702,28.1,0.9976791355194754,5.36,0,0,0.07692307692307693,0.9234769569503135,0.5017188106187803,0.8343465530977461,0.2050100546163604,0.023535694666297294
Super Polina,0.05036010789192957,0.8521892899962955,People & Blogs,Super Polina,0.5039550489566955,United States,Entertainment,158.0,0.558505128214027,0.4528894200548173,0.7117436549793702,88.2,0.8515167182046919,14.7,0,0,0.15384615384615385,0.7499073600185477,0.6597429393557727,0.5218973463431028,0.7871914495325427,0.02369970833127648
Rebecca Zamolo,0.05036010789192957,0.8633078900712755,Comedy,RebeccaZamolo,0.05494238558786014,United States,Entertainment,6342.0,0.7885997468573448,0.0,0.7573396995666664,88.2,0.8515167182046919,14.7,1,0,0.21153846153846156,0.7873146697935144,0.9350096382697811,0.0,0.7871914495325427,0.047235479422412234
Wish 107.5,0.04801439520579098,0.8612172113809972,Music,Wish 107.5,0.5951848201891189,Philippines,Music,8.0,0.7875722120397529,0.7568449327681881,0.7573396995666664,35.5,0.7377053780779417,2.15,1,0,0.15384615384615385,0.7811817162833204,0.6218076246346491,0.7878816850482129,0.3588082429858545,0.047565808726689876
Invento na Hora,0.04801439520579098,0.8457887301862141,Film & Animation,Invento na Hora,0.5672351084710116,Brazil,Entertainment,43.0,0.7331939821231217,0.6842873368288241,0.7573396995666664,51.3,0.8069853740217376,12.08,1,0,0.15384615384615385,0.7292895064873991,0.6197099557463521,0.7247940009294844,0.8326655367243903,0.047565808726689876
SIS vs BRO,0.04801439520579098,0.8666608741401503,Entertainment,SiS,0.32584885762069915,Ukraine,Entertainment,2460.0,0.18116347996937543,0.021348217996350408,0.11214116266422156,82.7,0.6464637607066992,8.88,0,0,0.1153846153846154,0.7995038071037651,0.7690825497524689,0.09215937541864999,0.6296444637336627,2.3185780854982368e-06
NikkieTutorials,0.04801439520579098,0.8144094657735309,Howto & Style,NikkieTutorials,0.5371405533424713,Netherlands,Entertainment,2.0,0.7622017245476861,0.7229875428610756,0.7573396995666664,85.0,0.5500983619374162,3.2,1,0,0.2692307692307693,0.6240164614235095,0.6014626455164722,0.7577033381636918,0.901439086570802,0.047565808726689876
TommyInnit,0.04801439520579098,0.8204891716580344,Gaming,TommyInnit,0.46272832982899786,United Kingdom,Games,27.0,0.7810319658902373,0.7481366352784269,0.7573396995666664,60.0,0.6884115861487217,3.85,0,0,0.13461538461538464,0.6443738132737288,0.6469983811448672,0.7802897512235311,0.8016649953515966,0.047565808726689876
E-MasterSensei,0.04801439520579098,0.8446384122087366,Gaming,E-MasterSensei,0.5684012441278404,Mexico,Games,28.0,0.7720344473578677,0.7361218355803147,0.7573396995666664,40.2,0.7534040881753246,3.42,0,0,0.1153846153846154,0.725423129329088,0.6178543674254379,0.7689005538332447,0.7748388684508181,0.047565808726689876
infobells - Kannada,0.04801439520579098,0.8642862096455793,Education,infobells - Kannada,0.48138052616075583,India,Education,110.0,0.8248031822506444,0.8065324456687686,0.7840117585933823,28.1,0.9976791355194754,5.36,0,0,0.15384615384615385,0.7915105459821477,0.6846625499300799,0.8313082869424256,0.2050100546163604,0.07110157981782562
Crazy Frog,0.04801439520579098,0.8716519592918179,Music,CrazyFrog,0.0,Unknown,Games,-1.0,0.7885997468573448,0.0,0.7573396995666664,68.0,0.8515167182046919,9.02,1,1,0.3269230769230769,0.8163073118954163,0.0,0.0,0.7871914495325427,0.047565808726689876
The Dodo,0.04801439520579098,0.8803042934468631,Pets & Animals,Dorukhan Gï¿½ï¿½ï,0.17416324171384165,Unknown,Entertainment,-1.0,0.3737049474979464,0.20706710471209536,0.07226854215550138,68.0,0.8515167182046919,9.02,0,1,0.3076923076923077,0.8454461624097046,0.8673020326689683,0.3068789188142315,0.7871914495325427,1.121076834348628e-06
SEVENGERS,0.04801439520579098,0.8813433445940095,Comedy,SEVENGERS,0.5367781979355567,India,Comedy,110.0,0.8683421105317911,0.8657822716423494,0.8029359086062672,28.1,0.9976791355194754,5.36,0,0,0.07692307692307693,0.8489460966166907,0.6741452113229672,0.8820867267279608,0.2050100546163604,0.09447559175415828
Zee Bangla,0.04801439520579098,0.8855483476293176,Entertainment,Zee Bangla,0.9348190162035434,India,Entertainment,109.0,0.7855387576349641,0.7541375873706263,0.7573396995666664,28.1,0.9976791355194754,5.36,0,0,0.2692307692307693,0.8631115151407688,0.4706922734434296,0.7861206564398308,0.2050100546163604,0.047565808726689876
DangMattSmith,0.04801439520579098,0.8382554625257201,Entertainment,DangMattSmith,0.590761443470354,United States,Entertainment,159.0,0.7154630880422042,0.6606339654893357,0.7573396995666664,88.2,0.8515167182046919,14.7,1,0,0.21153846153846156,0.7039771433961941,0.599251146770008,0.7041778327089614,0.7871914495325427,0.047565808726689876
Neha Kakkar,0.045652104908500135,0.8213372754495792,Music,Neha Kakkar,0.3971685438379549,India,Music,110.0,0.7467379681537007,0.7023588487711954,0.7117436549793702,28.1,0.9976791355194754,5.36,0,0,0.19230769230769235,0.6481209390622555,0.6823253996366767,0.7391895177463028,0.2050100546163604,0.024034690390105962
#Refugio Mental,0.045652104908500135,0.841322950482454,Entertainment,#Refugio Mental,0.534381628421677,Unknown,Entertainment,-1.0,0.687182109671618,0.6229811675425743,0.7573396995666664,68.0,0.8515167182046919,9.02,1,1,0.17307692307692307,0.7151897397202532,0.6320545131683919,0.6712936720807685,0.7871914495325427,0.04790079078551936
ýýýýýýýýýýýýýýýýýýýý ýýýýýýýýýýýýýýýýýýýý,0.045652104908500135,0.8446351133194324,Entertainment,ýýýýýýýýýýýýýýýýýýýý ýýýýýýýýýýýýýýýýýýýý,0.3320934323507865,Unknown,Entertainment,-1.0,0.42106174897783516,0.2682839286922371,0.27609891953555643,68.0,0.8515167182046919,9.02,0,1,0.09615384615384616,0.7263202778045043,0.7419126489099193,0.3619151720900686,0.7871914495325427,3.176168897884692e-05
Trap City,0.045652104908500135,0.8549157652312863,Music,TrapCity,0.10988477117572028,Australia,People,3671.0,0.19639347112942335,0.028232427972402593,0.0,113.1,0.5907305851409557,5.27,0,0,0.13461538461538464,0.7608892346562133,0.8804238218226402,0.10732975222746223,0.8153418877455865,1.647741139492025e-07
Supercar Blondie,0.045652104908500135,0.8569199500592812,Autos & Vehicles,Supercar Blondie,0.5352194353582618,United Arab Emirates,Autos,7.0,0.8664893492778483,0.8615819437339282,0.8176146293679291,36.8,0.4913514420929608,2.35,0,0,0.2884615384615385,0.7676315552372354,0.6485086776346414,0.8798007925751332,0.839723239933911,0.1185103585691027
Yudist Ardhana,0.045652104908500135,0.8611411418462196,Entertainment,Yudist Ardhana,0.6306987549811017,Indonesia,Entertainment,27.0,0.8347143659568512,0.8197469287530363,0.8029359086062672,36.3,0.831576842304121,4.69,0,0,0.1153846153846154,0.7818351079204201,0.6031624218450586,0.8431689998299072,0.46706707203478764,0.09513634663277004
Lana Del Rey,0.045652104908500135,0.8661657754042192,Music,Lana Del Rey,0.29995419708172577,United States,Music,160.0,0.8227867583000149,0.8038423079006429,0.7573396995666664,88.2,0.8515167182046919,14.7,0,0,0.21153846153846156,0.7987468345902341,0.7823427978924197,0.8289111956449806,0.7871914495325427,0.04790079078551936
MalumaVEVO,0.045652104908500135,0.9050124274968548,Music,MalumaVEVO,0.41293047847762,United States,Music,160.0,0.8083679904367618,0.7845934479119334,0.7573396995666664,88.2,0.8515167182046919,14.7,1,0,0.21153846153846156,0.9296133625050521,0.76466508668002,0.8116784438350458,0.7871914495325427,0.04790079078551936
F2Freestylers - Ultimate Soccer Skills Channel,0.045652104908500135,0.8378228769384304,Sports,F2Freestylers - Ultimate Soccer Skills Channï¿½,0.5276461416879633,United Kingdom,Sports,28.0,0.7048386513506147,0.6464861220941522,0.7573396995666664,60.0,0.6884115861487217,3.85,1,0,0.21153846153846156,0.7034318288951843,0.6317871080899264,0.6918125027328188,0.8016649953515966,0.04790079078551936
Bie The Ska,0.045652104908500135,0.8509738937776206,Entertainment,Bie The Ska,0.5818206965327405,Thailand,Entertainment,14.0,0.7140260377799458,0.6587163439439766,0.7117436549793702,49.3,0.6926046031024118,0.75,0,0,0.3076923076923077,0.7476311770857729,0.617699948662719,0.7025068678534938,0.40179214608484853,0.024034690390105962
AM3NlC,0.043273001016877366,0.85363054940468,Gaming,AM3NlC,0.6863046821394385,Brazil,People,45.0,0.704785053350603,0.6463370910309745,0.7573396995666664,51.3,0.8069853740217376,12.08,1,0,0.19230769230769235,0.7574815283892243,0.5659688657724394,0.6917663352211287,0.8326655367243903,0.04824052460024838
Narins Beauty,0.043273001016877366,0.8227913494629508,Howto & Style,Narins Beauty,0.48101440492220304,Sweden,Entertainment,3.0,0.7182314553040018,0.6642969952431694,0.7573396995666664,67.0,0.4966149903345538,6.48,1,0,0.15384615384615385,0.6539063033302991,0.6399130799065182,0.7073955311934736,0.8508726450814801,0.04824052460024838
TV Ana Emilia,0.043273001016877366,0.8513611085450049,People & Blogs,TV Ana Emilia,0.5136414270058479,Mexico,Entertainment,29.0,0.7487903817284195,0.705090918819042,0.7117436549793702,40.2,0.7534040881753246,3.42,0,0,0.15384615384615385,0.7498486055742208,0.6537769571513876,0.7435627329926275,0.7748388684508181,0.02420575778530396
ýýýýýýýýýýýý,0.043273001016877366,0.8705458326634941,Gaming,ýýýýýýýýýýýý,0.6104364580754077,Russia,Games,12.0,0.8275775008191727,0.8102308871652477,0.7573396995666664,81.9,0.7673429455374423,4.59,0,0,0.17307692307692307,0.8144091358672496,0.623938680046082,0.8343284725622466,0.6916878398408963,0.04824052460024838
Luli Pampï¿½,0.043273001016877366,0.8747799701956565,Music,Luli Pampï¿½,0.4507787113903707,Spain,Music,15.0,0.840908238797617,0.8280124080805733,0.7117436549793702,88.9,0.6524974609911891,13.96,0,0,0.19230769230769235,0.8286669564843526,0.7120611867361805,0.8501628290902541,0.7642133296961922,0.02420575778530396
Gallina Pintadita,0.043273001016877366,0.8791228340346053,Music,Gallina Pintadita,0.3284060183235076,Mexico,Film,29.0,0.7930344132001715,0.7641396556596517,0.7573396995666664,40.2,0.7534040881753246,3.42,1,0,0.21153846153846156,0.8432935554286868,0.7812216128425614,0.7945420243576121,0.7748388684508181,0.04824052460024838
ViralHog,0.043273001016877366,0.9048183650788632,People & Blogs,ViralHog,0.8421284520888047,United States,Animals,159.0,0.9281340340510966,0.9448834337154359,0.8694805931248841,88.2,0.8515167182046919,14.7,0,0,0.15384615384615385,0.9298765715605847,0.5399901968739526,0.9514871305641459,0.7871914495325427,0.2572356101706675
ETV Jabardasth,0.043273001016877366,0.8920383040831236,People & Blogs,ETV Jabardasth,0.727259263254555,India,Comedy,111.0,0.8221157277614619,0.8029375089900677,0.7117436549793702,28.1,0.9976791355194754,5.36,0,0,0.13461538461538464,0.8868056088570936,0.5861665014457397,0.828085416110968,0.2050100546163604,0.02420575778530396
Zee Telugu,0.043273001016877366,0.8892698875179854,Entertainment,zeetelugu,0.10988477117572028,India,Music,4651.0,0.06325628346498768,0.001799559070553808,0.7573396995666664,28.1,0.9976791355194754,5.36,1,0,0.2884615384615385,0.8774773799144991,0.917631214241406,0.014730619351375183,0.2050100546163604,0.04824052460024838
Crescendo com Luluca,0.043273001016877366,0.8546503720577895,Entertainment,Crescendo com Luluca,0.5688265849342459,Brazil,People,44.0,0.79134437504916,0.7618784675942039,0.7117436549793702,51.3,0.8069853740217376,12.08,0,0,0.13461538461538464,0.760911968284734,0.6284754699961411,0.792983242198994,0.8326655367243903,0.02420575778530396
Jazzghost,0.04087684247274925,0.8587687407162218,Gaming,Jazzghost,0.6825989112090619,Brazil,Games,46.0,0.8118699910570943,0.7892754520920087,0.7117436549793702,51.3,0.8069853740217376,12.08,0,0,0.19230769230769235,0.775689976354956,0.5734702622299093,0.8160291574141555,0.8326655367243903,0.024379277790929334
karameeshchannel,0.04087684247274925,0.8768640647873303,Entertainment,karameeshchannel,0.6119983826473323,Jordan,Music,3.0,0.8028825824652962,0.7772878506552119,0.7117436549793702,34.4,0.49476747573432966,14.72,0,0,0.19230769230769235,0.8366089577972147,0.6299652600653401,0.8057383086944043,0.8932742280915773,0.024379277790929334
Darkar Company Studios,0.04087684247274925,0.8233085144720347,Film & Animation,Darkar Company Studios,0.4133624419838397,United States,Comedy,161.0,0.6683840883153955,0.5978577338708153,0.7573396995666664,88.2,0.8515167182046919,14.7,1,0,0.25000000000000006,0.6565587519625179,0.6759483650409098,0.6494312202336392,0.7871914495325427,0.048585112001071754
Dental Digest,0.04087684247274925,0.8691876260005345,People & Blogs,Dental Digest,0.4584555232319143,Unknown,People,-1.0,0.8472174435038999,0.8364298976270674,0.7840117585933823,68.0,0.8515167182046919,9.02,0,1,0.038461538461538464,0.8107590247851141,0.7019805430914312,0.8573039468381144,0.7871914495325427,0.07261987881601617
T-Series Regional,0.04087684247274925,0.8555663573508668,Entertainment,T-Series Regional,0.7625984482953385,India,Music,111.0,0.7589795237112132,0.7186872971924565,0.7117436549793702,28.1,0.9976791355194754,5.36,0,0,0.21153846153846156,0.7649154552152794,0.5282006162616015,0.7545206492148004,0.2050100546163604,0.024379277790929334
ADEL et SAMI,0.04087684247274925,0.8573418175296839,Entertainment,ADEL et SAMI,0.493233175087088,United States,Entertainment,161.0,0.7489604328384001,0.7053178718566502,0.7573396995666664,88.2,0.8515167182046919,14.7,1,0,0.07692307692307693,0.7708887640586631,0.6709355752085299,0.7435496811091519,0.7871914495325427,0.048585112001071754
Jamuna TV,0.04087684247274925,0.8878238877452885,News & Politics,jamuna tv24,0.15424277660966593,Bangladesh,Entertainment,3776.0,0.0,0.0,0.7573396995666664,20.6,0.7824540833091933,4.19,1,0,0.019230769230769232,0.8735288731029054,0.8873599042495586,0.0025887146234688106,0.2290262521767481,0.048585112001071754
Atlantic Records,0.04087684247274925,0.8890164290623213,Music,Atlantic Records,0.5877646501349983,United States,Music,161.0,0.8076467144197889,0.78363101312456,0.7117436549793702,88.2,0.8515167182046919,14.7,0,0,0.3076923076923077,0.8775469368173017,0.655794663407637,0.8117338406622344,0.7871914495325427,0.024379277790929334
ýýýýýýýý ýý ýýýýýýýýýýýý,0.04087684247274925,0.8740098460776661,Entertainment,ýýýýýýýý ýý ýýýýýýýýýýýý,0.4933902913074541,United States,People,161.0,0.8149862968747196,0.793423460325858,0.7573396995666664,88.2,0.8515167182046919,14.7,0,0,0.07692307692307693,0.8269965395708189,0.6889057099416593,0.8200613136798375,0.7871914495325427,0.048585112001071754
Veritasium,0.04087684247274925,0.8219483248188438,Education,Veritasium,0.4687344498008086,United States,Education,161.0,0.771596269907046,0.735538587837288,0.7573396995666664,88.2,0.8515167182046919,14.7,0,0,0.23076923076923078,0.6519994012994166,0.6454319296549568,0.7689356210844656,0.7871914495325427,0.048585112001071754
Alexa Rivera,0.04087684247274925,0.836792057244313,Howto & Style,Alexa Rivera,0.449149919000053,Unknown,Entertainment,-1.0,0.8251471139177541,0.8069819085596717,0.7840117585933823,68.0,0.8515167182046919,9.02,0,1,0.23076923076923078,0.7018043638259033,0.6717721065237189,0.8321078950714719,0.7871914495325427,0.07261987881601617
Airrack,0.038463382996375195,0.8229764279470491,Entertainment,Airrack,0.40893307145757657,United States,Entertainment,161.0,0.8087450068643207,0.7850995741076515,0.7840117585933823,88.2,0.8515167182046919,14.7,0,0,0.13461538461538464,0.6563710028335507,0.6779158748920276,0.8128404120015108,0.7871914495325427,0.07314049195894123
Hacksmith Industries,0.038463382996375195,0.8153071047235739,Science & Technology,Hacksmith Industries,0.5381285731368628,Canada,Tech,10.0,0.8009164823556306,0.7746620620364653,0.7117436549793702,68.9,0.6277908648360833,5.56,0,0,0.3076923076923077,0.6306778404978,0.6019180506564744,0.8031295110414514,0.7912996805529158,0.024555303533031037
JD Pantoja,0.038463382996375195,0.8077424034426662,People & Blogs,JD Pantoja,0.2245749595000265,Unknown,Music,-1.0,0.7176418547257709,0.6635143274980632,0.7117436549793702,68.0,0.8515167182046919,9.02,0,1,0.09615384615384616,0.6053732125875304,0.7600083263333712,0.7067116837260449,0.7871914495325427,0.024555303533031037
ýýýýýýýý/Atro,0.038463382996375195,0.8271415079630937,Gaming,ýýýýýýýý/Atro,0.6006013822867373,Netherlands,Games,4.0,0.7817251022028279,0.7490546568967688,0.7573396995666664,85.0,0.5500983619374162,3.2,0,0,0.09615384615384616,0.6703382802787969,0.5820703562238876,0.7802352957893331,0.901439086570802,0.04893465774879883
123 GO! Spanish,0.038463382996375195,0.8540838765213272,People & Blogs,123 GO! Spanish,0.4958626978149571,Mexico,Howto,30.0,0.748338377843174,0.7045198069563389,0.7117436549793702,40.2,0.7534040881753246,3.42,0,0,0.057692307692307696,0.760857096772798,0.666030539981112,0.7435931749072979,0.7748388684508181,0.024555303533031037
Geo News,0.038463382996375195,0.8591345777039717,News & Politics,Geo News,0.9634890942020765,Pakistan,News,6.0,0.8089273369736433,0.7853434622526905,0.7117436549793702,9.0,0.8088988070820926,4.45,0,0,0.2884615384615385,0.777850002473462,0.42710653987828107,0.8128262644288313,0.23455163313827027,0.024555303533031037
Kids TV India Hindi Nursery Rhymes,0.038463382996375195,0.8648247032742572,Shows,Kids TV India Hindi Nursery Rhymes,0.5799996261163652,India,Education,112.0,0.7979451792991898,0.7706918185711451,0.7117436549793702,28.1,0.9976791355194754,5.36,0,0,0.15384615384615385,0.79700066716705,0.6336531900083567,0.800455795329298,0.2050100546163604,0.024555303533031037
Think Music India,0.038463382996375195,0.8842226500551315,Music,Think Music India,0.6747826170176312,India,Music,112.0,0.8442760603339161,0.8325068895801271,0.7573396995666664,28.1,0.9976791355194754,5.36,0,0,0.25000000000000006,0.862326100284405,0.6051227003825334,0.853845547029826,0.2050100546163604,0.04893465774879883
O Que Nï¿½ï¿½ï¿½ï¿½ï¿½ï¿,0.036032370934547586,0.81828342332949,Comedy,O Que Nï¿½ï¿½ï¿½ï¿½ï¿½ï¿,0.5189316475447664,Brazil,Entertainment,47.0,0.8029684099199895,0.7773919495276298,0.7573396995666664,51.3,0.8069853740217376,12.08,0,0,0.13461538461538464,0.6415761897853297,0.6151839878181427,0.8057315700440271,0.8326655367243903,0.04928926964104616
Goldmines Premiere,0.036032370934547586,0.8183941702768044,Entertainment,Goldmines Premiere,0.5456183999721397,India,Film,113.0,0.7643278848066888,0.7258427968147064,0.7117436549793702,28.1,0.9976791355194754,5.36,0,0,0.17307692307692307,0.6419471747407018,0.6013441653732319,0.7607751030533885,0.2050100546163604,0.02473388968317666
MAIKI021,0.036032370934547586,0.8179369237901785,Entertainment,MAIKI021,0.642156331962271,Brazil,Entertainment,47.0,0.6903311140153383,0.6272105437307146,0.7573396995666664,51.3,0.8069853740217376,12.08,1,0,0.2692307692307693,0.6404155185897752,0.5503818608010743,0.6749520285698293,0.8326655367243903,0.04928926964104616
The Vishal bhatt,0.036032370934547586,0.8788666122187381,Comedy,The Vishal bhatt,0.5507289767169683,India,Comedy,113.0,0.8697275909487796,0.8657822716423494,0.8296080224506922,28.1,0.9976791355194754,5.36,0,0,0.019230769230769232,0.8452203864615327,0.6641663845063319,0.8836612672467404,0.2050100546163604,0.14577532527731418
NishaMadhulika,0.036032370934547586,0.8336224385371341,Howto & Style,NishaMadhulika,0.6085499683126364,India,Howto,113.0,0.7402986952807494,0.6937519634447193,0.7117436549793702,28.1,0.9976791355194754,5.36,0,0,0.25000000000000006,0.693021685019852,0.5849347115746976,0.7347631907623295,0.2050100546163604,0.02473388968317666
MyMissAnand,0.036032370934547586,0.8536559217034292,People & Blogs,MyMissAnand,0.4622647898692353,India,Entertainment,113.0,0.7506253352004808,0.7075420495524279,0.7573396995666664,28.1,0.9976791355194754,5.36,1,0,0.15384615384615385,0.7603529693985425,0.6831626720041903,0.7434189853833685,0.2050100546163604,0.04928926964104616
FAPTV,0.036032370934547586,0.8572835024104837,Comedy,FAPTV,0.5359567905100632,Vietnam,Comedy,3.0,0.7611613995126253,0.7216165017632775,0.7573396995666664,28.5,0.7260160918093717,2.01,1,0,0.15384615384615385,0.7725571334172483,0.6485167374573807,0.7577832549729501,0.2311667842305563,0.04928926964104616
Wesley Safadï¿½,0.036032370934547586,0.8725463349609709,Music,Wesley Safadï¿½,0.4822884983709082,Brazil,Music,47.0,0.7885812305968606,0.7581904109313854,0.7573396995666664,51.3,0.8069853740217376,12.08,1,0,0.25000000000000006,0.8239343120196561,0.693133247988666,0.7896591744580689,0.8326655367243903,0.04928926964104616
infobells,0.036032370934547586,0.8552764300249975,Education,infobells,0.4919649063146703,India,Education,113.0,0.7435802921175791,0.6981755446714726,0.7117436549793702,28.1,0.9976791355194754,5.36,0,0,0.21153846153846156,0.7658044219380191,0.669362595770821,0.7345058266886043,0.2050100546163604,0.02473388968317666
Desi Gamers,0.036032370934547586,0.8214026333377171,Gaming,Desi gamers,0.05494238558786014,Unknown,Tech,-1.0,0.05012941861349661,0.0012055968060015244,0.7573396995666664,68.0,0.8515167182046919,9.02,1,1,0.038461538461538464,0.6520278199687213,0.8896239544475102,0.010550653696005646,0.7871914495325427,0.04928926964104616
Acenix,0.03358354910311956,0.8211667171532396,Gaming,Acenix,0.4685199297585814,Spain,Games,16.0,0.7748729959432987,0.7398949756112504,0.7573396995666664,88.9,0.6524974609911891,13.96,0,0,0.15384615384615385,0.6521759969999639,0.6446977882968229,0.7738290800905265,0.7642133296961922,0.04964905862308145
Zeinab Harake,0.03358354910311956,0.7882365902852919,Entertainment,Zeinab Harake,0.4449252012048795,Philippines,People,9.0,0.7124894370778901,0.656736351169171,0.7117436549793702,35.5,0.7377053780779417,2.15,0,0,0.09615384615384616,0.5422155080147752,0.6213990102147393,0.7007133213219122,0.3588082429858545,0.02491509251506633
DALLMYD,0.03358354910311956,0.8179123561210451,Sports,DALLMYD,0.47744921930344963,United States,Sports,164.0,0.7549844316063087,0.7133693591330291,0.7117436549793702,88.2,0.8515167182046919,14.7,0,0,0.21153846153846156,0.6412715582597907,0.6364959525452861,0.7511800344288223,0.7871914495325427,0.02491509251506633
Lindsey Stirling,0.03358354910311956,0.8430863472080895,Music,Lindsey Stirling,0.41997169415675434,United States,Music,163.0,0.7231729702310994,0.6709220147482648,0.7117436549793702,88.2,0.8515167182046919,14.7,0,0,0.2884615384615385,0.7257549031105612,0.6938976662265891,0.7131446298228007,0.7871914495325427,0.02491509251506633
JOJO TV - Hindi Stories,0.03358354910311956,0.8550026680778207,Education,JOJO TV - Hindi Stories,0.554954484922401,India,Film,114.0,0.707196111589152,0.6496757619556317,0.7117436549793702,28.1,0.9976791355194754,5.36,0,0,0.1153846153846154,0.765825833832277,0.636110705570426,0.694566316359677,0.2050100546163604,0.02491509251506633
BBC,0.03358354910311956,0.8792181393985234,Pets & Animals,BBC,0.7675509445452507,United Kingdom,Entertainment,29.0,0.7718693393168635,0.7359166208673805,0.7117436549793702,60.0,0.6884115861487217,3.85,0,0,0.3269230769230769,0.8473480241732507,0.5512290892472335,0.7689140439805042,0.8016649953515966,0.02491509251506633
Saturday Night Live,0.03358354910311956,0.8952179925689566,Entertainment,Saturday Night Live,0.7156322401663976,United States,Comedy,164.0,0.7829534249798817,0.7506891275947271,0.7573396995666664,88.2,0.8515167182046919,14.7,1,0,0.17307692307692307,0.9012557568811751,0.5956856072459009,0.7822767782501295,0.7871914495325427,0.04964905862308145
BUDI01 GAMING,0.03111665462372759,0.7987682224666093,Gaming,BUDI01 GAMING,0.4572265822237478,Indonesia,Games,29.0,0.7173136181733506,0.6630625293598588,0.7573396995666664,36.3,0.831576842304121,4.69,1,0,0.057692307692307696,0.5782164953642356,0.6263565589299989,0.70632695006148,0.46706707203478764,0.05001413890355836
Typical Gamer,0.03111665462372759,0.8481848414047791,Gaming,Typical Gamer,0.6634005162037183,Canada,Games,11.0,0.757698453842377,0.7169813416055681,0.7573396995666664,68.9,0.6277908648360833,5.56,1,0,0.2692307692307693,0.7438437072303938,0.5720397864369358,0.7546196316212039,0.7912996805529158,0.05001413890355836
Anaysa,0.03111665462372759,0.8397027676729802,Howto & Style,Anaysa,0.5059893378678021,India,Howto,115.0,0.7535167894464126,0.7114028729324129,0.7573396995666664,28.1,0.9976791355194754,5.36,1,0,0.19230769230769235,0.7153327453991813,0.6451546983989672,0.7473886981529315,0.2050100546163604,0.05001413890355836
JULIA GISELLA,0.03111665462372759,0.8567396385010284,Entertainment,Julia Gisella,0.23745703987230724,United Kingdom,Music,2492.0,0.3054712816588733,0.11846827319320496,0.2751022086201972,60.0,0.6884115861487217,3.85,0,0,0.13461538461538464,0.772619233759562,0.8059581979599769,0.22836562321140869,0.8016649953515966,3.267287640124823e-05
Awakening Music,0.03111665462372759,0.8579002277117338,Music,Awakening Music,0.5313289245267147,United Kingdom,Music,30.0,0.761401103213186,0.7219190664746902,0.7117436549793702,60.0,0.6884115861487217,3.85,0,0,0.3076923076923077,0.7765244005810631,0.6516054454933091,0.7577666155612659,0.8016649953515966,0.02509896996365357
Lady Diana,0.03111665462372759,0.8731597219040765,Entertainment,Lady Diana,0.5744406195852231,Ukraine,People,4.0,0.7958747489016049,0.7679204483005282,0.7117436549793702,82.7,0.6464637607066992,8.88,0,0,0.1153846153846154,0.8278935593490205,0.6455868276258192,0.7975568941807092,0.6296444637336627,0.02509896996365357
Sanjoy Das Official,0.03111665462372759,0.8445581078818555,Entertainment,Sanjoy Das Official,0.5938702775037806,India,Games,114.0,0.8355286222461243,0.8208351051534941,0.8029359086062672,28.1,0.9976791355194754,5.36,0,0,0.13461538461538464,0.7316504033761413,0.6044520875567495,0.8437679496548435,0.2050100546163604,0.09930348496944297
Woody & Kleiny,0.03111665462372759,0.8865013419740614,Comedy,Woody & Kleiny,0.5456183999721397,United Kingdom,Entertainment,29.0,0.8819345201233039,0.8832965328346507,0.8029359086062672,60.0,0.6884115861487217,3.85,0,0,0.17307692307692307,0.8728346211708882,0.675107938452009,0.8977486345493726,0.8016649953515966,0.09930348496944297
Vijay Kumar Viner Vlogs,0.03111665462372759,0.8717118199575763,Entertainment,Vijay Kumar Viner Vlogs,0.5718001184192412,India,Entertainment,116.0,0.8131745038955943,0.7910186289148804,0.7840117585933823,28.1,0.9976791355194754,5.36,0,0,0.057692307692307696,0.8230177134795864,0.6453992274955258,0.818105950288421,0.2050100546163604,0.07474810501157347
Conor Maynard,0.03111665462372759,0.8310920668687228,Music,Conor Maynard,0.45772044741778534,United States,Music,165.0,0.7072935070562159,0.6496757619556317,0.7573396995666664,88.2,0.8515167182046919,14.7,1,0,0.3076923076923077,0.6864147936560966,0.6611062118196531,0.6946757369294132,0.7871914495325427,0.05001413890355836
Wengie,0.03111665462372759,0.8169456934541868,Howto & Style,Wengie,0.48650759304283564,United States,Howto,165.0,0.611954234545551,0.5220911857905834,0.7117436549793702,88.2,0.8515167182046919,14.7,0,0,0.23076923076923078,0.6389788986366625,0.630705511514695,0.5838400267498548,0.7871914495325427,0.02509896996365357
Vlad y Niki Show,0.028631418754448745,0.8509371787876582,Entertainment,Vlad y Niki Show,0.4890348562302642,United States,Entertainment,166.0,0.8052114191345027,0.7803854270762718,0.7573396995666664,88.2,0.8515167182046919,14.7,0,0,0.07692307692307693,0.7540558437523002,0.6661969351079804,0.808190092304615,0.7871914495325427,0.050384628075395614
Codiscos,0.028631418754448745,0.886737078846484,Music,Codiscos,0.705729551710507,Colombia,Music,9.0,0.8466902512811119,0.8357291252238168,0.7117436549793702,55.3,0.6593647803372147,9.71,0,0,0.2884615384615385,0.874586741282748,0.5916747388379967,0.8568327394108654,0.7707525062637044,0.02528558168690359
The World Adventures ï¿½ï¿½ï¿½ï¿½ï¿½ï¿½,0.028631418754448745,0.8214844564507701,People & Blogs,The World Adventures ï¿½ï¿½ï¿½ï¿½ï¿½ï¿½,0.5498099506859186,India,People,116.0,0.6006914443709992,0.5079319972680723,0.7573396995666664,28.1,0.9976791355194754,5.36,1,0,0.1153846153846154,0.6551398269502632,0.6024990073251769,0.5707952833862732,0.2050100546163604,0.050384628075395614
Vibhu 96,0.028631418754448745,0.6438753680583428,Entertainment,Vibhu 96,0.4398481108534491,India,Education,114.0,0.7360632627728076,0.68816140912778,0.7840117585933823,28.1,0.9976791355194754,5.36,0,0,0.0,0.1199538326541606,0.4677110294285715,0.7281318600659379,0.2050100546163604,0.0752997970153004
Blockbuster Movies,0.028631418754448745,0.8296627892718418,Entertainment,Blockbuster Movies,0.0,India,Entertainment,5589.0,0.7885997468573448,0.0,0.7573396995666664,28.1,0.9976791355194754,5.36,1,0,0.09615384615384616,0.6825717523610815,0.0,0.0,0.2050100546163604,0.050384628075395614
ATHLEAN-Xï¿½,0.028631418754448745,0.8245686789973438,Howto & Style,ATHLEAN-Xï¿½,0.5713317855517965,United States,Howto,166.0,0.7207848125969496,0.6677520822689349,0.7573396995666664,88.2,0.8515167182046919,14.7,1,0,0.3076923076923077,0.6654810937868171,0.5945855118951427,0.7103641781849914,0.7871914495325427,0.050384628075395614
My Mate Nate,0.028631418754448745,0.8387800230730372,Comedy,My Mate Nate,0.5617310422347199,Thailand,Entertainment,15.0,0.7689615692796854,0.7320263124327692,0.7573396995666664,49.3,0.6926046031024118,0.75,1,0,0.15384615384615385,0.7131876363622565,0.6149971249718463,0.7663779095305803,0.40179214608484853,0.050384628075395614
H2ODelirious,0.028631418754448745,0.8486715597137134,Gaming,H2ODelirious,0.6518466898457433,United States,Games,166.0,0.7274684281577306,0.6766247486499724,0.7573396995666664,88.2,0.8515167182046919,14.7,1,0,0.2884615384615385,0.7464363701820975,0.578604845147764,0.7181349088899597,0.7871914495325427,0.050384628075395614
GMA Integrated News,0.028631418754448745,0.8787604143893077,News & Politics,GMA Integrated News,0.9986639874354284,Philippines,News,10.0,0.815462223667735,0.7940595707714042,0.7117436549793702,35.5,0.7377053780779417,2.15,0,0,0.2884615384615385,0.8477143751335198,0.429984739564451,0.8200242633597299,0.3588082429858545,0.02528558168690359
Peet Montzingo,0.028631418754448745,0.8805279036304713,People & Blogs,Peet Montzingo,0.4572265822237478,United States,People,165.0,0.8718980353490428,0.8697114161720434,0.8176146293679291,88.2,0.8515167182046919,14.7,0,0,0.15384615384615385,0.853668199540887,0.7149067532457104,0.8860872039232904,0.7871914495325427,0.124589143081185
The Q,0.028631418754448745,0.8482259837435772,People & Blogs,Tom Duggan,0.36261495622171513,United States,Sports,7615.0,0.03162814173249384,0.0006057826022687468,0.0,88.2,0.8515167182046919,14.7,0,0,0.3076923076923077,0.7449380198803219,0.7296523576577117,0.0064846384197499085,0.7871914495325427,1.773740587539684e-07
Trakin Tech,0.02612756671409855,0.8236202554687974,Science & Technology,Trakin Tech,0.6499749610462527,India,Tech,116.0,0.7710974540841051,0.7348800412796308,0.7117436549793702,28.1,0.9976791355194754,5.36,0,0,0.21153846153846156,0.6632610121456324,0.5524511138155835,0.7689733599150433,0.2050100546163604,0.025474989130327374
theRadBrad,0.02612756671409855,0.8612272286520468,Gaming,theRadBrad,0.7142897068617554,United States,Games,167.0,0.7244017816979098,0.6725927480526437,0.7573396995666664,88.2,0.8515167182046919,14.7,1,0,0.3076923076923077,0.7896415428826294,0.5595732896053627,0.7145685303160745,0.7871914495325427,0.05076064724206942
Matt Steffanina,0.02612756671409855,0.8380406259801645,Entertainment,Matt Steffanina,0.46014464575059566,United States,Entertainment,692.0,0.6287491911442596,0.5448273509004883,0.7573396995666664,88.2,0.8515167182046919,14.7,1,0,0.2884615384615385,0.71166578964894,0.6673614474897603,0.6033437510574543,0.7871914495325427,0.05076064724206942
Stray Kids,0.02612756671409855,0.8387867927208933,People & Blogs,straykids,0.10988477117572028,Unknown,Comedy,-1.0,0.01850127688100276,0.0006057826022687468,0.0,68.0,0.8515167182046919,9.02,0,1,0.2884615384615385,0.7141726992151776,0.8629552629009253,0.004572426969119224,0.7871914495325427,1.7928232106726866e-07
Kurt Hugo Schneider,0.02612756671409855,0.8427727219052402,Entertainment,Kurt Hugo Schneider,0.5191587683512235,United States,Entertainment,167.0,0.664610030245532,0.592680917162245,0.7573396995666664,88.2,0.8515167182046919,14.7,1,0,0.2884615384615385,0.7275674699704193,0.641588398162573,0.6450495224810162,0.7871914495325427,0.05076064724206942
Vogue,0.02612756671409855,0.8470627577044176,Entertainment,Vogue,0.6389195710578438,United States,People,167.0,0.7725636710075132,0.7368346881657132,0.7117436549793702,88.2,0.8515167182046919,14.7,0,0,0.2692307692307693,0.7419897246170518,0.5836182948063469,0.7714914515236249,0.7871914495325427,0.025474989130327374
ýýýýýýýýýýýýýýýýýý,0.02612756671409855,0.8638678774163983,People & Blogs,ýýýýýýýýýýýýýýýýýý,0.5082334624793824,Russia,Entertainment,13.0,0.8042176073353732,0.779067507928855,0.7117436549793702,81.9,0.7673429455374423,4.59,0,0,0.13461538461538464,0.7985299151467301,0.670152408104852,0.8069665112267124,0.6916878398408963,0.025474989130327374
Kids Lineï¿½ï¿½ï¿½ï¿½ï¿½ï¿½ï¿½,0.02612756671409855,0.8767874889674356,People & Blogs,Kids Lineï¿½ï¿½ï¿½ï¿½ï¿½ï¿½ï¿½,0.6275265946268046,United States,Education,166.0,0.8308848748435835,0.8146457963338687,0.7117436549793702,88.2,0.8515167182046919,14.7,0,0,0.21153846153846156,0.8420337102363048,0.6217661842283398,0.8386018112577326,0.7871914495325427,0.025474989130327374
VexTrex,0.02612756671409855,0.8715439195731797,Entertainment,VexTrex,0.6173334242020432,Ukraine,Entertainment,5.0,0.869740342976687,0.0,0.7573396995666664,82.7,0.6464637607066992,8.88,1,0,0.15384615384615385,0.8243741660201072,0.6214147112001298,0.0,0.6296444637336627,0.05076064724206942
penguinz0,0.02612756671409855,0.8708113906756114,Gaming,penguinz0,0.6687478546440191,United States,Entertainment,166.0,0.8379374534313226,0.8240520604694449,0.7573396995666664,88.2,0.8515167182046919,14.7,0,0,0.2884615384615385,0.8219074308845223,0.5937511608835329,0.8467798235735993,0.7871914495325427,0.05076064724206942
Just For Laughs Gags,0.02612756671409855,0.8689625982891476,Comedy,Just For Laughs Gags,0.7008412653086976,United States,Comedy,167.0,0.7292883713947449,0.6791136109755018,0.7117436549793702,88.2,0.8515167182046919,14.7,0,0,0.2884615384615385,0.8156821261269347,0.5749783110873088,0.7202555857728183,0.7871914495325427,0.025474989130327374
Kabita's Kitchen,0.02612756671409855,0.8321919661278856,Howto & Style,Kabita's Kitchen,0.5791529947594211,India,Howto,117.0,0.7705180507914828,0.7341085064334513,0.7573396995666664,28.1,0.9976791355194754,5.36,1,0,0.15384615384615385,0.6920230593507009,0.5987527909072646,0.7690164571641955,0.2050100546163604,0.05076064724206942
BanderitaX,0.02612756671409855,0.846621436516991,Gaming,BanderitaX,0.5868044311578646,Saudi Arabia,Games,7.0,0.793089941933655,0.7642042731436861,0.7573396995666664,68.0,0.6199535637573586,5.93,0,0,0.17307692307692307,0.7405058427665294,0.6103805601896156,0.7945386957435435,0.8066755444381477,0.05076064724206942
AzzyLand,0.02612756671409855,0.8634505201788846,Gaming,AzzyLand,0.591901968287287,Canada,Entertainment,12.0,0.675610345493328,0.6073365121358396,0.7117436549793702,68.9,0.6277908648360833,5.56,0,0,0.13461538461538464,0.7971250129361166,0.6259425392397229,0.6578331314458465,0.7912996805529158,0.025474989130327374
HUBAï¿½ï¿½,0.023604817499918163,0.8799990318747751,Entertainment,HUBAï¿½ï¿½,0.4985549791253374,United States,Entertainment,167.0,0.8619270922284019,0.8570702056221131,0.8176146293679291,88.2,0.8515167182046919,14.7,0,0,0.019230769230769232,0.8538236046896939,0.6926887983550217,0.8743257479265583,0.7871914495325427,0.1264421945897428
BIBO ï¿½ï¿½ï¿½ï¿½ï¿½ï¿,0.023604817499918163,0.797689159691895,Entertainment,BIBO ï¿½ï¿½ï¿½ï¿½ï¿½ï¿,0.4171477021008451,Russia,Entertainment,13.0,0.6978427202661267,0.6371759553552345,0.7573396995666664,81.9,0.7673429455374423,4.59,0,0,0.057692307692307696,0.577483595977681,0.6462130073513552,0.6836873872939925,0.6916878398408963,0.05114232114960394
Brawl Stars,0.023604817499918163,0.8195913257979226,Gaming,Brawl Stars,0.4084762107852062,Finland,Games,1.0,0.7362990876229434,0.6884609418372214,0.7573396995666664,88.2,0.4328399373209475,6.59,1,0,0.09615384615384616,0.6507217666618776,0.6744896997652846,0.7284046229463139,0.8234300380171735,0.05114232114960394
Ei Nerd,0.023604817499918163,0.8410395651137428,Entertainment,Einerd,0.0,Unknown,Games,-1.0,0.7885997468573448,0.0,0.7573396995666664,68.0,0.8515167182046919,9.02,1,1,0.2884615384615385,0.7227123599927355,0.0,0.0,0.7871914495325427,0.05114232114960394
Sonotek Bhakti,0.023604817499918163,0.8433407227099927,Entertainment,Sonotek Bhakti,0.7125690350935838,India,Music,118.0,0.746229034147884,0.7017013258691392,0.7573396995666664,28.1,0.9976791355194754,5.36,1,0,0.23076923076923078,0.7304466977694197,0.541100350944076,0.7392272949480835,0.2050100546163604,0.05114232114960394
Vilmei,0.023604817499918163,0.8473225806476742,Entertainment,Vilmei,0.5698501516243764,Indonesia,People,30.0,0.8532527751550697,0.8468998530081708,0.848532199872483,36.3,0.831576842304121,4.69,0,0,0.17307692307692307,0.7438337407616269,0.6200038942804806,0.8644572197304327,0.46706707203478764,0.2001108948713952
MC Divertida,0.023604817499918163,0.8556191675595962,Entertainment,MC Divertida,0.477640912521961,Brazil,Entertainment,49.0,0.7889063071216401,0.7586402390858767,0.7117436549793702,51.3,0.8069853740217376,12.08,0,0,0.07692307692307693,0.7717404719931132,0.6772340902519381,0.7896336227568143,0.8326655367243903,0.0256672555944381
The Infographics Show,0.023604817499918163,0.855901898831483,Education,The Infographics Show,0.6627917040548487,United States,Education,168.0,0.7789064269659605,0.7452964708800268,0.7117436549793702,88.2,0.8515167182046919,14.7,0,0,0.21153846153846156,0.7726917668821494,0.5807159278490795,0.7782344581598041,0.7871914495325427,0.0256672555944381
jbalvinVEVO,0.023604817499918163,0.9083415240346544,Music,jbalvinVEVO,0.4337601216975526,Colombia,Music,10.0,0.8021641787541735,0.7763252242811418,0.7573396995666664,55.3,0.6593647803372147,9.71,1,0,0.23076923076923078,0.9493364509473221,0.7573354692630506,0.804429917217765,0.7707525062637044,0.05114232114960394
ýýýýýýTwinsFromRussia,0.023604817499918163,0.877986931155276,People & Blogs,ýýýýýýTwinsFromRussia,0.7005197491497508,United States,People,168.0,0.8169895239626679,0.796107692825665,0.7840117585933823,88.2,0.8515167182046919,14.7,0,0,0.21153846153846156,0.8470458201237998,0.5849201524055462,0.8219273080595321,0.7871914495325427,0.07642797926134598
Technology Gyan,0.023604817499918163,0.7973493891154116,Science & Technology,Technology Gyan,0.5493464107261561,India,Tech,118.0,0.7319518989995979,0.6826659403721825,0.7117436549793702,28.1,0.9976791355194754,5.36,0,0,0.13461538461538464,0.5763505864476732,0.5766018447957464,0.7233493858559115,0.2050100546163604,0.0256672555944381
CookingShooking Hindi,0.023604817499918163,0.8139831741092013,People & Blogs,CookingShooking Hindi,0.4737160956230833,India,Howto,118.0,0.7101743595333456,0.6536401233361565,0.7573396995666664,28.1,0.9976791355194754,5.36,1,0,0.09615384615384616,0.6319358919232303,0.6341956904454553,0.6980220839646664,0.2050100546163604,0.05114232114960394
Ryan Trahan,0.021062883698318657,0.8222431733471461,Entertainment,Ryan Trahan,0.27951734508788667,United States,People,7683.0,0.22013192756588024,0.04189408355524953,0.0,88.2,0.8515167182046919,14.7,0,0,0.0,0.6605860834162943,0.7457338971628041,0.13298180314351687,0.7871914495325427,1.8318624701786e-07
Alex Gonzaga Official,0.021062883698318657,0.8053155485766476,People & Blogs,Alex Gonzaga Official,0.4488751696531424,Philippines,People,11.0,0.707550814444748,0.6500980474055045,0.7573396995666664,35.5,0.7377053780779417,2.15,1,0,0.09615384615384616,0.6039148279634856,0.637825376583979,0.6949809194562606,0.3588082429858545,0.05152977832456209
WiederDude,0.021062883698318657,0.8308507000840611,Entertainment,WiederDude,0.4494237192972427,United States,Games,169.0,0.7831688724613676,0.7509840782671615,0.7117436549793702,88.2,0.8515167182046919,14.7,0,0,0.1153846153846154,0.6894651908158411,0.6651937469556832,0.7822599989942971,0.7871914495325427,0.025862446305285534
Ian Boggs,0.021062883698318657,0.8768790374700621,Entertainment,Ian Boggs,0.5700294169263159,Unknown,Entertainment,-1.0,0.8632863283916585,0.8570702056221131,0.8397482946937163,68.0,0.8515167182046919,9.02,0,1,0.23076923076923078,0.8442934975357075,0.6519214160872244,0.8760403144065244,0.7871914495325427,0.1770386834278819
Lokdhun Punjabi,0.021062883698318657,0.851674443119586,Music,Lokdhun Punjabi,0.5660515603232321,India,Music,119.0,0.7602613957325186,0.720435174209684,0.7117436549793702,28.1,0.9976791355194754,5.36,0,0,0.23076923076923078,0.7594478228816979,0.6267033457759966,0.7578530835747763,0.2050100546163604,0.025862446305285534
Knowledge Tv ï¿½ï¿½ï¿½ï¿½ï¿½ï¿½,0.021062883698318657,0.8176694244236392,People & Blogs,Knowledge Tv ï¿½ï¿½ï¿½ï¿½ï¿½ï¿½,0.16482715676358042,Unknown,People,-1.0,0.01850127688100276,0.0006057826022687468,0.7573396995666664,68.0,0.8515167182046919,9.02,1,1,0.057692307692307696,0.645255970260727,0.8049949636722579,0.004572426969119224,0.7871914495325427,0.05152977832456209
Painzeiro,0.021062883698318657,0.8282779659244671,People & Blogs,Painzeiro,0.5534973647131975,Brazil,People,50.0,0.771431640400038,0.7353313943171874,0.7117436549793702,51.3,0.8069853740217376,12.08,0,0,0.13461538461538464,0.6808298284857998,0.6079283886236139,0.7689464063468094,0.8326655367243903,0.025862446305285534
Peppa Pig em Portuguï¿½ï¿½ï¿½ï¿½ï¿½ï¿½ï¿½ï¿½ï¿,0.021062883698318657,0.84739985649655,Film & Animation,Peppa Pig em Portuguï¿½ï¿½ï¿½ï¿½ï¿½ï¿½ï¿½ï¿½ï¿½,0.5722657004169743,Brazil,Film,49.0,0.7497296007117935,0.7063844935778555,0.7117436549793702,51.3,0.8069853740217376,12.08,0,0,0.15384615384615385,0.7450713679180175,0.6188246215638908,0.7434887298315191,0.8326655367243903,0.025862446305285534
ýýýýýýýýýýýýýýý Ms Yeah,0.021062883698318657,0.8490483861852048,People & Blogs,ýýýýýýýýýýýýýýý Ms Yeah,0.481744964077325,United States,Howto,169.0,0.7860942467265766,0.7548697261985545,0.7117436549793702,88.2,0.8515167182046919,14.7,0,0,0.09615384615384616,0.7506152061516708,0.6679683124408298,0.7860777275890428,0.7871914495325427,0.025862446305285534
Hungria Hip Hop,0.021062883698318657,0.8508222185905008,Music,Hungria Hip Hop,0.34116218110422164,Brazil,Music,50.0,0.7756238177824897,0.7409133844035742,0.7573396995666664,51.3,0.8069853740217376,12.08,1,0,0.17307692307692307,0.7565812165079155,0.7438067405199815,0.7737700309582248,0.8326655367243903,0.05152977832456209
RaptorGamer,0.021062883698318657,0.8328346307766362,People & Blogs,RaptorGamer,0.5767221876966401,Ecuador,Games,2.0,0.787754633944279,0.75708738791445,0.7840117585933823,44.9,0.5503393863758361,3.97,0,0,0.1153846153846154,0.6961261416704192,0.6007196970833695,0.787868475482869,0.5630757909784909,0.07700484387972792
RedeTV,0.021062883698318657,0.8564072670735348,Entertainment,RedeTV,0.8332500878141355,Brazil,Entertainment,50.0,0.729600762578118,0.6795475385528174,0.7573396995666664,51.3,0.8069853740217376,12.08,1,0,0.21153846153846156,0.7753706226249694,0.4921972386233352,0.7206121103540316,0.8326655367243903,0.05152977832456209
twenty one pilots,0.021062883698318657,0.8559055220208823,Music,twenty one pilots,0.4179648753922482,United States,Music,169.0,0.7781087673904693,0.7442299264716448,0.7573396995666664,88.2,0.8515167182046919,14.7,1,0,0.25000000000000006,0.7736823451852031,0.7088353520828837,0.7759854757656919,0.7871914495325427,0.05152977832456209
DJ Khaled,0.021062883698318657,0.8647721308075298,Music,DjKhaled,0.20331098583874038,Samoa,Music,81.0,0.23942046607480466,0.06688422937232245,0.04559637349313898,7.6,0.09408932245239199,8.36,0,0,0.3076923076923077,0.8035242896575686,0.8336883781953593,0.15335770568312396,0.0,7.024083585132226e-07
Davie504,0.01850147128837154,0.8301393703769223,Entertainment,Davie504,0.5336294034906675,Italy,Entertainment,2.0,0.7537680080519229,0.7117605415799809,0.7117436549793702,61.9,0.677863053300995,9.89,0,0,0.21153846153846156,0.6880608969725128,0.6203355621365675,0.7473684570187452,0.6449672536450943,0.026060628488233536
Everson Zoio,0.01850147128837154,0.7933218866077797,Comedy,Everson Zoio,0.5104157976066598,Brazil,Entertainment,51.0,0.6496839069779579,0.5728426607495768,0.7573396995666664,51.3,0.8069853740217376,12.08,1,0,0.25000000000000006,0.5648737437053842,0.5926052318967685,0.6276739497026688,0.8326655367243903,0.05192315121835753
Calon Sarjana,0.01850147128837154,0.6187695294470125,Entertainment,Calon Sarjana,0.26959627514136797,Indonesia,Entertainment,31.0,0.9518160289684028,0.0,0.7840117585933823,36.3,0.831576842304121,4.69,0,0,0.1153846153846154,0.07726215495108073,0.5307119543889367,0.0,0.46706707203478764,0.0775904832376341
Lofi Girl,0.01850147128837154,0.8126485409004628,Music,Lofi Girl,0.47687134232918693,France,Music,3.0,0.7546769884690557,0.7129711228713608,0.7117436549793702,65.6,0.6887567570806092,8.43,0,0,0.13461538461538464,0.6294222331041897,0.6310976073771789,0.7512026395930664,0.7659603334546152,0.026060628488233536
Jomy Production,0.01850147128837154,0.8543724809670488,Entertainment,SRK Edie soon,0.17416324171384165,India,Entertainment,5227.0,0.01850127688100276,0.0006057826022687468,0.7573396995666664,28.1,0.9976791355194754,5.36,1,0,0.019230769230769232,0.7695100987001612,0.8392164622011037,0.004572426969119224,0.2050100546163604,0.05192315121835753
GH'S,0.01850147128837154,0.8752885584049237,Gaming,GH'S,0.49432650424485813,South Korea,Games,15.0,0.9175235161197003,0.9298986957371179,0.8632109370795048,94.3,0.6621159315066372,4.15,0,0,0.038461538461538464,0.839923343766998,0.6898005264000716,0.9391919287955943,0.7747075675040715,0.2520341225145912
JesseAndMike,0.01850147128837154,0.8804388342195675,Entertainment,JesseAndMike,0.5211740914993248,United States,Entertainment,170.0,0.7683408966090003,0.7311804839840006,0.7573396995666664,88.2,0.8515167182046919,14.7,1,0,0.2884615384615385,0.8572717507596227,0.6813284363642788,0.7664259937432769,0.7871914495325427,0.05192315121835753
Wolfoo Channel,0.01850147128837154,0.7465579147899563,Entertainment,Wolfoo Channel,0.24853528522025925,Pakistan,People,3926.0,0.25957261211918164,0.06688422937232245,0.09894071081786382,9.0,0.8088988070820926,4.45,0,0,0.019230769230769232,0.41095026576255345,0.680554100333592,0.1748709240240367,0.23455163313827027,2.0164393480574126e-06
Susy Mouriz,0.01850147128837154,0.862597878260664,Entertainment,Susy Mouriz,0.5683402944076346,Mexico,Entertainment,31.0,0.8684089128614562,0.8657822716423494,0.8296080224506922,40.2,0.7534040881753246,3.42,0,0,0.09615384615384616,0.7971914108530467,0.6373373140884019,0.8820867267279608,0.7748388684508181,0.153450253293034
7 Minutoz,0.01850147128837154,0.8486089887823407,Music,7 Minutoz,0.4960146923144974,Brazil,Music,51.0,0.7532394602193939,0.7110430905879889,0.7573396995666664,51.3,0.8069853740217376,12.08,1,0,0.19230769230769235,0.7501228776303993,0.6600213742868368,0.7474089315682757,0.8326655367243903,0.05192315121835753
The LaBrant Fam,0.01850147128837154,0.8510597766856903,Comedy,The LaBrant Fam,0.5087523848382894,United States,People,170.0,0.7697647398182991,0.0,0.7573396995666664,88.2,0.8515167182046919,14.7,1,0,0.19230769230769235,0.7583658407740115,0.6560089756603665,0.0,0.7871914495325427,0.05192315121835753
Pastor Antï¿½ï¿½ï¿½ï¿½ï,0.015920279437724005,0.8209899442397126,People & Blogs,Pastor Antï¿½ï¿½ï¿½ï¿½ï,0.6704306123016746,Brazil,People,52.0,0.7566192231153345,0.7155621590181577,0.7117436549793702,51.3,0.8069853740217376,12.08,0,0,0.17307692307692307,0.6583566035679206,0.5389125160778809,0.7510517562632889,0.8326655367243903,0.026261871445155873
Matheus Yurley,0.015920279437724005,0.7172252491619141,Entertainment,Matheus Yurley,0.3367574308941131,Brazil,Entertainment,52.0,0.5114775644658202,0.3886320282152855,0.7573396995666664,51.3,0.8069853740217376,12.08,1,0,0.13461538461538464,0.31892613093623956,0.6014476756869321,0.4671011508770505,0.8326655367243903,0.05232257635822787
gymvirtual,0.015920279437724005,0.8275827515418529,Sports,gymvirtual,0.5834498376507514,Spain,Sports,17.0,0.7121294146838927,0.6562311251480731,0.7117436549793702,88.9,0.6524974609911891,13.96,0,0,0.23076923076923078,0.6804709489457437,0.591514366523056,0.700302016727706,0.7642133296961922,0.026261871445155873
BIBOï¿½ï¿½ï¿½ï¿½ï,0.015920279437724005,0.8366119780230699,Entertainment,BIBOï¿½ï¿½ï¿½ï¿½ï,0.41755734180957527,South Korea,Entertainment,16.0,0.6620380348137016,0.5893494323637772,0.7573396995666664,94.3,0.6621159315066372,4.15,1,0,0.1153846153846154,0.7107889084742888,0.6881534106915685,0.6420708584904102,0.7747075675040715,0.05232257635822787
Top Viral Talent,0.015920279437724005,0.8418381125818718,Entertainment,Top Viral Talent,0.584749294740401,United States,Entertainment,171.0,0.7530117176205836,0.710733004353583,0.7117436549793702,88.2,0.8515167182046919,14.7,0,0,0.15384615384615385,0.7283507169836891,0.6062743509878914,0.7474291572706628,0.7871914495325427,0.026261871445155873
Akon,0.015920279437724005,0.8627805144260331,Music,Akon,0.2923994254601674,United States,Music,171.0,0.8047199694933962,0.7797383740174809,0.7117436549793702,88.2,0.8515167182046919,14.7,0,0,0.3269230769230769,0.7988001317882905,0.7827198643159595,0.8082286818951576,0.7871914495325427,0.026261871445155873
AlArabiya ï¿½ï¿½ï¿½ï¿½ï¿,0.015920279437724005,0.8695453809196318,People & Blogs,AlArabiya ï¿½ï¿½ï¿½ï¿½ï¿,0.9543088580126081,United Arab Emirates,News,8.0,0.7988459131212019,0.7718989293444497,0.7117436549793702,36.8,0.4913514420929608,2.35,0,0,0.3076923076923077,0.8215761700119425,0.4431779021844544,0.8018559119841845,0.839723239933911,0.026261871445155873
Rauw Alejandro,0.015920279437724005,0.885799437766562,Music,Rauw Alejandro,0.40662197167748076,Unknown,Music,5.0,0.8417798325760125,0.8291786237032177,0.7117436549793702,68.0,0.8515167182046919,9.02,0,0,0.15384615384615385,0.8763267161116067,0.7471711668637038,0.8512506822020388,0.7871914495325427,0.026261871445155873
EnriqueIglesiasVEVO,0.015920279437724005,0.8970676503026779,Music,EnriqueIglesiasVEVO,0.3905592916650403,United States,Music,171.0,0.7962441786197664,0.7684246788416879,0.7117436549793702,88.2,0.8515167182046919,14.7,0,0,0.25000000000000006,0.9142989856069961,0.7678227802100765,0.7975285847786633,0.7871914495325427,0.026261871445155873
ýýýýýýýý ýýýý ýýýýýýýýýýýýýý,0.015920279437724005,0.8581691943614761,Shows,ýýýýýýýý ýýýý ýýýýýýýýýýýýýý,0.5656110226663893,Ukraine,Entertainment,6.0,0.7933511805180522,0.7645691490421229,0.7573396995666664,82.7,0.6464637607066992,8.88,0,0,0.15384615384615385,0.7832793199839427,0.6339678609360241,0.7945170546605846,0.6296444637336627,0.05232257635822787
The Shiny Peanut,0.015920279437724005,0.8324234332275239,Education,The Shiny Peanut,0.6148634905013735,Indonesia,Entertainment,32.0,0.590689574628274,0.49507077223334,0.7573396995666664,36.3,0.831576842304121,4.69,1,0,0.1153846153846154,0.6967207467926937,0.5803360931770359,0.5590969081659551,0.46706707203478764,0.05232257635822787
Talking Angela,0.013319000290555216,0.8417197716263576,Entertainment,Talking Angela,0.4324166131404422,United Kingdom,Film,31.0,0.7507479102529577,0.7077056325544044,0.7573396995666664,60.0,0.6884115861487217,3.85,1,0,0.15384615384615385,0.7289531402051179,0.6858853885675027,0.7434058980867948,0.8016649953515966,0.052728194505231044
Melon City Show - ï¿½ï¿½ï¿½ï¿½ï¿½ï¿½ï¿½ï¿½ï¿½ï¿½ï¿,0.013319000290555216,0.8600290329064156,Comedy,Melon City Show - ï¿½ï¿½ï¿½ï¿½ï¿½ï¿½ï¿½ï¿½ï¿½ï¿,0.5908991760979233,Iraq,Comedy,2.0,0.7614359819344633,0.721962167515929,0.7573396995666664,16.2,0.6340190192914126,12.82,1,0,0.1153846153846154,0.7905402217935728,0.6227611029150676,0.7577632870526486,0.6442635813472954,0.052728194505231044
Duo Tiempo De Sol,0.013319000290555216,0.8649128159188685,Music,Duo Tiempo De Sol,0.45821125460340356,Spain,Education,17.0,0.7807765912729656,0.7477993470575799,0.7117436549793702,88.9,0.6524974609911891,13.96,0,0,0.17307692307692307,0.8069801668481261,0.6974787054458137,0.7803093415061284,0.7642133296961922,0.026466246635236713
Troom Troom India,0.013319000290555216,0.8657180280038516,Howto & Style,Troom Troom India,0.6164743525219005,Unknown,Howto,-1.0,0.7287682038295152,0.6784128288696131,0.7573396995666664,68.0,0.8515167182046919,9.02,1,1,0.13461538461538464,0.809691098135545,0.615553972056969,0.7196514511740776,0.7871914495325427,0.052728194505231044
MrSuicideSheep,0.013319000290555216,0.8666442408315843,Entertainment,MrSuicideSheep,0.646481168326942,Canada,Entertainment,13.0,0.7309554676423241,0.6813369966116033,0.7573396995666664,68.9,0.6277908648360833,5.56,1,0,0.23076923076923078,0.8128095386292787,0.6008742765380822,0.7221842181409057,0.7912996805529158,0.052728194505231044
Adam W,0.013319000290555216,0.8784924470812028,Comedy,Adam W,0.5172071754570954,United States,Comedy,171.0,0.8467000179896277,0.8357424222824549,0.7573396995666664,88.2,0.8515167182046919,14.7,0,0,0.13461538461538464,0.8527120777016739,0.6812959170859497,0.8568317104747497,0.7871914495325427,0.052728194505231044
Right to Shiksha,0.013319000290555216,0.8713156656035468,Education,Right to Shiksha,0.6042500453441795,India,Education,120.0,0.8435626505039842,0.8315601375860924,0.7840117585933823,28.1,0.9976791355194754,5.36,0,0,0.038461538461538464,0.8285396737815609,0.6280061260428543,0.8533539887093151,0.2050100546163604,0.07878889941830304
Beyoncï¿½ï¿½,0.013319000290555216,0.8938110842875815,Music,Beyoncï¿½ï¿½,0.40662197167748076,United States,Music,172.0,0.8038750151723938,0.7786104578305365,0.7573396995666664,88.2,0.8515167182046919,14.7,1,0,0.25000000000000006,0.9043265537523804,0.7558482178945227,0.8069928408363222,0.7871914495325427,0.052728194505231044
FACT FIRE KING,0.010697318747237006,0.7980493203802068,Entertainment,FACT FIRE KING,0.5281539275835581,India,Games,120.0,0.7784382255895149,0.7446765928291625,0.8176146293679291,28.1,0.9976791355194754,5.36,0,0,0.038461538461538464,0.5836102021108608,0.5884445518930774,0.778270655220694,0.2050100546163604,0.13132532633283903
Ian Lucas,0.010697318747237006,0.8066281401473112,Entertainment,Ian Lucas,0.3116565803569473,Unknown,Entertainment,-1.0,0.1459546970040104,0.0,0.09894071081786382,68.0,0.8515167182046919,9.02,0,1,0.1153846153846154,0.6122664850098539,0.711614276854495,0.0,0.7871914495325427,2.0658770691757794e-06
Franco Escamilla,0.010697318747237006,0.8478758164486085,Comedy,Franco Escamilla,0.619664918966742,Mexico,Comedy,32.0,0.7972618876272916,0.7697754261372685,0.7117436549793702,40.2,0.7534040881753246,3.42,0,0,0.2884615384615385,0.7506595043534168,0.5945622619390448,0.7990008996399683,0.7748388684508181,0.026673827759573547
Adexe & Nau,0.010697318747237006,0.8505810401591608,Music,Adexe & Nau,0.5063900048062795,Spain,Music,18.0,0.7042139150253455,0.6455864138521683,0.7573396995666664,88.9,0.6524974609911891,13.96,1,0,0.17307692307692307,0.7597584304257834,0.6567267745818903,0.6911040455543991,0.7642133296961922,0.05314015081964872
Diana and Roma IND,0.010697318747237006,0.8580508930919132,Entertainment,Diana and Roma IND,0.49796454729126827,United States,Entertainment,173.0,0.7740636163411444,0.7388265883207471,0.7117436549793702,88.2,0.8515167182046919,14.7,0,0,0.057692307692307696,0.784891906445138,0.6692268186511451,0.7713756855458225,0.7871914495325427,0.026673827759573547
Jass Records,0.010697318747237006,0.8606470361505691,Music,JassRecords,0.05494238558786014,Unknown,Music,-1.0,0.0,0.0,0.7573396995666664,68.0,0.8515167182046919,9.02,1,1,0.19230769230769235,0.7936297659824223,0.9321277880162371,0.0025887146234688106,0.7871914495325427,0.05314015081964872
Future,0.010697318747237006,0.8801642864007012,Music,Future AMV's,0.3794810463170882,United States,Film,1944.0,0.5645481513089217,0.45965714132989305,0.4088729976953693,88.2,0.8515167182046919,14.7,0,0,0.038461538461538464,0.859354292495608,0.7553488235690896,0.5288042950119882,0.7871914495325427,0.00026770085568386404
YoungBoy Never Broke Again,0.010697318747237006,0.8909833314006834,Entertainment,YoungBoy Never Broke Again,0.39338041174474586,United States,Music,173.0,0.8331070109366976,0.8176090056764558,0.7117436549793702,88.2,0.8515167182046919,14.7,0,0,0.13461538461538464,0.8958077244279936,0.7597486391645785,0.8412601530169698,0.7871914495325427,0.026673827759573547
Blossom,0.010697318747237006,0.8518464611079755,Howto & Style,Blossom,0.5311341698655394,United States,Howto,173.0,0.7713049169470714,0.7351581927698857,0.7117436549793702,88.2,0.8515167182046919,14.7,0,0,0.09615384615384616,0.7640152488723905,0.6451507630792526,0.7689571894172507,0.7871914495325427,0.026673827759573547
#Refï¿½ï¿½ï¿½ï¿½,0.010697318747237006,0.8305173510432103,Entertainment,#Refugio Mental,0.534381628421677,Unknown,Entertainment,-1.0,0.687182109671618,0.6229811675425743,0.7573396995666664,68.0,0.8515167182046919,9.02,1,1,0.17307692307692307,0.6923268600038189,0.6203514614590026,0.6712936720807685,0.7871914495325427,0.05314015081964872
Piuzinho,0.010697318747237006,0.7953858414236669,Gaming,Piuzinho,0.4933902913074541,Brazil,Games,53.0,0.6574592450896204,0.5833567304209136,0.7573396995666664,51.3,0.8069853740217376,12.08,1,0,0.13461538461538464,0.574726728022858,0.6037516316658741,0.6367125604498476,0.8326655367243903,0.05314015081964872
Heidi y Zidane,0.010697318747237006,0.8609168337061676,Entertainment,Heidi y Zidane,0.5071853135574556,United States,People,173.0,0.7256153572763778,0.674218853794627,0.7573396995666664,88.2,0.8515167182046919,14.7,1,0,0.057692307692307696,0.7945378996460668,0.6675047895384922,0.7159771682603258,0.7871914495325427,0.05314015081964872
Go Ami Go!,0.010697318747237006,0.8130221667974681,People & Blogs,Go Ami Go!,0.4386047111262648,Colombia,People,11.0,0.863048493396194,0.8570702056221131,0.8898830838146649,55.3,0.6593647803372147,9.71,0,0,0.13461538461538464,0.6336619125782673,0.6515579361460038,0.875699281395566,0.7707525062637044,0.3796768986541595
Morgz,0.008054912235264666,0.8380913404809938,Gaming,Morgz,0.5323916048913098,United Kingdom,Entertainment,32.0,0.7847019420072261,0.7530355337481599,0.7117436549793702,60.0,0.6884115861487217,3.85,0,0,0.15384615384615385,0.7187824680138194,0.6295954562354167,0.7842001598123928,0.8016649953515966,0.02688469084979311
CaseyNeistat,0.008054912235264666,0.8363000649546966,People & Blogs,CaseyNeistat,0.5552427219935532,United States,People,174.0,0.6801613958485225,0.6135236999427087,0.7117436549793702,88.2,0.8515167182046919,14.7,0,0,0.23076923076923078,0.7127637640238221,0.6157040401766306,0.6631204153884186,0.7871914495325427,0.02688469084979311
ýýýýýýýýýSULGI,0.008054912235264666,0.8401394686017669,People & Blogs,ýýýýýýýýýSULGI,0.5174392842824593,South Korea,People,17.0,0.8145331921129548,0.7928210094085846,0.7840117585933823,94.3,0.6621159315066372,4.15,0,0,0.19230769230769235,0.7256655095425668,0.6396361044908463,0.8190580514176564,0.7747075675040715,0.08002491809428028
NickiMinajAtVEVO,0.008054912235264666,0.8756890100842262,Music,NickiMinajAtVEVO,0.36502930856889426,United States,Music,174.0,0.7610352120105813,0.7214429301124544,0.7573396995666664,88.2,0.8515167182046919,14.7,1,0,0.23076923076923078,0.845297202941315,0.7581219733548024,0.7577932361157813,0.7871914495325427,0.05355859503420512
Ellie Goulding,0.008054912235264666,0.8666347971434902,Music,Ellie Goulding,0.4271653484921131,United Kingdom,Music,32.0,0.7631405563216885,0.7242454436001443,0.7573396995666664,60.0,0.6884115861487217,3.85,1,0,0.2884615384615385,0.8148052504202685,0.7156254745514847,0.7608662276921919,0.8016649953515966,0.05355859503420512
colinfurze,0.005391450471077697,0.8106571062907509,Entertainment,colinfurze,0.47209008768870525,United Kingdom,Entertainment,33.0,0.6963243214551968,0.6350582154203493,0.7573396995666664,60.0,0.6884115861487217,3.85,1,0,0.3076923076923077,0.6277761835659448,0.6314450863635259,0.6819377639324795,0.8016649953515966,0.053983681635535595
People Vs Food,0.005391450471077697,0.7972913054189615,Entertainment,People Vs Food,0.507317092652184,United States,Entertainment,175.0,0.723360753420366,0.6712202014109696,0.7573396995666664,88.2,0.8515167182046919,14.7,1,0,0.17307692307692307,0.5831061756290233,0.5985259180052483,0.7133602819327342,0.7871914495325427,0.053983681635535595
Wolfoo Family,0.005391450471077697,0.722623493282972,Entertainment,Wolfoo Family,0.3271377495510899,United States,Film,175.0,0.901314143472311,0.0,0.7573396995666664,88.2,0.8515167182046919,14.7,1,0,0.057692307692307696,0.3394606279812364,0.6123976816278762,0.0,0.7871914495325427,0.053983681635535595
Ja Mill,0.005391450471077697,0.8025124199677452,People & Blogs,jamill,0.0,Unknown,Entertainment,-1.0,0.7885997468573448,0.0,0.7573396995666664,68.0,0.8515167182046919,9.02,1,1,0.3076923076923077,0.6005384652762722,0.0,0.0,0.7871914495325427,0.053983681635535595
Health Time,0.005391450471077697,0.792482352827116,Howto & Style,Health Time,0.594617859645992,India,People,123.0,0.6139602599880187,0.5254426455137845,0.7573396995666664,28.1,0.9976791355194754,5.36,1,0,0.1153846153846154,0.5670728579609587,0.5476604550816678,0.5860870869470876,0.2050100546163604,0.053983681635535595
Yair17,0.005391450471077697,0.8053190345610022,Gaming,Yair17,0.5558160706577294,Mexico,Games,33.0,0.698360128668151,0.6378658089075339,0.7573396995666664,40.2,0.7534040881753246,3.42,1,0,0.15384615384615385,0.6099187657788163,0.5818500859540763,0.6842890340589609,0.7748388684508181,0.053983681635535595
Little Baby Bum en Espaï¿½ï,0.005391450471077697,0.8665641873196497,Education,Little Baby Bum en Espaï¿½ï,0.5775407675074995,Spain,Education,19.0,0.7261836968229175,0.6749693065777206,0.7573396995666664,88.9,0.6524974609911891,13.96,1,0,0.15384615384615385,0.8155933780263377,0.6368226685220308,0.7166388120172579,0.7642133296961922,0.053983681635535595
First We Feast,0.005391450471077697,0.8341982761785058,Howto & Style,First We Feast,0.5534238008033028,United States,Entertainment,175.0,0.8137685568313583,0.7918034841037921,0.7573396995666664,88.2,0.8515167182046919,14.7,0,0,0.15384615384615385,0.706726587345299,0.6143788756744656,0.8180589621800267,0.7871914495325427,0.053983681635535595
Mï¿½ï¿½ï¿½ï¿½,0.005391450471077697,0.8361600859985242,Travel & Events,Mï¿½ï¿½ï¿½ï¿½,0.526517428532524,Mexico,Entertainment,33.0,0.7554726608079205,0.7140109881149914,0.7573396995666664,40.2,0.7534040881753246,3.42,1,0,0.13461538461538464,0.7133171141056701,0.6305766870574518,0.7511423377400719,0.7748388684508181,0.053983681635535595
Bebefinn - Nursery Rhymes & Kids Songs,0.005391450471077697,0.8469385682538175,Entertainment,Bebefinn - Nursery Rhymes & Kids Songs,0.45796623089292393,United States,Entertainment,175.0,0.8879552458376514,0.0,0.8176146293679291,88.2,0.8515167182046919,14.7,0,0,0.0,0.7495486888187154,0.678140025940064,0.0,0.7871914495325427,0.1333858567500171
Troom Troom PT,0.005391450471077697,0.8489120865097797,Howto & Style,Troom Troom PT,0.6274109213378017,Unknown,Howto,-1.0,0.7175338312740219,0.6634016919009733,0.7573396995666664,68.0,0.8515167182046919,9.02,1,1,0.13461538461538464,0.7561862014442577,0.5916360696559979,0.7065895708121721,0.7871914495325427,0.053983681635535595
Parafernalha,0.005391450471077697,0.850963217471415,Entertainment,Parafernalha,0.5979603431557607,Brazil,Entertainment,54.0,0.6885802371269542,0.6247083327473414,0.7573396995666664,51.3,0.8069853740217376,12.08,1,0,0.21153846153846156,0.7630857798424482,0.6092511109751811,0.6729160591213537,0.8326655367243903,0.053983681635535595
NDTV,0.005391450471077697,0.8534436149156212,Entertainment,NDTV,0.9453110705023302,India,News,123.0,0.7844601171133039,0.7526983890874555,0.7117436549793702,28.1,0.9976791355194754,5.36,0,0,0.3076923076923077,0.7714306494278387,0.43044016096912296,0.7842183584421922,0.2050100546163604,0.027098914360904024
elcarteldesantatv,0.005391450471077697,0.8693878222500384,Music,elcarteldesantatv,0.47043002476828855,Mexico,Entertainment,33.0,0.8156286953654505,0.7942832755080618,0.7117436549793702,40.2,0.7534040881753246,3.42,0,0,0.2692307692307693,0.825101396798495,0.6959232480159252,0.8210318165518261,0.7748388684508181,0.027098914360904024
Family Fitness,0.005391450471077697,0.8818856870536104,Entertainment,Family Fitness,0.5896042680689207,India,Entertainment,123.0,0.8480285486757745,0.8375178360037273,0.8029359086062672,28.1,0.9976791355194754,5.36,0,0,0.09615384615384616,0.867198390151324,0.6471099816961983,0.8582520250658592,0.2050100546163604,0.10712390888002275
Zee Tamil,0.005391450471077697,0.8859589757143869,Entertainment,Zee Tamil,0.9146850469353104,India,Entertainment,123.0,0.8660586139999837,0.8615819437339282,0.7573396995666664,28.1,0.9976791355194754,5.36,0,0,0.2692307692307693,0.8809224534657092,0.4816561838416407,0.8794660399093014,0.2050100546163604,0.053983681635535595
Flowers Comedy,0.005391450471077697,0.8864159564488371,Entertainment,Flowers Comedy,0.7439003142418967,India,Entertainment,122.0,0.8357290489140827,0.8211062507740629,0.7117436549793702,28.1,0.9976791355194754,5.36,0,0,0.13461538461538464,0.8824622527860105,0.5713821039055442,0.8437521528672017,0.2050100546163604,0.027098914360904024
Mundo Bita,0.005391450471077697,0.9000295386641273,Music,Mundo Bita,0.43891739440047006,Brazil,Music,54.0,0.8435545373694515,0.8315458948493322,0.7117436549793702,51.3,0.8069853740217376,12.08,0,0,0.21153846153846156,0.9283413675687168,0.7456276591841191,0.8533545380306048,0.8326655367243903,0.027098914360904024
Wave Music Bhakti,0.005391450471077697,0.8550383734213488,Music,Wave Music Bhakti,0.7846036830605495,India,Music,123.0,0.7085122651052647,0.6513476085968948,0.7573396995666664,28.1,0.9976791355194754,5.36,1,0,0.21153846153846156,0.7767966675222875,0.516131294624087,0.6960993301004031,0.2050100546163604,0.053983681635535595
Troom Troom Indonesia,0.005391450471077697,0.856736450538833,People & Blogs,TROOM TROOM INDONESIA,0.17416324171384165,Unknown,People,-1.0,0.0,0.0,0.7573396995666664,68.0,0.8515167182046919,9.02,1,1,0.038461538461538464,0.7825109261784634,0.8417767704719401,0.0025887146234688106,0.7871914495325427,0.053983681635535595
CKM,0.005391450471077697,0.8496171817075979,Comedy,CKM,0.3781488282816438,India,Comedy,123.0,0.7163040842285242,0.6618025134693377,0.7573396995666664,28.1,0.9976791355194754,5.36,1,0,0.07692307692307693,0.7585578793109559,0.7229665697248965,0.7051557217728555,0.2050100546163604,0.053983681635535595
Quantum Tech HD,0.005391450471077697,0.8485267066565334,Science & Technology,Mr_Mughall Gaming,0.4289547045489666,Pakistan,Entertainment,3554.0,0.38239825351295814,0.21816695945603742,0.18440970481972296,9.0,0.8088988070820926,4.45,0,0,0.0,0.7548899794301498,0.6950743159320851,0.31709397287852564,0.23455163313827027,8.629881712238924e-06
_vector_,0.0027065952123104253,0.8699330471638412,Comedy,_vector_,0.4747156688594842,United States,Comedy,176.0,0.9093477871051986,0.919081353066191,0.8752043411258481,88.2,0.8515167182046919,14.7,0,0,0.057692307692307696,0.8279717529763299,0.6942688966561577,0.9296705987504197,0.7871914495325427,0.3141528421613524
DEV Ke Facts,0.0027065952123104253,0.818347403642852,Entertainment,DEV Ke Facts,0.4271653484921131,India,Education,124.0,0.8548410518953776,0.8468998530081708,0.8296080224506922,28.1,0.9976791355194754,5.36,0,0,0.19230769230769235,0.6545651078911893,0.6633275909959553,0.8660890554046808,0.2050100546163604,0.16070251244348
Hero Movies 2023,0.0027065952123104253,0.812441088496341,People & Blogs,Hero Movies 2023,0.5181315603616271,Unknown,People,-1.0,0.739474537600076,0.6926462811462694,0.7573396995666664,68.0,0.8515167182046919,9.02,1,1,0.09615384615384616,0.6347769417375541,0.6092750394614169,0.7294307901046616,0.7871914495325427,0.05441557005436691
LOUD,0.0027065952123104253,0.8257795330356992,Gaming,WatchLOUD,0.5182463541647788,United States,Entertainment,1795.0,0.43495728422193597,0.28671925616482297,0.7573396995666664,88.2,0.8515167182046919,14.7,1,0,0.3076923076923077,0.6794921451219237,0.6236612369184011,0.37697614402986945,0.7871914495325427,0.05441557005436691
Gibby :),0.0027065952123104253,0.832613824148108,People & Blogs,Gibby :),0.430009244810821,Mexico,People,34.0,0.7050879462625762,0.6467830942164664,0.7573396995666664,40.2,0.7534040881753246,3.42,1,0,0.15384615384615385,0.7024362803722273,0.6772863858241882,0.6921116163298046,0.7748388684508181,0.05441557005436691
Gustavo Parï¿½ï¿½,0.0027065952123104253,0.8289719833137352,Comedy,GustavoParodias,0.18251465428444713,Brazil,Comedy,5075.0,0.7885997468573448,0.0,0.7573396995666664,51.3,0.8069853740217376,12.08,1,0,0.23076923076923078,0.6902074516508259,0.8068286013820349,0.0,0.8326655367243903,0.05441557005436691
SAAIHALILINTAR,0.0027065952123104253,0.7964934751203276,Entertainment,SAAIHALILINTAR,0.47687134232918693,Indonesia,Entertainment,34.0,0.5889335951396646,0.49138102468883865,0.7573396995666664,36.3,0.831576842304121,4.69,1,0,0.19230769230769235,0.5814690905576986,0.6136007932403901,0.5570891181425177,0.46706707203478764,0.05441557005436691
Timba Vk,0.0027065952123104253,0.8323114692074226,Gaming,Timba Vk,0.5495012254379138,Spain,Games,19.0,0.743825987763318,0.698493125016334,0.7117436549793702,88.9,0.6524974609911891,13.96,0,0,0.19230769230769235,0.7014208138056683,0.6143867029307525,0.739411074609827,0.7642133296961922,0.02731657926862444
Heidi and Zidane HZHtube,0.0027065952123104253,0.8456095589965114,Entertainment,Heidi and Zidane HZHtube,0.5312316070102272,Canada,Entertainment,14.0,0.701950281657538,0.6426463179546721,0.7573396995666664,68.9,0.6277908648360833,5.56,1,0,0.13461538461538464,0.746112202735749,0.6383448887242071,0.6884673781743434,0.7912996805529158,0.05441557005436691
DaniRep | +6 Vï¿½ï¿½ï¿½ï¿½ï¿½ï¿½ï¿½ï¿½ï¿½ï¿½ï,0.0027065952123104253,0.8664394303265842,Gaming,DaniRep | +6 Vï¿½ï¿½ï¿½ï¿½ï¿½ï¿½ï¿½ï¿½ï¿½ï¿½ï,0.7472371876633289,Spain,Games,19.0,0.8002070594822115,0.773711927428539,0.7117436549793702,88.9,0.6524974609911891,13.96,0,0,0.19230769230769235,0.8162074348433332,0.5480029389382828,0.8031846892744573,0.7642133296961922,0.02731657926862444
Zee Kids,0.0027065952123104253,0.8703667393606248,Film & Animation,Zee Kids,0.5628497879315207,India,Entertainment,124.0,0.8066408827294833,0.7823023136611792,0.7117436549793702,28.1,0.9976791355194754,5.36,0,0,0.19230769230769235,0.8294322828045912,0.6486222713938666,0.8105950907522904,0.2050100546163604,0.02731657926862444
Pari's Lifestyle,0.0027065952123104253,0.8706547539950842,People & Blogs,Pari's Lifestyle,0.4859923250925665,India,People,124.0,0.7649502306488579,0.726685860206317,0.7573396995666664,28.1,0.9976791355194754,5.36,1,0,0.07692307692307693,0.830402234240548,0.6891451441567285,0.7607247603173178,0.2050100546163604,0.05441557005436691
DisneyChannelUK,0.0027065952123104253,0.8893015078749917,Music,DisneyChannelUK,0.665396766807996,United Kingdom,Entertainment,34.0,0.7606834324948837,0.7209630406033335,0.7573396995666664,60.0,0.6884115861487217,3.85,1,0,0.2884615384615385,0.8932205372413773,0.6155281564455577,0.7578198433208131,0.8016649953515966,0.05441557005436691
MoniLina,0.0027065952123104253,0.8986202193209758,Comedy,MoniLinaFamily,0.0,United States,People,2774.0,0.7885997468573448,0.0,0.2579939240707185,88.2,0.8515167182046919,14.7,0,0,0.1153846153846154,0.9246263517802537,0.0,0.0,0.7871914495325427,2.735012061527304e-05
bharatzkitchen HINDI,0.0027065952123104253,0.8244979073060817,Howto & Style,bharatzkitchen HINDI,0.5225983819196394,India,Howto,124.0,0.7554152324596045,0.7139618714055501,0.7117436549793702,28.1,0.9976791355194754,5.36,0,0,0.1153846153846154,0.6751917053713545,0.6199961993807592,0.7511461086143972,0.2050100546163604,0.02731657926862444
TKOR,0.0027065952123104253,0.8391013732977454,Education,TKoR,0.0,Unknown,People,-1.0,0.7885997468573448,0.0,0.7573396995666664,68.0,0.8515167182046919,9.02,1,1,0.3076923076923077,0.7242327907665024,0.0,0.0,0.7871914495325427,0.05441557005436691
ANNA KOVA,0.0027065952123104253,0.8931969310318815,People & Blogs,annakova,0.05494238558786014,Unknown,Film,-1.0,0.01850127688100276,0.0006057826022687468,0.7573396995666664,68.0,0.8515167182046919,9.02,1,1,0.3076923076923077,0.9063480313787301,0.9673811035352028,0.004572426969119224,0.7871914495325427,0.05441557005436691
Avril Lavigne,0.0027065952123104253,0.862175933341123,Music,Avril Lavigne,0.4223146757857906,United States,Music,176.0,0.7774462644945159,0.7433569670908691,0.7573396995666664,88.2,0.8515167182046919,14.7,1,0,0.3269230769230769,0.8018532606985537,0.7133425550776602,0.7760373940293284,0.7871914495325427,0.05441557005436691
Caylus,0.0027065952123104253,0.8522103567605448,Education,Caylus,0.5708015821888155,United States,Games,175.0,0.8351112365160858,0.820280594677598,0.8029359086062672,88.2,0.8515167182046919,14.7,0,0,0.1153846153846154,0.7683146758448866,0.6248001637215931,0.8431383746525932,0.7871914495325427,0.10797424151341048
Migos ATL,0.0027065952123104253,0.866767496958038,Music,Migos ATL,0.36502930856889426,United States,Entertainment,175.0,0.7767352321241549,0.7423789485709605,0.7117436549793702,88.2,0.8515167182046919,14.7,0,0,0.19230769230769235,0.8173120792505751,0.7484594870592248,0.7760939742546912,0.7871914495325427,0.02731657926862444
Natan por Aï¿,0.0,0.8765386591037967,Sports,Natan por Aï¿,0.562061727350228,Brazil,Entertainment,55.0,0.8868984227330003,0.8890990756908637,0.8397482946937163,51.3,0.8069853740217376,12.08,0,0,0.09615384615384616,0.8512629334408399,0.6557188685855301,0.9033864301428984,0.8326655367243903,0.1882403580397568
Free Fire India Official,0.0,0.8121072993725789,People & Blogs,Free Fire India Official,0.5797360239205733,India,Games,125.0,0.789060228107971,0.7588286505746005,0.7840117585933823,28.1,0.9976791355194754,5.36,0,0,0.07692307692307693,0.6346959898010064,0.5766952007878156,0.7896226682596919,0.2050100546163604,0.08195341565064375
Panda,0.0,0.8228002672669228,Entertainment,HybridPanda,0.6186694761397266,United Kingdom,Games,867.0,0.4754547356762979,0.3406096609741065,0.4088729976953693,60.0,0.6884115861487217,3.85,0,0,0.3076923076923077,0.6705351103758381,0.5679243832439241,0.4248028502480009,0.8016649953515966,0.0002764087059602803
RobTopGames,0.0,0.7548040278020484,Gaming,RobTopGames,0.2923994254601674,Sweden,Games,4.0,0.6605308175762633,0.5874166737340281,0.7117436549793702,67.0,0.4966149903345538,6.48,0,0,0.19230769230769235,0.44463279170738185,0.6657754306494824,0.6403035984824027,0.8508726450814801,0.02753776917143837
Make Joke Of,0.0,0.8213054211407222,Comedy,Make Joke Of,0.3284060183235076,India,Comedy,125.0,0.743784179641229,0.6984297413402487,0.7117436549793702,28.1,0.9976791355194754,5.36,0,0,0.09615384615384616,0.665521197616007,0.7186021949742869,0.7394157785486432,0.2050100546163604,0.02753776917143837
