Youtuber,subscribers,video views,category,Title,uploads,Country,channel_type,country_rank,video_views_for_the_last_30_days,highest_monthly_earnings,subscribers_for_last_30_days,Gross tertiary education enrollment (%),Population,Unemployment rate,subscribers_for_last_30_days_missing,country_rank_missing,channel_age,views_per_subscriber,views_per_upload,earnings_spread,urban_ratio,subscriber_growth_rate
T-Series,19.316768772590635,26.152611465905238,Music,T-Series,9.907628965036679,India,Music,1.0,21.53774530311675,16.012735246411598,14.508658238524095,28.1,21.035458374912988,5.36,0,0,17,6.836916681867514,16.245032383540412,18.436554102951174,0.34471999988372515,0.008130126083250212
YouTube Movies,18.951309000896888,0.0,Film & Animation,youtubemovies,0.6931471805599453,United States,Games,7670.0,2.5649493574615367,0.04879016416943201,12.206077645517674,88.2,19.609254155938732,14.7,1,0,17,0.0,0.0,0.4317824164255377,0.8245899991756934,0.0011757790890119962
MrBeast,18.927498352344912,24.068557262621617,Entertainment,MrBeast,6.60934924316738,United States,Entertainment,1.0,21.021887850178366,15.501909696719672,15.894952224644102,88.2,19.609254155938732,14.7,0,0,11,5.1468933529833505,17.460556663410486,17.921454272504192,0.8245899991756934,0.0470675108579858
Cocomelon - Nursery Rhymes,18.903106899369497,25.823132264776707,Education,Cocomelon - Nursery Rhymes,6.874198495453294,United States,Education,2.0,21.403834235805824,15.882373444019521,13.815511557963774,88.2,19.609254155938732,14.7,0,0,17,6.921012688893811,18.949968436448337,18.303022711732726,0.8245899991756934,0.006153865574378259
SET India,18.884414766473814,25.720478110717284,Shows,SET India,11.665964098131303,India,Entertainment,2.0,21.324297729146796,15.803385043104912,13.815511557963774,28.1,21.035458374912988,5.36,0,0,17,6.837137098176954,14.054523380986838,18.22222981742365,0.34471999988372515,0.006269613013595397
Music,18.594634059479166,0.0,Entertainment,Music,0.0,Unknown,Music,-1.0,17.975720900750336,0.0,12.206077645517674,68.0,19.609254155938732,9.02,1,1,10,0.0,0.0,0.0,0.8245899991756934,0.00167926151972
ýýý Kids Diana Show,18.53400943818794,25.25851815813025,People & Blogs,ýýý Kids Diana Show,7.013915474810528,United States,Entertainment,3.0,20.410845618900982,14.88022163978423,12.206077645517674,88.2,19.609254155938732,14.7,1,0,8,6.725709118609535,18.245502380394484,17.308983246130737,0.8245899991756934,0.0017841217935013983
PewDiePie,18.525040768285617,24.092561199224782,Gaming,PewDiePie,8.458928283284262,Japan,Entertainment,1.0,17.483779083694706,11.96209480994468,12.206077645517674,63.2,18.653589016816195,2.29,1,0,13,5.571333102939512,15.633845099828944,14.393471889756237,0.9172586867766221,0.0018001805041478658
Like Nastya,18.478949661510303,25.228384279973522,People & Blogs,Like Nastya Vlog,6.202535517187923,Russia,People,5.0,17.70624865846535,12.184854116317803,11.51293546492023,81.9,18.78791449892918,4.59,0,0,7,6.750605483957205,19.027875111368555,14.582466130093874,0.7458700031137978,0.0009429515078703075
Vlad and Niki,18.409619806704164,25.069408394336175,Entertainment,Vlad and Niki,6.354370040797351,United States,Entertainment,5.0,20.17952782901376,14.648420115681892,13.304686600863562,88.2,19.609254155938732,14.7,0,0,5,6.661069194652179,18.7167790054408,17.081270006899263,0.8245899991756934,0.006048405535880656
Zee Music Company,18.387123970764783,24.781228003466612,Music,Zee Music Company,9.053569596026234,India,Music,3.0,20.504628369221173,14.978661680269907,13.910821646859095,28.1,21.035458374912988,5.36,0,0,9,6.395774030500164,15.727775534755667,17.404569704420307,0.34471999988372515,0.011311174581523009
WWE,18.379858759848776,25.072620426674966,Sports,WWE,11.158077422658591,United States,Sports,6.0,20.387253096140824,14.88022163978423,13.304686600863562,88.2,19.609254155938732,14.7,0,0,16,6.694000763209788,13.914558169444641,17.287477041570536,0.8245899991756934,0.006230549750636074
Gaming,18.354540952131583,0.0,Entertainment,Gaming,0.0,Unknown,Games,-1.0,17.975720900750336,0.0,12.206077645517674,68.0,19.609254155938732,9.02,1,1,10,0.0,0.0,0.0,0.8245899991756934,0.0021344725286326274
BLACKPINK,18.313095544408284,24.193510235158538,People & Blogs,BLACKPINK,6.298949246855942,South Korea,Music,1.0,20.02797636531872,14.508658238524095,13.45883704259595,94.3,17.761144320124682,4.15,0,0,7,5.8832044334454245,17.89640093208591,16.924571561468124,0.8143000096424038,0.007764875397726519
Goldmines,18.2802686017431,23.90623384711781,Film & Animation,goldmines,0.6931471805599453,Unknown,Music,-1.0,2.9444389791664403,0.06765864847381481,12.206077645517674,68.0,19.609254155938732,9.02,1,1,17,5.629561864841047,23.90623384711781,0.5933268452777344,0.8245899991756934,0.0022988515871107573
Sony SAB,18.234351177809064,25.33838635379757,Shows,Sony SAB,11.174244791546633,India,Entertainment,5.0,21.228274575994337,15.702580358511794,13.910821646859095,28.1,21.035458374912988,5.36,0,0,16,7.104856632726919,14.164156298935069,18.127651078578815,0.34471999988372515,0.013165959182304447
5-Minute Crafts,18.198786424522982,23.990428469226046,Howto & Style,5-Minute Crafts 2.0,0.6931471805599453,United Kingdom,Entertainment,4797.0,0.6931471805599453,0.0,12.206077645517674,60.0,18.0177285657893,3.85,1,0,3,5.794690371230811,23.990428469226046,0.04879016416943201,0.8365199929587164,0.002493766878402452
BANGTANTV,18.140966854377275,23.759515768699057,Music,BANGTANTV,7.732807530422021,South Korea,Music,2.0,18.94119924563138,13.419799226740347,12.899222326086994,94.3,17.761144320124682,4.15,0,0,11,5.622172259841181,16.027146655887975,15.843013992146105,0.8143000096424038,0.005277057100843765
Sports,18.132998684833918,0.0,Entertainment,sports,1.3862943611198906,United States,Entertainment,6266.0,2.833213344056216,0.058268908123975775,12.206077645517674,88.2,19.609254155938732,14.7,1,0,17,0.0,0.0,0.5423242908253616,0.8245899991756934,0.0026631174194837
Justin Bieber,18.086605645897354,24.14453116119573,Music,Justin Bieber,5.521460917862246,Canada,Music,1.0,18.987845118059276,13.466379941031647,11.51293546492023,68.9,17.42621174442237,5.56,0,0,16,6.060262046010021,18.627078272833444,15.891320638864826,0.827976257881404,0.0013956736389747434
HYBE LABELS,18.08240689940977,24.077880459192624,Music,HYBE LABELS,7.198931240688173,South Korea,Music,3.0,20.209390569407027,14.690979711984754,13.710151153416941,94.3,17.761144320124682,4.15,0,0,15,5.997960476362772,16.879696928747578,17.10763688174679,0.8143000096424038,0.012543718478530292
Zee TV,18.071123281966894,25.01562832188378,Entertainment,Zee TV,11.769155569272227,India,Entertainment,6.0,21.25800328134454,15.732433317205148,13.710151153416941,28.1,21.035458374912988,5.36,0,0,18,6.945468507118932,13.246482258817611,18.156715211138735,0.34471999988372515,0.012685159527315732
Pinkfong Baby Shark - Kids' Songs & Stories,18.037955137476448,24.382799637673973,Education,Pinkfong Baby Shark - Kids' Songs & Stories,7.960672608388117,United States,Education,8.0,19.97542379585854,14.45736497045232,13.304686600863562,88.2,19.609254155938732,14.7,0,0,12,6.346598750980755,16.42247608225741,16.87421767762801,0.8245899991756934,0.008759180089881562
Canal KondZilla,18.012712520663676,24.328100036033025,Music,Canal KondZilla,7.8528278122817445,Brazil,Music,1.0,19.918567911845663,0.0,12.206077645517674,51.3,19.17473212136165,12.08,1,0,11,6.317194162304298,16.475661020586024,0.0,0.8620725611041735,0.0030030052597695782
ChuChu TV Nursery Rhymes & Kids Songs,18.00364901464724,24.546629203674883,Education,ChuChu TV Nursery Rhymes & Kids Songs,6.452048954437226,India,Education,7.0,19.856460268150176,14.346139397261565,13.122365377402328,28.1,21.035458374912988,5.36,0,0,10,6.544419358137958,18.096158795342546,16.75467253293992,0.34471999988372515,0.007558614973926633
Shemaroo Filmi Gaane,17.99908626915822,24.078350322755835,Music,Shemaroo Filmi Gaane,9.048174321385792,India,Music,8.0,19.356621154171705,13.815511557963774,12.899222326086994,28.1,21.035458374912988,5.36,0,0,13,6.0815513122831115,15.030293910576539,16.252198217931713,0.34471999988372515,0.006079046076382187
Colors TV,17.983724984232705,24.842480336816354,Shows,Colors TV,11.634399458431469,India,Entertainment,9.0,20.895537058728614,15.38412668421143,13.910821646859095,28.1,21.035458374912988,5.36,0,0,15,6.859805037208988,13.208091570237725,17.793321322657015,0.34471999988372515,0.016884514702008663
T-Series Bhakti Sagar,17.926384438531027,24.108781918151877,Music,T- SERIES BHAKTI SAGAR,2.639057329615259,India,Music,5803.0,2.3978952727983707,0.039220713153281295,12.206077645517674,28.1,21.035458374912988,5.36,1,0,5,6.184460835787854,21.543832561096664,0.371563556432483,0.34471999988372515,0.0032733253449691493
Dude Perfect,17.90148688732258,23.510838558694495,Sports,Dude Perfect,5.966146739123692,United States,Sports,9.0,18.765687890105568,13.244228735697845,11.51293546492023,88.2,19.609254155938732,14.7,0,0,14,5.61300843769337,17.547259238965395,15.66811438956992,0.8245899991756934,0.00167926151972
Movieclips,17.90148688732258,24.80615289113672,Film & Animation,Movieclips,10.574235738152595,United States,Film,9.0,18.557551563229765,13.03615386065701,11.51293546492023,88.2,19.609254155938732,14.7,0,0,17,6.9056686118764175,14.231943378982514,15.455671836989994,0.8245899991756934,0.00167926151972
Tips Official,17.89811988083136,24.232773460513233,Music,Tips Official,8.464214266625351,India,Music,11.0,19.862017116606403,14.346139397261565,13.304686600863562,28.1,21.035458374912988,5.36,0,0,16,6.336425785429437,15.768770239392271,16.759949589762293,0.34471999988372515,0.010067199117723896
El Reino Infantil,17.88282646492174,24.771071239409103,Music,El Reino Infantil,7.32052696227274,Argentina,Music,1.0,20.231961756858652,14.690979711984754,13.304686600863562,90.0,17.62081018612713,9.79,0,0,12,6.889263974111012,17.451206335948253,17.133326366919263,0.9199100098819032,0.010221554071538077
Wave Music,17.87595358575207,24.427083662020557,Music,Wave Music,9.877554170509624,India,Music,12.0,19.262355686755612,13.740895842053003,13.122365377402328,28.1,21.035458374912988,5.36,0,0,9,6.552557574496099,14.549581286383168,16.15769138993447,0.34471999988372515,0.008583743691391473
Aaj Tak,17.86903314302723,23.95437664956343,News & Politics,Aaj Tak,12.555940473535928,India,News,13.0,19.94922959282147,14.403297778421795,13.122365377402328,28.1,21.035458374912988,5.36,0,0,14,6.087616920068953,11.398450912804304,16.845644306544774,0.34471999988372515,0.00864309615601999
Sony Music India,17.862064473832543,24.084930133261505,Music,Sony Music India,8.264363329731667,India,Music,14.0,19.373534818989956,13.815511557963774,12.611541086966115,28.1,21.035458374912988,5.36,0,0,14,6.2248472650768045,15.820824504115906,16.26841910199416,0.34471999988372515,0.005231049417552541
EminemMusic,17.856805916671252,24.02183499856985,Music,EminemMusic,5.056245805348308,United States,Music,10.0,19.376934225141323,13.815511557963774,12.611541086966115,88.2,19.609254155938732,14.7,0,0,16,6.167128551250953,18.97197899704539,16.276756231592003,0.8245899991756934,0.005258557253466978
Marshmello,17.847979734198784,23.41084140464691,Entertainment,Marshmello,6.07993319509559,United States,Music,11.0,18.534901896962996,13.013443200329306,11.51293546492023,88.2,19.609254155938732,14.7,0,0,8,5.566692120771836,17.33319919089776,15.437608196829162,0.8245899991756934,0.001771479648382046
YRF,17.81554445903015,24.287212359545656,Film & Animation,YRF,8.218247926685745,India,Music,15.0,20.054016809086892,14.508658238524095,13.122365377402328,28.1,21.035458374912988,5.36,0,0,17,6.4732133678842665,16.06923426137408,16.955343218782065,0.34471999988372515,0.009115833408009446
LooLoo Kids - Nursery Rhymes and Children's Songs,17.804494623047066,24.198717861243743,Music,LooLoo Kids - Nursery Rhymes and Children's ï¿½,2.4849066497880004,Unknown,Entertainment,-1.0,5.075173815233827,0.49469624183610705,12.206077645517674,68.0,19.609254155938732,9.02,1,1,7,6.395893045251269,21.80082258875485,2.1424163408412245,0.8245899991756934,0.003696861881326142
Ed Sheeran,17.795192230557824,24.136644614460845,Music,Ed Sheeran,5.950642552587727,United Kingdom,Music,1.0,19.127336279470015,13.60590125412957,11.51293546492023,60.0,18.0177285657893,3.85,0,0,17,6.343212594134886,18.18860963785936,16.022883576341524,0.8365199929587164,0.00186741417479544
Infobells - Hindi,17.7914469078978,24.141522633795415,Education,Infobells - Hindi,6.359573868672378,India,Education,16.0,20.51986241220074,15.009433329466965,14.285514812209815,28.1,21.035458374912988,5.36,0,0,9,6.351820835903233,17.783680386162555,17.421008430313073,0.34471999988372515,0.02957701734368609
Taylor Swift,17.783913915732118,24.12061105143059,Music,Taylor Swift,5.37989735354046,United States,Music,13.0,20.085348992344947,14.557448378884015,13.592368256649284,88.2,19.609254155938732,14.7,0,0,17,6.338465728807019,18.745332650940753,16.98519618065851,0.8245899991756934,0.015009662650565306
Ariana Grande,17.780126032486923,23.901521422315444,Music,Ariana Grande,4.997212273764115,United States,Music,14.0,18.89203346900897,13.370630277796922,11.51293546492023,88.2,19.609254155938732,14.7,0,0,16,6.123588392771768,18.911088841618813,15.792282543438388,0.8245899991756934,0.001895735164899147
BillionSurpriseToys  - Nursery Rhymes & Cartoons,17.770593072009955,23.013511640571885,Education,BillionSurpriseToys  - Nursery Rhymes & Cartï¿½,6.742880635791903,United States,Education,15.0,19.40181120534629,13.910821646859095,13.304686600863562,88.2,19.609254155938732,14.7,0,0,10,5.248189482138921,16.2718110315702,16.300400624281437,0.8245899991756934,0.011428695823622754
JuegaGerman,17.68879275586601,23.406456948084994,Gaming,JuegaGerman,7.627057417018934,Chile,Games,1.0,18.01102689028571,12.48975046163757,12.206077645517674,88.5,16.75742208264895,7.09,0,0,10,5.720946201880644,15.779886881969325,14.914389810994226,0.876430017711024,0.004149383546811507
Billie Eilish,17.68462608325797,23.335269865347957,Music,Billie Eilish,4.189654742026425,United States,Music,16.0,18.805003935116215,13.28346300016264,12.206077645517674,88.2,19.609254155938732,14.7,0,0,10,5.654152891749411,19.16088260014911,15.69640984577556,0.8245899991756934,0.004166672694845945
Get Movies,17.6762402900575,24.150412911863803,Entertainment,Get Movies,8.108623268354595,Russia,Film,1.0,19.540858813797254,13.997832948091215,13.45883704259595,81.9,18.78791449892918,4.59,0,0,17,6.475714228807248,16.042090729554875,16.438757923271524,0.7458700031137978,0.014629310015959095
Shemaroo,17.67413280776235,23.837656548835582,Entertainment,Shemaroo,9.345919666218006,India,Entertainment,17.0,19.265449699353194,13.744015630372484,13.122365377402328,28.1,21.035458374912988,5.36,0,0,16,6.165626373380831,14.491824715865716,16.16705732422875,0.34471999988372515,0.01049327571583874
Badabun,17.661393782255395,23.688438160982624,Entertainment,badabun,0.6931471805599453,Unknown,Music,-1.0,6.089044875446846,1.0986122886681096,4.330733340286331,68.0,19.609254155938732,9.02,0,1,16,6.0294541085357665,23.688438160982624,3.044522437723423,0.8245899991756934,1.6025628184596229e-06
SonyMusicIndiaVEVO,17.6571111205551,24.02964174232922,Music,SonyMusicIndiaVEVO,8.144679183447758,United States,Music,17.0,19.566510535409186,14.077875591662238,12.899222326086994,88.2,19.609254155938732,14.7,0,0,14,6.374237018349496,15.885253002963243,16.46568451117472,0.8245899991756934,0.008547060578458396
A4,17.650652540654736,23.856001068375644,Gaming,aefour,0.6931471805599453,Cuba,People,99.0,4.553876891600541,0.32208349916911333,2.3978952727983707,41.4,16.243272087941605,1.64,0,0,17,6.207365119732731,23.856001068375644,1.7439688053917064,0.7710899641354736,2.1598269805802483e-07
Bad Bunny,17.64632352965885,24.147083516983034,Music,badbunny,0.6931471805599453,Unknown,Sports,-1.0,0.6931471805599453,0.0,12.206077645517674,68.0,19.609254155938732,9.02,1,1,18,6.5022611786641145,24.147083516983034,0.04879016416943201,0.8245899991756934,0.004329011089585556
Fernanfloo,17.64632352965885,23.05767818583806,Gaming,Fernanfloo,6.298949246855942,El Salvador,Games,1.0,17.33721322215979,11.81599602495741,12.206077645517674,29.4,15.680141544774862,4.11,0,0,12,5.415810323307453,16.76056891840625,14.219975833072633,0.7274600518505078,0.004329011089585556
Voot Kids,17.6332229058992,23.786129761724343,Entertainment,Voot Kids,8.446985296372741,India,Entertainment,18.0,19.270780394229448,13.749371823835228,12.899222326086994,28.1,21.035458374912988,5.36,0,0,7,6.155031907285462,15.33935925242967,16.166695416050615,0.34471999988372515,0.008752791109594739
Felipe Neto,17.626607666926354,23.532800949685917,Entertainment,Felipe Neto,8.37378460812088,Brazil,Entertainment,2.0,18.685802748510593,13.16427469839301,12.206077645517674,51.3,19.17473212136165,12.08,0,0,17,5.908912136480677,15.159247469280094,15.591970416083551,0.8620725611041735,0.004415018209116797
Vocï¿½ï¿½ï¿½,17.615484081955163,22.781050914733864,Entertainment,Vocï¿½ï¿½ï¿½,7.351799869057777,Brazil,Entertainment,3.0,17.68737803423478,12.16577655436517,11.51293546492023,51.3,19.17473212136165,12.08,0,0,10,5.171260441034572,15.429892887189009,14.583719291589397,0.8620725611041735,0.0022346378014163294
HAR PAL GEO,17.613244439411815,24.440223638065724,Entertainment,HAR PAL GEO,11.520457031385575,Pakistan,Entertainment,1.0,21.01369413581416,15.483217567201578,14.077875591662238,9.0,19.193402764291193,4.45,0,0,15,6.828062761896153,12.9197789808022,17.913182926890347,0.36907000039590826,0.028731258040481086
BRIGHT SIDE,17.61099976960838,23.09430662685498,Howto & Style,brightside,0.0,Unknown,Entertainment,-1.0,17.975720900750336,0.0,0.6931471805599453,68.0,19.609254155938732,9.02,0,1,18,5.4874538341091466,0.0,0.0,0.8245899991756934,2.2471909859866183e-08
Katy Perry,17.60423536967236,23.960333267523872,Music,Katy Perry,4.859812404361672,United States,Music,19.0,18.715154706710333,13.19375523568666,11.51293546492023,88.2,19.609254155938732,14.7,0,0,15,6.35783254312982,19.108303008592674,15.60682009265363,0.8245899991756934,0.0022598879674375124
whinderssonnunes,17.60423536967236,22.1759819162029,Comedy,whinderssonnunes,6.326149473155099,Brazil,Comedy,4.0,17.099537253945524,11.577785809317154,12.206077645517674,51.3,19.17473212136165,12.08,1,0,10,4.582033362586411,15.851623084122842,14.014280265875815,0.8620725611041735,0.0045146803545266295
ABS-CBN Entertainment,17.60423536967236,24.641122600728185,People & Blogs,ABS-CBN Entertainment,12.175051424475317,Philippines,Entertainment,1.0,18.989562051224787,13.468079896533885,12.611541086966115,35.5,18.49872098032555,2.15,0,0,15,7.037765725661726,12.466080189019527,15.89120772320806,0.47149000179112155,0.006764400088542087
Alan Walker,17.592858682949114,23.279272619197673,Music,alanwalker,2.1972245773362196,Thailand,Film,4026.0,3.1354942159291497,0.08617769624105233,12.206077645517674,49.3,18.05864262960575,0.75,1,0,17,5.689799954181611,21.199831078061138,0.6575200029167941,0.506919999605892,0.004566217979581199
HolaSoyGerman.,17.590567731255042,22.298383747270105,Entertainment,holasoygerman. 2,1.9459101490553132,Unknown,People,-1.0,1.6094379124341003,0.019802627296179712,12.206077645517674,68.0,19.609254155938732,9.02,1,1,7,4.716800026757379,20.506624279076966,0.16551443847757338,0.8245899991756934,0.004576667027411811
Shakira,17.588271519047417,24.03994898646496,People & Blogs,Shakira,5.7899601708972535,Colombia,Howto,1.0,19.683145075960326,14.151983508870947,13.122365377402328,55.3,17.734299502715732,9.71,0,0,18,6.453254119916517,18.25305161688696,16.58182973008354,0.8110400029654679,0.011428695823622754
ýýýýýýýý ýý ýýýýýýýýýýýýýý,17.581351076362488,24.31944668998122,Film & Animation,ýýýýýýýý ýý ýýýýýýýýýýýýýý,7.2991214627108,Russia,Education,2.0,19.531814316466004,13.997832948091215,12.611541086966115,81.9,18.78791449892918,4.59,0,0,12,6.739279836789985,17.021001628984635,16.432081305983925,0.7458700031137978,0.006920442844573781
ARY Digital HD,17.581351076362488,24.359266020888338,Entertainment,ARY Digital HD,11.607071330860457,Pakistan,Entertainment,2.0,20.86215783668335,15.341567078850604,13.710151153416941,9.0,19.193402764291193,4.45,0,0,7,6.779052966421201,12.752206687470018,17.76290072653473,0.36907000039590826,0.02061928720273568
Speed Records,17.565014657424058,24.01244736908076,Music,Speed Records,9.30008966411979,India,Music,19.0,18.889164474987776,13.367661298303675,11.51293546492023,28.1,21.035458374912988,5.36,0,0,11,6.449016066019393,14.712449532952927,15.792462597568685,0.34471999988372515,0.0023501773449535923
Masha and The Bear,17.562658943787092,23.922715101747485,Shows,Masha and The Bear,7.105786129481271,United States,Film,20.0,20.323473111911163,14.80876270134486,13.815511557963774,88.2,19.609254155938732,14.7,0,0,9,6.361783957595567,16.817749703112572,17.22335251545768,0.8245899991756934,0.0233110788684471
Like Nastya Show,17.562658943787092,23.6961232745413,Entertainment,Like Nastya Show,6.428105272684596,United States,Entertainment,21.0,17.789606566386485,12.268112735686705,12.206077645517674,88.2,19.609254155938732,14.7,1,0,6,6.135631058846863,17.26963484864743,14.707672928028641,0.8245899991756934,0.004705891037412659
Rihanna,17.550796408758714,23.835791582744818,Entertainment,Rihanna,4.442651256490317,Barbados,Music,1.0,19.02459226290745,13.503127239551521,11.51293546492023,65.4,12.567328082973015,10.33,0,0,18,6.28685752851448,19.404974787594046,15.925869323473318,0.31157913073774063,0.002383791355276259
Ishtar Music,17.538791462950133,23.59167206266646,Trailers,Ishtar Music,8.414274137408396,India,Music,20.0,19.01368710141528,13.492271771707951,12.899222326086994,28.1,21.035458374912988,5.36,0,0,18,6.055228944017047,15.177619886232945,15.914411653391406,0.34471999988372515,0.00961545869944193
Kimberly Loaiza,17.536373082144337,22.44658798551914,People & Blogs,Kimberly Loaiza,5.676753802268282,Mexico,People,2.0,18.733628442839503,13.212205909556012,12.899222326086994,40.2,18.651903768245116,3.42,0,0,7,4.917558799002699,16.7732647701046,15.638413495517183,0.814408236023,0.009638628837768693
Little Baby Bum - Nursery Rhymes & Kids Songs,17.52664064546291,24.39832079235939,Education,Little Baby Bum - Nursery Rhymes & Kids Songs,7.793174347189205,United States,Education,22.0,18.40835510438575,12.886896707401087,11.51293546492023,88.2,19.609254155938732,14.7,0,0,12,6.872716367993973,16.605559132935745,15.29795588169518,0.8245899991756934,0.002442003655551742
Luisito Comunica,17.5192786492025,22.883189256004496,Comedy,Luis Arturo Villar Sudek,0.0,Mexico,Comedy,3021.0,17.975720900750336,0.0,12.206077645517674,40.2,18.651903768245116,3.42,1,0,13,5.368582260739933,0.0,0.0,0.814408236023,0.0049140148024290585
elrubiusOMG,17.514340367683854,22.72616869859811,Gaming,elrubiusOMG,6.556778356158042,Unknown,Entertainment,-1.0,15.56870260726322,10.047631185616188,12.206077645517674,68.0,19.609254155938732,9.02,1,1,12,5.217265245751815,16.170811901517418,12.467671232325932,0.8245899991756934,0.004938281640582572
Toys and Colors,17.511862051730805,24.57352094685598,Entertainment,Toys and colors,1.6094379124341003,Unknown,People,-1.0,1.791759469228055,0.019802627296179712,12.206077645517674,68.0,19.609254155938732,9.02,1,1,5,7.062515907230167,23.187226585799912,0.1988508587451652,0.8245899991756934,0.004950505159856158
shfa2 - ï¿½ï¿½,17.496861770846337,23.89650912186046,People & Blogs,shfa2 - ï¿½ï¿½,7.3758821482150125,United Arab Emirates,People,1.0,19.327854042058256,13.806369909230051,12.611541086966115,36.8,16.094881270244645,2.35,0,0,6,6.4013081396109985,16.521253410629512,16.227559825080316,0.8678899576471243,0.007528266420791574
LUCCAS NETO - LUCCAS TOON,17.489276399648872,23.827966727858605,People & Blogs,LUCCAS NETO- LUCCAS TOON,0.6931471805599453,Unknown,Games,-1.0,1.0986122886681096,0.009950330853168083,12.206077645517674,68.0,19.609254155938732,9.02,1,1,2,6.34045540928055,23.827966727858605,0.08617769624105234,0.8245899991756934,0.005063301956546729
CarryMinati,17.484187330270895,21.915372458372104,Comedy,CarryMinati,5.231108616854587,India,Comedy,21.0,18.181001236706475,12.659695972140415,13.45883704259595,28.1,21.035458374912988,5.36,0,0,9,4.443015278161561,16.689625840821396,15.08636628940925,0.34471999988372515,0.017699577099400916
XXXTENTACION,17.484187330270895,23.075352680586455,Music,XXXTENTACION,4.897839799950911,United States,Music,24.0,17.88217556821407,12.36051328331556,11.51293546492023,88.2,19.609254155938732,14.7,0,0,8,5.594889111701251,18.185003564927186,14.780553739010946,0.8245899991756934,0.002547772078798697
Super Simple Songs - Kids Songs,17.484187330270895,24.5277236305815,Education,Super Simple Songs - Kids Songs,6.61338421837956,Canada,Education,2.0,20.14479643304607,14.603968372873895,12.899222326086994,68.9,17.42621174442237,5.56,0,0,17,7.0444089786913064,17.91568261229596,17.04235459216419,0.827976257881404,0.010152371464018007
Mikecrack,17.48163305053104,23.50321376828291,Gaming,Mikecrack,7.537430036586509,Spain,Games,1.0,19.39186867215114,13.910821646859095,13.592368256649284,88.9,17.667290486278546,13.96,0,0,8,6.024003637629866,15.966316755044994,16.292695891632256,0.8056500082280477,0.020253856904497686
WorkpointOfficial,17.479072229734946,24.310423386066983,Entertainment,WorkpointOfficial,11.192458458572395,Thailand,Entertainment,1.0,18.686584897152702,13.16504156812601,12.206077645517674,49.3,18.05864262960575,0.75,0,0,11,6.8324299984813495,13.117980714058826,15.5919196439322,0.506919999605892,0.005115100666770427
GR6 EXPLODE,17.476504834295614,23.948292001918727,Music,GR6 EXPLODE,8.020927718981577,Brazil,Music,6.0,21.21490864190725,15.687312888712007,11.51293546492023,51.3,19.17473212136165,12.08,0,0,9,6.473332458193053,15.927692972955672,18.11415559728606,0.8620725611041735,0.0025673955052458184
TEDx Talks,17.468762860341794,22.716513819995637,Nonprofits & Activism,TEDx Talks,12.210731774910897,United States,Nonprofit,25.0,17.636251282700073,12.115058723579269,11.51293546492023,88.2,19.609254155938732,14.7,0,0,14,5.252996536857545,10.505814398900176,14.539720748683399,0.8245899991756934,0.0025873235649509453
shfa,17.463568043599622,23.792625680958277,People & Blogs,ýýýýýýýýýý ýýýýýý,6.890609120147166,Saudi Arabia,Games,774.0,14.278616074845276,8.764209507142004,7.601402334583733,68.0,17.349737969089443,5.93,0,0,5,6.330839788261825,16.903034418172123,11.177466714598282,0.8406499981557422,5.208197704362097e-05
Goldmines Gaane Sune Ansune,17.460960480260535,23.539763327933212,Music,Goldmines Gaane Sune Ansune,8.169902647359145,India,Music,22.0,20.518399241104344,15.009433329466965,12.899222326086994,28.1,21.035458374912988,5.36,0,0,8,6.081091171101476,15.370143977416383,17.418287340272755,0.34471999988372515,0.010389703849135816
One Direction,17.458346099754813,23.33325502504289,Music,21 Savage,2.4849066497880004,United States,Music,2904.0,8.75605259917045,3.258096538021482,4.61512051684126,88.2,19.609254155938732,14.7,0,0,7,5.877714063327713,20.935359752979874,5.659482215759621,0.8245899991756934,2.6177976206852374e-06
TheEllenShow,17.458346099754813,23.84812024823822,Entertainment,TheEllenShow,9.659694765654068,United States,Entertainment,26.0,16.897604043029453,11.375971077721223,12.206077645517674,88.2,19.609254155938732,14.7,1,0,17,6.391451402521092,14.188489977249544,13.74787497922435,0.8245899991756934,0.005221943981151675
Sony PAL,17.458346099754813,24.073848272687155,Shows,Sony PAL,10.089552095608918,India,Entertainment,23.0,19.845989068488898,14.346139397261565,13.122365377402328,28.1,21.035458374912988,5.36,0,0,9,6.616840744783726,13.984338533559741,16.749367480991666,0.34471999988372515,0.013004084423206623
Daddy Yankee,17.453096744006448,23.84701375219407,Music,Daddy Yankee,6.226536669287466,United States,Music,27.0,19.141413913104035,13.619983389635605,11.51293546492023,88.2,19.609254155938732,14.7,0,0,12,6.395587334004244,17.622455345090668,16.04371698063069,0.8245899991756934,0.0026281224062695108
Vlad vï¿½ï¿½ï,17.450461696437877,23.88069817982618,Entertainment,Vlad vï¿½ï¿½ï,6.246106765481563,United States,Entertainment,28.0,19.313059862276987,13.79162864167084,12.206077645517674,88.2,19.609254155938732,14.7,0,0,5,6.4318472812609695,17.63653130102534,16.21046523872943,0.8245899991756934,0.005263170044274616
Like Nastya ESP,17.442514634955867,23.625137706453152,Entertainment,Like Nastya ESP,6.612041034833092,United States,Entertainment,29.0,19.587032677813966,14.077875591662238,13.45883704259595,88.2,19.609254155938732,14.7,0,0,6,6.184685972884071,17.01444170248627,16.485298056208098,0.8245899991756934,0.018445845790751474
ýýýýýýýýýýýý one31,17.439851517607305,24.028776578835412,Entertainment,ýýýýýýýýýýýý one31,11.67123605180268,Thailand,Entertainment,2.0,18.7625242508678,13.241036683319184,12.611541086966115,49.3,18.05864262960575,0.75,0,0,10,6.590299660430155,12.357553360060285,15.668318245553587,0.506919999605892,0.007968169649176874
Jkk Entertainment,17.431819346125096,23.520673183227032,Comedy,Jkk Entertainment,5.3981627015177525,India,Comedy,24.0,17.72474971207156,12.203073151542435,11.51293546492023,28.1,21.035458374912988,5.36,0,0,6,6.091119302747493,18.127045650226645,14.626618980523132,0.34471999988372515,0.0026845653706689854
ABP NEWS,17.426428497635523,23.296077399651885,People & Blogs,ABP NEWS,12.61589159523318,India,News,25.0,19.40298391396457,13.910821646859095,12.899222326086994,28.1,21.035458374912988,5.36,0,0,11,5.872468813888829,10.680212118961942,16.300317286093605,0.34471999988372515,0.010752791776261806
Maria Clara & JP,17.426428497635523,23.90915811283859,People & Blogs,Maria Clara & JP,6.61338421837956,Brazil,Entertainment,7.0,19.342750747617504,13.815511557963774,12.611541086966115,51.3,19.17473212136165,12.08,0,0,8,6.484258103130925,17.297117108722112,16.244349463621706,0.8620725611041735,0.008075414005545413
Bruno Mars,17.418287340272755,23.68741225962223,Music,Bruno Mars,4.605170185988092,United States,Music,30.0,18.981684145848938,13.460264592549233,12.206077645517674,88.2,19.609254155938732,14.7,0,0,17,6.271017040515581,19.092292414544882,15.879114976831637,0.8245899991756934,0.005434795985956915
Maroon 5,17.415558825694,23.83917488097511,Music,Maroon 5,5.147494476813453,United States,Music,31.0,18.844804040422495,13.323344751873487,12.206077645517674,88.2,19.609254155938732,14.7,1,0,17,6.4252375447932515,18.697511332009945,15.738517709968768,0.8245899991756934,0.005449604767564679
Ultra Bollywood,17.415558825694,23.47397867016369,Trailers,Ultra Bollywood,9.1235835080499,India,Entertainment,26.0,18.69422840204397,0.0,12.206077645517674,28.1,21.035458374912988,5.36,0,0,14,6.060755235099298,14.35050481681811,0.0,0.34471999988372515,0.005449604767564679
PowerKids TV,17.41282284594998,23.665662832999473,Film & Animation,PowerKids TV,8.634442751466477,Unknown,Film,1.0,19.579767057999796,14.077875591662238,13.304686600863562,68.0,19.609254155938732,9.02,0,0,9,6.254763143391992,15.031398266391443,16.478835392402797,0.8245899991756934,0.016304709024943635
YouTube,17.40732832678329,21.82546665779076,News & Politics,YouTube,6.61338421837956,United States,Entertainment,32.0,16.864925815821078,11.34333452885509,12.611541086966115,88.2,19.609254155938732,14.7,0,0,53,4.4301229122853805,15.213425869737135,13.750119406774319,0.8245899991756934,0.00823049913651547
News,17.40732832678329,0.0,Entertainment,News,0.0,Unknown,Entertainment,-1.0,17.975720900750336,0.0,12.206077645517674,68.0,19.609254155938732,9.02,1,1,10,0.0,0.0,0.0,0.8245899991756934,0.005494519317640724
Ozuna,17.404569704420307,23.874111253026093,Music,Ozuna,5.2832037287379885,Unknown,Music,2.0,18.94684020719224,13.425428028998196,11.51293546492023,68.0,19.609254155938732,9.02,0,0,7,6.471090312373728,18.59599660214468,15.842645265482819,0.8245899991756934,0.002758622439079723
MrBeast Gaming,17.40180345100394,22.568776564059885,Gaming,MrBeastGaming,1.791759469228055,Unknown,Comedy,-1.0,3.4965075614664802,0.12221763272424921,0.6931471805599453,68.0,19.609254155938732,9.02,0,1,12,5.172658748133186,20.959338652257564,1.0647107369924282,0.8245899991756934,2.7700830641262734e-08
La Granja de Zenï¿½,17.390661274761072,24.02347660783764,Music,La Granja de Zenï¿½,6.484635235635252,Argentina,Music,2.0,19.526172650355853,13.997832948091215,12.899222326086994,90.0,17.62081018612713,9.79,0,0,10,6.634130946865616,17.540369280460073,16.425124437970332,0.9199100098819032,0.011142176553241843
Saregama Music,17.385043282614657,23.47422694833635,Entertainment,Saregama Music,8.931551966694522,India,Music,27.0,20.095518683196435,14.557448378884015,13.710151153416941,28.1,21.035458374912988,5.36,0,0,10,6.09144838641071,14.542807626292948,16.993564429978885,0.34471999988372515,0.025036078161324866
IndiaTV,17.385043282614657,23.502397094425785,News & Politics,IndiaTV,12.518164363711712,India,News,27.0,19.48830791711093,13.997832948091215,13.304686600863562,28.1,21.035458374912988,5.36,0,0,17,6.119555695187815,10.98425335715266,16.390219900670115,0.34471999988372515,0.016760168857465122
T-Series Bollywood Classics,17.38222240635259,23.842886184340355,Music,T-Series Bollywood Classics,7.606387389772652,India,Music,28.0,19.619059936158568,14.077875591662238,13.122365377402328,28.1,21.035458374912988,5.36,0,0,11,6.462226342130812,16.236996272032666,16.517247606320982,0.34471999988372515,0.014025475354504421
Total Gaming,17.38222240635259,22.438209816025278,Gaming,totalgaming,0.6931471805599453,Unknown,Autos,-1.0,3.9889840465642745,0.1906203596086497,1.0986122886681096,68.0,19.609254155938732,9.02,0,1,17,5.062338300867907,22.438209816025278,1.3454723665996355,0.8245899991756934,5.64971735452776e-08
Markiplier,17.376556668977415,23.733784807456114,Gaming,Markiplier,8.610865667278873,United States,Games,34.0,18.662284853763715,13.140794476350054,11.51293546492023,88.2,19.609254155938732,14.7,0,0,11,6.358960831784704,15.123101543374148,15.559129826750702,0.8245899991756934,0.0028368813351996765
Ryan's World,17.376556668977415,24.736035855759855,Entertainment,Ryan's World,7.805474625270857,United States,Entertainment,35.0,19.290353554827625,13.768943969816327,12.206077645517674,88.2,19.609254155938732,14.7,0,0,8,7.3601155425425695,16.930968855841456,16.193592750684562,0.8245899991756934,0.005665737535677361
Genevieve's Playhouse - Learning Videos for Kids,17.36799741582595,23.966147104074597,Education,Genevieve's Playhouse - Learning Videos for ï¿½,6.42648845745769,United States,Film,36.0,19.630557091027605,14.077875591662238,12.611541086966115,88.2,19.609254155938732,14.7,0,0,7,6.599511676408454,17.54127810422476,16.530205368010318,0.8245899991756934,0.008559253395669928
T-Series Apna Punjab,17.359364268929685,23.782269364775665,Music,T- Series Apna Punjab,0.0,Unknown,News,-1.0,17.975720900750336,0.0,12.206077645517674,68.0,19.609254155938732,9.02,1,1,3,6.424527739200961,0.0,0.0,0.8245899991756934,0.005763704716750081
Techno Gamerz,17.353567151413394,22.994411826535135,Gaming,TechnoGamerz,0.6931471805599453,Unknown,Games,-1.0,4.465908118654584,0.29266961396282,1.3862943611198906,68.0,19.609254155938732,9.02,0,1,13,5.644388286727592,22.994411826535135,1.556037135706985,0.8245899991756934,8.72092985228504e-08
Geet MP3,17.350655941290686,23.26852537147681,Music,Geet MP3,6.522092798170152,India,Music,31.0,18.43415950593091,12.91263197969655,11.51293546492023,28.1,21.035458374912988,5.36,0,0,7,5.920556772403566,16.747904297109034,15.340675377248811,0.34471999988372515,0.0029112102074584363
J Balvin,17.344807971579257,23.85899105271478,Music,J Balvin,4.955827057601261,Colombia,Music,2.0,18.67296359982253,13.151535697204164,11.51293546492023,55.3,17.734299502715732,9.71,0,0,12,6.5156642791982105,18.910231168422165,15.575762332092205,0.8110400029654679,0.0029282597790883623
Jess No Limit,17.341871111992198,22.100269022462573,Entertainment,Jess No Limit,7.734121303328305,Indonesia,Entertainment,1.0,20.1202170986497,14.603968372873895,15.520258832020865,36.3,19.41468748375534,4.69,0,0,6,4.766940689234797,14.366586027764155,17.022313842084035,0.5607236404348646,0.14994014729091482
Jingle Toons,17.341871111992198,23.152573076868936,Film & Animation,Jingle Toons,5.484796933490655,India,Film,32.0,19.007928380271345,13.486452170718472,13.304686600863562,28.1,21.035458374912988,5.36,0,0,10,5.813692843779703,17.67193417458233,15.902461458698658,0.34471999988372515,0.017493157447517182
VEGETTA777,17.335971390039045,23.45976932360648,Gaming,VEGETTA777,8.936824154997302,Spain,Games,2.0,17.481479586074478,11.9601785009348,12.206077645517674,88.9,17.667290486278546,13.96,1,0,15,6.1259856904111585,14.523077127895636,14.393640187886675,0.8056500082280477,0.005899722127188292
Galinha Pintadinha,17.335971390039045,24.029219897695803,Film & Animation,Galinha Pintadinha,4.204692619390966,Brazil,Film,8.0,19.815706874473968,14.285514812209815,12.206077645517674,51.3,19.17473212136165,12.08,0,0,17,6.694487020444517,19.83956515805255,16.716932206992077,0.8620725611041735,0.005899722127188292
SSSniperWolf,17.33300842499618,23.87995490835563,Gaming,SSSniperWolf,8.121777419161074,United States,Entertainment,37.0,19.167155403293197,13.64567196378663,12.206077645517674,88.2,19.609254155938732,14.7,0,0,10,6.548379974205397,15.758474676840946,16.063333293692548,0.8245899991756934,0.005917177028088536
Desi Music Factory,17.33300842499618,23.04457723860565,Music,Desi music factory,1.0986122886681096,Unknown,Music,-1.0,17.975720900750336,0.0,12.206077645517674,68.0,19.609254155938732,9.02,1,1,5,5.714870865060922,22.35143005814385,0.0,0.8245899991756934,0.005917177028088536
Selena Gomez,17.330036654695338,23.289258291423817,Film & Animation,Selena Gomez,5.241747015059643,United States,Music,38.0,18.567306044724223,13.045916364133237,12.206077645517674,88.2,19.609254155938732,14.7,0,0,15,5.96180025976811,18.05281634296349,15.474233940455019,0.8245899991756934,0.005934735519814547
Rajshri,17.32705602664604,23.42222785150422,Music,Rajshri,8.227375506834035,India,Entertainment,34.0,19.42224968875464,13.910821646859095,13.122365377402328,28.1,21.035458374912988,5.36,0,0,17,6.097423041612457,15.195119868765692,16.323743114467778,0.34471999988372515,0.014815085785140639
Ch3Thailand,17.32705602664604,24.111442634045044,Entertainment,Ch3Thailand,11.47434054965466,Thailand,Entertainment,3.0,17.931404603194245,0.0,11.51293546492023,49.3,18.05864262960575,0.75,0,0,9,6.785517299165813,12.637115726960282,0.0,0.506919999605892,0.0029806281381377997
KHANDESHI MOVIES,17.32705602664604,23.157388685778653,Comedy,KHANDESHI MOVIES,5.384495062789089,India,Comedy,35.0,17.02377027079619,11.501874628783144,11.51293546492023,28.1,21.035458374912988,5.36,0,0,10,5.833265483722763,17.777491351175907,13.934005340268907,0.34471999988372515,0.0029806281381377997
NoCopyrightSounds,17.32406648788705,23.07756339896704,Music,NoCopyrightSounds,7.194436851100335,United Kingdom,Music,3.0,17.83466452887863,12.313136210176474,12.206077645517674,60.0,18.0177285657893,3.85,1,0,12,5.756663592026892,15.88387770686897,14.744915323772522,0.8365199929587164,0.005970166986503818
CVS 3D Rhymes & Kids Songs,17.32406648788705,23.73240077064661,Education,CVS 3D Rhymes & Kids Songs,5.82600010738045,India,Education,35.0,18.728782907442113,13.207257681642725,12.206077645517674,28.1,21.035458374912988,5.36,0,0,15,6.409980723453874,17.909354891789263,15.622437911031035,0.34471999988372515,0.005970166986503818
Ricis Official,17.3210679849807,22.51404762189691,People & Blogs,Ricis Official,7.914617709040679,Indonesia,Entertainment,2.0,18.872399474943297,13.35093377670543,14.45736497045232,36.3,19.41468748375534,4.69,0,0,7,5.1985197211018175,14.599795799433577,15.76551246719665,0.5607236404348646,0.055488685617653265
BabyBus - Kids Songs and Cartoons,17.305939103842178,23.994927192647342,Education,BabyBus - Kids Songs and Cartoons,7.660585461703256,United States,Education,39.0,18.663611244008475,13.1421679654829,12.206077645517674,88.2,19.609254155938732,14.7,0,0,7,6.6902318869188235,16.33481295395123,15.559042379780676,0.8245899991756934,0.006079046076382187
Eros Now Music,17.30288566644852,23.605482139392507,Entertainment,Mzaalo,7.3277805384216315,India,Entertainment,730.0,16.824307170198498,11.303450570483712,10.596659732783579,28.1,21.035458374912988,5.36,0,0,11,6.304426371229324,16.278358932269153,13.723177043492615,0.34471999988372515,0.001222494039781137
BETER Bï¿½ï¿½,17.30288566644852,23.677135987682124,Entertainment,BETER Bï¿½ï¿½,7.915348169263078,Turkey,Games,1.0,21.103754959667924,15.59046307836746,14.557448378884015,23.9,18.239513912206753,13.49,0,0,11,6.375953797464893,15.762153124534152,18.002130411493113,0.7563000021035696,0.06224230887722095
DisneyMusicVEVO,17.30288566644852,24.073739959264024,Music,DisneyMusicVEVO,7.634820677745543,United States,Music,40.0,19.614181914600422,14.077875591662238,12.611541086966115,88.2,19.609254155938732,14.7,0,0,13,6.7720003809537825,16.43940279612069,16.510840262177222,0.8245899991756934,0.009132483563272528
The Weeknd,17.29982287701178,23.875145467369265,Music,The Weeknd,5.135798437050262,Canada,Music,3.0,19.739306359222464,14.220976332738882,12.206077645517674,68.9,17.42621174442237,5.56,0,0,12,6.576716005775231,18.745246759631833,16.636889503897294,0.827976257881404,0.006116227017436089
WowKidz,17.287477041570536,23.53347793236713,Film & Animation,wowkidz,1.0986122886681096,Unknown,Entertainment,-1.0,0.6931471805599453,0.0,12.206077645517674,68.0,19.609254155938732,9.02,1,1,17,6.247937235556654,22.840330751867377,0.04879016416943201,0.8245899991756934,0.006191970247921078
KAROL G,17.284366619252893,23.651743667570518,Music,KAROL G,4.90527477843843,Colombia,Music,3.0,19.95893839645163,14.45736497045232,12.611541086966115,55.3,17.734299502715732,9.71,0,0,10,6.369092263625005,18.75390387473223,16.860033043306743,0.8110400029654679,0.00930239266231352
Mr Bean,17.284366619252893,23.08433076968472,Shows,Mr Bean,8.036573409707312,United Kingdom,Comedy,4.0,17.850352802725737,12.32873708107804,11.51293546492023,60.0,18.0177285657893,3.85,0,0,17,5.802987270538091,15.048081119000512,14.743888346167934,0.8365199929587164,0.0031104224143924403
rezendeevil,17.284366619252893,23.292953164709797,Gaming,rezendeevil,9.382864086290027,Brazil,Entertainment,9.0,17.611112122844553,12.08954444723597,12.206077645517674,51.3,19.17473212136165,12.08,1,0,11,6.011041120971336,13.910174145396875,14.491766379371542,0.8620725611041735,0.006211200092640676
StarPlus,17.281246492014,24.01169289377334,Entertainment,StarPlus,10.71203715957191,India,Entertainment,38.0,21.234291441314948,15.717618233614914,13.997832948091215,28.1,21.035458374912988,5.36,0,0,17,6.731639720519422,13.299679684630943,18.132998684833918,0.34471999988372515,0.03681397312271631
SMTOWN,17.278116599103036,24.03125960611248,Music,SMTOWN,8.33302993974291,Unknown,Music,-1.0,19.26827285104476,13.746804431076447,11.51293546492023,68.0,19.609254155938732,9.02,0,1,17,6.754309562944927,15.698470289797093,16.1668668625672,0.8245899991756934,0.0031298930089276597
GMA  Network,17.278116599103036,23.689997038491434,Entertainment,GMA  Network,11.443703995928276,Philippines,Entertainment,2.0,20.498258050274785,14.978661680269907,13.122365377402328,35.5,18.49872098032555,2.15,0,0,17,6.4135210581734245,12.246308562129897,17.39624788131366,0.47149000179112155,0.015552413007484812
GENIAL,17.274976879196945,22.634647344790828,Howto & Style,GENIAL,8.815073088844464,Mexico,Howto,4.0,17.264068542777714,11.74245657234248,12.206077645517674,40.2,18.651903768245116,3.42,1,0,6,5.364361930215621,13.819723740718109,14.155975527294725,0.814408236023,0.006269613013595397
MR. INDIAN HACKER,17.27182727039325,22.465696481828687,Science & Technology,MR. INDIAN HACKER,6.835184586147301,India,Tech,40.0,18.508004581287842,12.986545945209913,13.122365377402328,28.1,21.035458374912988,5.36,0,0,11,5.199404384628603,15.631587905502338,15.399138438727777,0.34471999988372515,0.01564977166712769
Worldwide Records Bhojpuri,17.27182727039325,23.525230024052078,Music,Worldwide Records Bhojpuri,8.782476268924539,India,Music,39.0,18.539778479456494,13.018337526241023,12.206077645517674,28.1,21.035458374912988,5.36,0,0,11,6.255324833204727,14.74290756017603,15.437292172476067,0.34471999988372515,0.0062893289075639566
DONA ï¿½ï¿½,17.27182727039325,23.769298825213692,Entertainment,DONA ï¿½ï¿½,5.117993812416755,United States,Entertainment,41.0,18.84777687871083,13.326284964804742,12.206077645517674,88.2,19.609254155938732,14.7,0,0,5,6.498977696883406,18.657311044702432,15.752841294599603,0.8245899991756934,0.0062893289075639566
Dream,17.27182727039325,21.79827350979096,Gaming,Dream,4.762173934797756,United States,Games,41.0,17.112161944008925,11.590821254278314,12.206077645517674,88.2,19.609254155938732,14.7,0,0,9,4.53720721918576,17.044683357933533,14.013460191055438,0.8245899991756934,0.0062893289075639566
Lucas and Marcus,17.26866771020271,23.175636234681857,Entertainment,Lucas and Marcus,7.186901020411631,United States,Entertainment,42.0,19.558831006338735,13.997832948091215,12.899222326086994,88.2,19.609254155938732,14.7,0,0,12,5.9096852835947775,15.989492043797373,16.459107638726607,0.8245899991756934,0.012578782206860118
JustinBieberVEVO,17.26866771020271,24.003570594665014,Music,JustinBieberVEVO,5.3230099791384085,United States,Music,42.0,18.470670198209675,12.949202136513597,12.206077645517674,88.2,19.609254155938732,14.7,1,0,14,6.736090900734267,18.685450608457003,15.35979130460632,0.8245899991756934,0.006309169193264722
Luis Fonsi,17.262318482725615,23.443031310805154,Entertainment,luisfonsi,0.0,Unknown,Entertainment,-1.0,17.975720900750336,0.0,12.206077645517674,68.0,19.609254155938732,9.02,1,1,17,6.182779674981837,0.0,0.0,0.8245899991756934,0.006349227678658746
Peppa Pig - Official Channel,17.262318482725615,23.855243953942583,Film & Animation,Peppa Pig - Official Channel,8.185907481482324,United Kingdom,Education,5.0,19.316462603277863,13.795002702052841,12.611541086966115,60.0,18.0177285657893,3.85,0,0,10,6.594294591470764,15.669615219344442,16.219315696688653,0.8365199929587164,0.009508787969027247
YOLO AVENTURAS,17.25592868483099,22.99267147325005,People & Blogs,YOLO AVENTURAS,4.189654742026425,Venezuela,Comedy,522.0,8.185907481482324,2.70805020110221,4.61512051684126,79.3,17.16596992963645,8.8,0,0,5,5.739962886808497,18.818284209970322,5.087596335232384,0.882400017197466,3.2051230687157745e-06
The Tonight Show Starring Jimmy Fallon,17.25592868483099,23.56302980585186,Comedy,The Tonight Show Starring Jimmy Fallon,9.10242102975669,United States,Comedy,44.0,16.929514681019025,0.0,11.51293546492023,88.2,19.609254155938732,14.7,0,0,17,6.308922803885329,14.460720702583378,0.0,0.8245899991756934,0.003200002730670861
TheDonato,17.25592868483099,22.545846248636856,Entertainment,TheDonato,8.01565761455734,Argentina,Games,3.0,19.066101949143057,13.544621359282976,14.45736497045232,90.0,17.62081018612713,9.79,0,0,8,5.294947102236037,14.53051942864142,15.970523402392892,0.9199100098819032,0.059115187567580545
ImagineDragons,17.239773245130714,23.54423227896689,Music,ImagineDragons,4.532599493153256,United States,Music,45.0,19.05639477234701,13.53487162427789,11.51293546492023,88.2,19.609254155938732,14.7,0,0,14,6.306285532146252,19.022443707336752,15.959510269026152,0.8245899991756934,0.0032520353863773146
Diana and Roma ESP,17.239773245130714,23.23740700233924,Entertainment,Diana and Roma ESP,6.361302477572996,United States,Entertainment,45.0,18.450220138238585,12.928781055513184,12.206077645517674,88.2,19.609254155938732,14.7,0,0,7,6.000115332495346,16.87783318036485,15.339608641048804,0.8245899991756934,0.006493529310548309
Round2hell,17.239773245130714,21.869131120054803,Comedy,Round2hell,4.219507705176107,India,Entertainment,41.0,17.275668463874737,11.754309639974188,12.611541086966115,28.1,21.035458374912988,5.36,0,0,7,4.639071600703937,17.66443852164845,14.155192637523333,0.34471999988372515,0.009724549891994776
Zee News,17.233237274364523,23.539264671079454,News & Politics,Zee News,12.101228663112748,India,News,41.0,19.94993194051091,14.403297778421795,13.304686600863562,28.1,21.035458374912988,5.36,0,0,16,6.307851035530206,11.438052338141073,16.85046359274847,0.34471999988372515,0.019481135571822513
AboFlah,17.233237274364523,22.232125986991306,Gaming,AboFlah,6.464588303689961,Kuwait,Entertainment,1.0,18.87752314925308,13.356013144642928,14.077875591662238,54.4,15.252280329095456,2.18,0,0,7,5.005611535250688,15.769096671614259,15.779302863941506,1.0,0.04173960617276521
AH,17.229953199271186,22.18935863660087,Entertainment,AH,7.6953031349635665,Indonesia,Entertainment,4.0,16.880768940808665,11.359785940419789,12.206077645517674,36.3,19.41468748375534,4.69,1,0,9,4.966398063196865,14.494511071109164,13.74905125998204,0.5607236404348646,0.006557400546159074
Trap Nation,17.229953199271186,23.36499291247362,Music,Trap Nation,7.9105906122564775,United States,Music,46.0,17.640274904922155,12.118884889350285,12.206077645517674,88.2,19.609254155938732,14.7,1,0,11,6.137203043550237,15.454769399428924,14.539429882039341,0.8245899991756934,0.006557400546159074
ýýýýýýýýýýýýýýý ýýýýýý ýýýýýýýýýýýýýýýýýý,17.229953199271186,23.61363547906256,Entertainment,ýýýýýýýýýýýýýýý ýýýýýý ýýýýýýýýýýýýýýýýýý,6.278521424165844,United States,Entertainment,46.0,18.627093114405856,13.105626087158386,12.611541086966115,88.2,19.609254155938732,14.7,0,0,5,6.385369780517728,17.33699201922098,15.525915528942075,0.8245899991756934,0.009820046180975456
Boram Tube Vlog [ï¿½ï¿½ï¿½ï¿½ï¿½ï¿½ï¿½ï¿½ï¿,17.226658303482896,23.329397725871562,Entertainment,Boram Tube Vlog [ï¿½ï¿½ï¿½ï¿½ï¿½ï¿½ï¿½ï¿½ï¿,5.4116460518550396,United States,Entertainment,47.0,16.93893223666549,11.417526281205168,12.206077645517674,88.2,19.609254155938732,14.7,1,0,11,6.104973689449056,17.92222597079938,13.84681637697229,0.8245899991756934,0.0065789710980424815
Adele,17.22335251545768,23.37644498387641,Music,Adele,2.772588722239781,United Kingdom,Music,6.0,18.736213857853915,13.21476205015514,11.51293546492023,60.0,18.0177285657893,3.85,0,0,15,6.155217136989397,20.668394783760178,15.63823576803402,0.8365199929587164,0.003305788134499504
Talking Tom,17.22335251545768,23.444517195867096,Comedy,TalkingTom,1.0986122886681096,United States,Entertainment,7736.0,17.975720900750336,0.0,12.206077645517674,88.2,19.609254155938732,14.7,1,0,15,6.223149671787624,22.75137001537294,0.0,0.8245899991756934,0.00660068403135206
ýýýýýýýý ýýýýýýýý ýýýýýýýýýý | toyoraljanahtv,17.22335251545768,24.044154981224025,Entertainment,ýýýýýýýý ýýýýýýýý ýýýýýýýýýý | toyoraljanahtv,8.08794755464267,Jordan,Music,1.0,18.572835155418304,13.051299076273295,11.51293546492023,34.4,16.128213789513165,14.72,0,0,15,6.821892749472488,15.956514810945675,15.47387214946382,0.9120300020966781,0.003305788134499504
Frost Diamond,17.220035762941695,22.70805240101758,Gaming,frostdiamond,0.0,Unknown,Entertainment,-1.0,17.975720900750336,0.0,1.9459101490553132,68.0,19.609254155938732,9.02,0,1,17,5.492144180433608,0.0,0.0,0.8245899991756934,1.9933552830542975e-07
Spinnin' Records,17.220035762941695,23.69915294976569,Music,Spinnin' Records,9.3502762122737,Netherlands,Music,1.0,18.421080673969694,12.899722199879273,11.51293546492023,85.0,16.668114160567338,3.2,0,0,16,6.480651208128494,14.348964269197882,15.319565954498545,0.9187599846534182,0.0033167526259939096
Little Angel: Nursery Rhymes & Kids Songs,17.220035762941695,23.84091454720597,Education,Little Angel: Nursery Rhymes & Kids Songs,7.2078598714324755,United States,Education,49.0,18.493233945934236,12.971775343809814,12.206077645517674,88.2,19.609254155938732,14.7,1,0,8,6.622210190390193,16.633795750662195,15.400123053989967,0.8245899991756934,0.006622540760493414
jacksepticeye,17.220035762941695,23.51115108336182,Gaming,jacksepticeye,8.539932678385727,Unknown,Games,2.0,17.51495898816461,11.993504229837974,11.51293546492023,68.0,19.609254155938732,9.02,0,0,16,6.292966331850406,14.971414242222142,14.391393880571766,0.8245899991756934,0.0033167526259939096
Shawn Mendes,17.216707972959764,23.27514560869983,Music,Shawn Mendes,4.897839799950911,Canada,Music,4.0,18.301322729918418,12.779875885354993,12.206077645517674,68.9,17.42621174442237,5.56,1,0,12,6.0607729908523265,18.3847964907655,15.210219665590353,0.827976257881404,0.006644542718668579
ashish chanchlani vines,17.21001898503268,22.21794669980679,Comedy,ashish chanchlani vines,5.0238805208462765,India,Comedy,42.0,17.08016252367929,11.558863947911393,11.51293546492023,28.1,21.035458374912988,5.36,0,0,14,5.014590245728573,17.200666896639895,14.015590988345172,0.34471999988372515,0.0033500868852819766
Ultra Records,17.20328495307807,23.568641812069583,Music,Ultra Records,8.497806477616047,United States,Music,50.0,18.220814181755046,12.699246387487896,12.206077645517674,88.2,19.609254155938732,14.7,1,0,17,6.36707554244118,15.071039555285362,15.111415388006343,0.8245899991756934,0.006734032181344078
Popular on YouTube,17.19309810811699,0.0,Entertainment,Popular on Youtube,1.3862943611198906,Unknown,Education,-1.0,0.6931471805599453,0.0,12.206077645517674,68.0,19.609254155938732,9.02,1,1,6,0.0,0.0,0.04879016416943201,0.8245899991756934,0.00680274732275252
Maluma,17.19309810811699,23.77853720861971,Music,MaLuMa,2.70805020110221,Argentina,People,3624.0,2.772588722239781,0.058268908123975775,12.206077645517674,90.0,17.62081018612713,9.79,1,0,8,6.586818503905642,21.13947987961688,0.5128236264286636,0.9199100098819032,0.00680274732275252
Zhong,17.189679301485086,23.412964574217227,Entertainment,Zhong,7.322510433997394,United States,Entertainment,51.0,19.01134659889491,0.0,13.815511557963774,88.2,19.609254155938732,14.7,0,0,8,6.225266064574157,16.091114963095773,0.0,0.8245899991756934,0.03367321510658789
Enaldinho,17.189679301485086,23.176633473789156,Comedy,Enaldinho,8.203851372183879,Brazil,Games,10.0,19.52957334532727,13.997832948091215,13.815511557963774,51.3,19.17473212136165,12.08,0,0,11,5.989462359735697,14.97305605102183,16.424896366842642,0.8620725611041735,0.03367321510658789
AuronPlay,17.189679301485086,22.129152429211157,Comedy,AuronPlay,6.003887067106539,Spain,Comedy,3.0,16.312263512387926,10.791399385808587,12.206077645517674,88.9,17.667290486278546,13.96,1,0,17,4.946606030905633,16.127737650045294,13.211291416423222,0.8056500082280477,0.006825965070399863
Shorts Break,17.182806422433504,23.691947420712566,Comedy,shorts break,3.7612001156935624,Unknown,Entertainment,-1.0,11.015443747295818,5.497168225293202,5.0238805208462765,68.0,19.609254155938732,9.02,0,1,2,6.5106296829483785,19.95427780453541,7.908019444632471,0.8245899991756934,5.206882995885344e-06
infobells - Tamil,17.179352187684735,23.60977294865271,Education,infobells - Tamil,6.320768294250582,India,Education,44.0,18.514426072743024,12.992940106310016,12.206077645517674,28.1,21.035458374912988,5.36,0,0,9,6.432031270468194,17.290804865803228,15.41903119782132,0.34471999988372515,0.006896579059060353
Aditya Music India,17.1654146803266,23.97588565492393,Music,Aditya Music,0.0,Unknown,Music,-1.0,17.975720900750336,0.0,12.206077645517674,68.0,19.609254155938732,9.02,1,1,13,6.8115725763422015,0.0,0.0,0.8245899991756934,0.0069930354909705835
The Late Late Show with James Corden,17.1618997383427,23.021517961074494,Entertainment,The Late Late Show with James Corden,8.667335849845957,United States,Entertainment,53.0,17.090199485480323,11.568369632551514,12.206077645517674,88.2,19.609254155938732,14.7,1,0,17,5.862466529991959,14.354354826403839,14.014935841859653,0.8245899991756934,0.007017572658646549
Aditya Movies,17.1618997383427,23.0321083176912,Movies,Aditya Movies,8.600982717145921,India,Film,45.0,19.242023234914413,13.72054141999857,13.122365377402328,28.1,21.035458374912988,5.36,0,0,11,5.873026923796331,14.431310082529746,16.139651740041447,0.34471999988372515,0.01745244995122612
Masha y el Oso,17.158372397949154,23.331653533919994,Film & Animation,Masha y El oso,1.9459101490553132,Unknown,Entertainment,-1.0,1.0986122886681096,0.009950330853168083,12.206077645517674,68.0,19.609254155938732,9.02,1,1,4,6.17536338745729,21.539894065060206,0.08617769624105234,0.8245899991756934,0.0070422826254129016
infobells - Telugu,17.158372397949154,23.418851479528957,Education,infobells - Telugu,6.226536669287466,India,Education,45.0,19.47885291309335,13.997832948091215,13.592368256649284,28.1,21.035458374912988,5.36,0,0,9,6.2623876247934565,17.194293084275028,16.375501566180983,0.34471999988372515,0.02787636952825489
HUM TV,17.158372397949154,23.894837745203905,Entertainment,HUM TV,11.580434569552633,Pakistan,Entertainment,3.0,20.34472499723626,14.80876270134486,13.45883704259595,9.0,19.193402764291193,4.45,0,0,12,6.7376515135752015,12.314417009447883,17.243025280411334,0.36907000039590826,0.024434025337282086
Shemaroo Movies,17.154832571369333,22.751511578696483,Entertainment,Shemaroo Movies,8.009695357742922,India,Film,46.0,19.035682587774904,13.51427167244672,13.122365377402328,28.1,21.035458374912988,5.36,0,0,12,5.600382341550776,14.742148897817248,15.937185218060552,0.34471999988372515,0.017575144821507523
Michael Jackson,17.154832571369333,23.391359961984964,Music,Michael Jackson,2.772588722239781,United States,Music,54.0,18.88183912532825,13.360436525594093,12.206077645517674,88.2,19.609254155938732,14.7,0,0,18,6.238482152594268,20.683309761854137,15.779008137479911,0.8245899991756934,0.0070671672230924526
Drake,17.151280169891162,23.45235287848836,Music,drake,1.3862943611198906,Unknown,Film,-1.0,3.4657359027997265,0.11332868530700317,0.6931471805599453,68.0,19.609254155938732,9.02,0,1,18,6.302905399727571,22.353740589950807,0.6471032420585385,0.8245899991756934,3.558718797887566e-08
Goldmines Dishoom,17.147715103853763,22.875431263667807,Film & Animation,Goldmines Dishoom,8.263332667439967,Unknown,Film,-1.0,18.676957292746796,13.155413166433178,12.899222326086994,68.0,19.609254155938732,9.02,0,1,7,5.730965412382706,14.61235687849732,15.575504296474634,0.8245899991756934,0.014184634991956432
Sandeep Maheshwari,17.140546614632086,21.55750851464979,People & Blogs,Sandeepmaheshwari,0.0,Singapore,Entertainment,3017.0,17.975720900750336,0.0,0.6931471805599453,84.8,15.556602852540376,4.11,0,0,15,4.4289605125181595,0.0,0.0,1.0,3.597122237461831e-08
Bounce Patrol - Kids Songs,17.140546614632086,23.76958910310928,Music,Bounce Patrol - Kids Songs,5.680172609017068,Australia,Music,1.0,18.66316407821193,13.141775732475779,12.206077645517674,113.1,17.06458987042364,5.27,1,0,10,6.630363079798955,18.09283531467321,15.559077359486329,0.8477933355985393,0.007168489478612542
toycantando,17.13694300725865,23.481862279538298,Music,toycantando,6.429719478039138,Colombia,Music,4.0,18.973622889736212,13.452100124314178,12.206077645517674,55.3,17.734299502715732,9.71,0,0,14,6.346673413378046,17.053757046022948,15.866874204068797,0.8110400029654679,0.007194275634027129
MrBeast 2,17.129696599000436,22.23896018533265,People & Blogs,Leaux Pass,3.332204510175204,United States,Music,5889.0,6.476972362889683,0.0,12.206077645517674,88.2,19.609254155938732,14.7,1,0,12,5.115285981012532,18.94312332503937,0.0,0.8245899991756934,0.0072464085207672065
Wiz Khalifa,17.129696599000436,23.316981711403162,Music,Wiz Khalifa,6.52649485957079,United States,Music,57.0,18.32030778086141,12.7988496158975,11.51293546492023,88.2,19.609254155938732,14.7,0,0,15,6.189338438537505,16.791952104458858,15.208954549456374,0.8245899991756934,0.0036297680505787077
JYP Entertainment,17.126053607854647,23.713138477232366,Music,JYP Entertainment,7.469654172932128,South Korea,Music,4.0,19.544411574002496,13.997832948091215,12.206077645517674,94.3,17.761144320124682,4.15,0,0,15,6.588462008445884,16.24405468042594,16.445750629556827,0.8143000096424038,0.007272759329079776
ýýý Kids Roma Show,17.126053607854647,23.058939465337954,People & Blogs,ýýý Kids Roma Show,6.466144724237619,United States,Entertainment,58.0,18.985107802000396,13.463682420687201,12.899222326086994,88.2,19.609254155938732,14.7,0,0,8,5.935533207605361,16.59435122366172,15.878886358981761,0.8245899991756934,0.014493007302566842
DanTDM,17.126053607854647,23.689460514850495,Gaming,DanTDM,8.206583614320753,United Kingdom,Games,7.0,18.18074703604233,12.659378260676938,13.122365377402328,60.0,18.0177285657893,3.85,0,0,11,6.564817018892634,15.483149977696957,15.08639434815641,0.8365199929587164,0.018083675433295403
Nick Jr.,17.122397296785223,23.8341381523459,Film & Animation,Nick Jr.,8.60135049942296,United States,Entertainment,59.0,17.56609642501816,12.044735370544808,12.206077645517674,88.2,19.609254155938732,14.7,0,0,11,6.712956697163045,15.23297176943741,14.442732122481825,0.8245899991756934,0.007299302481611561
Crazy XYZ,17.122397296785223,22.76519920387164,Entertainment,Crazy XYZ,7.138866999945524,India,Tech,48.0,18.44278465264068,12.921228351935461,11.51293546492023,28.1,21.035458374912988,5.36,0,0,6,5.646338609607051,15.62712633308745,15.340109495669674,0.34471999988372515,0.003656311203110492
ToyPuddingTV,17.115044322750297,23.490646158296578,Entertainment,ToyPudding TV[ï¿½ï¿½ï¿½ï¿½ï,1.0986122886681096,Unknown,People,-1.0,2.70805020110221,0.058268908123975775,12.206077645517674,68.0,19.609254155938732,9.02,1,1,6,6.377303019355074,22.79749897779946,0.48858001481867097,0.8245899991756934,0.007352974305258832
Dushyant kukreja,17.115044322750297,23.57503841126421,Entertainment,Dushyant kukreja,6.7912214627261855,India,Entertainment,49.0,19.878579233258947,14.346139397261565,13.45883704259595,28.1,21.035458374912988,5.36,0,0,8,6.461557707228089,16.784941227025094,16.775615705688583,0.34471999988372515,0.025502292810936168
Gulshan Kalra,17.115044322750297,23.267419287791615,Howto & Style,Gulshan Kalra,6.302618975744905,Unknown,Howto,-1.0,20.0356612696873,14.508658238524095,14.077875591662238,68.0,19.609254155938732,9.02,0,1,5,6.154501160743791,16.966633535853862,16.933460508490302,0.8245899991756934,0.04685541728150514
Brent Rivera,17.11134746100564,22.605922122005367,Comedy,Brent Rivera,6.318968113746434,United States,Entertainment,60.0,18.788464760015508,13.26698479771544,12.611541086966115,88.2,19.609254155938732,14.7,0,0,14,5.4986752826452765,16.288757519416563,15.682161180674713,0.8245899991756934,0.011049836186584975
Renato Garcia YT,17.10763688174679,22.795004870577902,Entertainment,Renato Garcia YT,8.283241441385425,Brazil,Entertainment,11.0,18.233290374404955,12.711687717920274,12.206077645517674,51.3,19.17473212136165,12.08,0,0,12,5.6907507975373655,14.512016676032806,15.137613271112473,0.8620725611041735,0.007407441277861793
Beast Reacts,17.10017416082366,22.2021500935226,People & Blogs,Beast Reacts,5.488937726156687,United States,Entertainment,61.0,19.436588734109993,13.910821646859095,13.997832948091215,88.2,19.609254155938732,14.7,0,0,7,5.108042244291298,16.71735321472598,16.338948660984606,0.8245899991756934,0.0439631234211161
enchufetv,17.10017416082366,23.05708854684393,Comedy,enchufetv,6.883462586413092,Colombia,Comedy,5.0,17.008576186978505,11.487617913343598,12.206077645517674,55.3,17.734299502715732,9.71,1,0,12,5.959498965350795,16.174651170250563,13.934981945330232,0.8110400029654679,0.007462721201589577
Netflix,17.10017416082366,22.693683063053918,Entertainment,Netflix,8.775240458738327,United States,Entertainment,62.0,18.588108613364692,13.0666413432417,12.206077645517674,88.2,19.609254155938732,14.7,0,0,11,5.597223975090938,13.918598029905725,15.491728415168133,0.8245899991756934,0.007462721201589577
Raffy Tulfo in Action,17.0926553286923,23.435690021952112,News & Politics,Raffy Tulfo in Action,9.212637731024866,Philippines,News,3.0,18.910057993042567,13.38856795074486,12.611541086966115,35.5,18.49872098032555,2.15,0,0,7,6.344792141947827,14.223152731583157,15.80483604448867,0.47149000179112155,0.01125715452463447
WORLDSTARHIPHOP,17.0926553286923,23.73674555534535,Music,WORLDSTARHIPHOP,8.835501457409778,United States,Music,63.0,18.305247456723592,12.783811780410995,12.206077645517674,88.2,19.609254155938732,14.7,1,0,15,6.645391109948604,14.901389921779462,15.20994693274858,0.8245899991756934,0.007518832414027321
Goldmines Bollywood,17.088874605995333,22.874534959824512,Film & Animation,Goldmines Bollywood,8.195057690895077,India,Film,50.0,18.417445526274733,12.895967041517792,12.899222326086994,28.1,21.035458374912988,5.36,0,0,8,5.788726966298995,14.679753742635235,15.319810374447895,0.34471999988372515,0.015037877364540516
Alan Chikin Chow,17.088874605995333,24.019344402109514,Comedy,Alan Chikin Chow,6.763884908562435,United States,Comedy,63.0,20.768239203545164,15.250595321348806,14.077875591662238,88.2,19.609254155938732,14.7,0,0,3,6.931446897951725,17.256614927169903,17.667783580218067,0.8245899991756934,0.048068403041022334
PANDA BOI,17.088874605995333,23.568849412517245,Entertainment,PANDA BOI,6.875232087276577,Italy,Entertainment,1.0,20.926206681759428,15.404745967162468,14.508658238524095,61.9,17.91479949326982,9.89,0,0,3,6.481507518461154,16.69465097318889,17.824660292271965,0.7073599994268409,0.07302513501488987
BB Ki Vines,17.085079535170806,22.281375500276788,Entertainment,BB Ki Vines,5.25227342804663,India,Entertainment,51.0,16.664134024404056,11.143324481431074,12.206077645517674,28.1,21.035458374912988,5.36,1,0,8,5.2018177655372,17.034351467907168,13.562939483291071,0.34471999988372515,0.0075757938084576575
D Billions,17.081270006899263,24.188297210467407,Entertainment,D Billions,6.654152520183219,United States,Entertainment,64.0,20.003930728419093,14.45736497045232,12.206077645517674,88.2,19.609254155938732,14.7,0,0,4,7.107846233276258,17.53543420531861,16.90199724044883,0.8245899991756934,0.00760459938521931
Junya.ï¿½ï¿½ï¿½ï¿½,17.081270006899263,23.501931748606307,Entertainment,Junya.ï¿½ï¿½ï¿½ï¿½,8.697178688412643,Japan,Entertainment,2.0,20.397325149762867,14.88022163978423,13.910821646859095,63.2,18.653589016816195,2.29,0,0,3,6.422288035521452,14.804920502348187,17.293669011626754,0.9172586867766221,0.04112729142386288
Smosh,17.077445910607096,23.068476832791294,Comedy,Smosh,7.3901814282264295,United States,Comedy,65.0,18.037309767989488,12.515764466616417,12.899222326086994,88.2,19.609254155938732,14.7,0,0,18,5.993528922098595,15.6789130341617,14.94546032499096,0.8245899991756934,0.015209418663528798
1MILLION Dance Studio,17.077445910607096,22.788410691285232,Entertainment,1MILLION Dance Studio,0.0,Saudi Arabia,Music,3695.0,17.975720900750336,0.0,12.206077645517674,68.0,17.349737969089443,5.93,1,0,4,5.714268832553216,0.0,0.0,0.8406499981557422,0.007633624855071141
NichLmao,17.073607134447293,23.369512306230128,People & Blogs,NichLmao,6.767343125265392,Unknown,People,-1.0,20.222987727070436,14.690979711984754,13.910821646859095,68.0,19.609254155938732,9.02,0,1,5,6.297747351863213,16.60332065305473,17.122397296785223,0.8245899991756934,0.04143718986417317
Beyoncï¿,17.073607134447293,23.574490238189753,Music,Beyoncï¿,5.484796933490655,United States,Music,66.0,17.831064424252276,12.309535862454515,12.206077645517674,88.2,19.609254155938732,14.7,1,0,18,6.502384127133022,18.093851328655635,14.745152168901784,0.8245899991756934,0.007662872745569125
Marï¿½ï¿½ï¿½ï¿½ï¿½,17.073607134447293,23.64629485043806,Music,mariliamendonca,0.6931471805599453,Unknown,Music,-1.0,1.3862943611198906,0.009950330853168083,1.3862943611198906,68.0,19.609254155938732,9.02,0,1,15,6.574084812841523,23.64629485043806,0.12221763272424921,0.8245899991756934,1.1538460872781117e-07
Indosiar,17.069753565279804,23.154426352382437,Music,Indosiar,11.086548214281377,Indonesia,Entertainment,5.0,19.25438520704236,13.732890615405466,13.304686600863562,36.3,19.41468748375534,4.69,0,0,10,6.086947745376532,12.06789919600533,16.148576455209817,0.5607236404348646,0.02290176428668446
VanossGaming,17.065885088651534,23.466774673131606,Gaming,VanossGaming,7.47477218239787,Canada,Games,5.0,17.82187966043645,12.300477870531845,12.206077645517674,68.9,17.42621174442237,5.56,1,0,12,6.402548326536707,15.992569979945571,14.705539857293308,0.827976257881404,0.0077220460939103055
David Guetta,17.062001588775953,23.60211645560954,Music,David Guetta,6.620073206530356,United States,Music,67.0,18.91668710890958,13.395288601181125,11.51293546492023,88.2,19.609254155938732,14.7,0,0,14,6.541558186185951,16.98337751412941,15.817990193507608,0.8245899991756934,0.003883500026397626
LosPolinesios,17.062001588775953,22.733749273633148,People & Blogs,LosPolinesios,6.890609120147166,Mexico,People,8.0,17.233270060711217,11.711784520403112,12.206077645517674,40.2,18.651903768245116,3.42,1,0,11,5.675183658665844,15.844158096658035,14.158036576273464,0.814408236023,0.0077519768043179515
Nicki Minaj,17.062001588775953,23.049858533721956,Music,Nicki Minaj,3.7612001156935624,United States,Music,67.0,18.456347080478796,12.934830666099812,11.51293546492023,88.2,19.609254155938732,14.7,0,0,10,5.990362876581286,19.312188919441326,15.360751437613684,0.8245899991756934,0.003883500026397626
Fede Vigevani,17.05810294851229,22.798037235589607,Howto & Style,Fede Vigevani,0.0,Unknown,Entertainment,-1.0,17.975720900750336,0.0,1.0986122886681096,68.0,19.609254155938732,9.02,0,1,4,5.7431441484269525,0.0,0.0,0.8245899991756934,7.812499694824235e-08
TaylorSwiftVEVO,17.05810294851229,23.965560421173972,Music,TaylorSwiftVEVO,5.662960480135946,United States,Music,68.0,19.57942498721399,14.077875591662238,11.51293546492023,88.2,19.609254155938732,14.7,0,0,14,6.908457309532265,18.30607821658955,16.47885630699659,0.8245899991756934,0.003898640415657323
ZHC,17.05418904934434,21.72643753624057,Film & Animation,zhc,1.791759469228055,Unknown,Entertainment,-1.0,3.044522437723423,0.07696104113612832,1.6094379124341003,68.0,19.609254155938732,9.02,0,1,17,4.6815562931812975,20.11699962527333,0.6418538861723947,0.8245899991756934,1.568627327950801e-07
Post Malone,17.05418904934434,23.390578629325887,Music,Post Malone,4.3694478524670215,United States,Music,69.0,19.091065827402215,13.569611298299009,11.51293546492023,88.2,19.609254155938732,14.7,0,0,12,6.338158736868213,19.033869807983066,15.991795308304441,0.8245899991756934,0.003913899321136329
Rans Entertainment,17.050259771358842,22.584373031404493,People & Blogs,Rans Entertainment,8.220672170297252,Indonesia,Entertainment,6.0,17.884315082382663,12.36265322789447,11.51293546492023,36.3,19.41468748375534,4.69,0,0,8,5.538055228930472,14.363970509154454,14.780401340699376,0.5607236404348646,0.003929278139889564
LankyBox,17.050259771358842,24.25842524545103,Comedy,LankyBox,9.079776001955066,United States,Games,69.0,20.519116989832668,15.009433329466965,13.304686600863562,88.2,19.609254155938732,14.7,0,0,7,7.208905753761477,15.178763452915085,17.418287340272755,0.8245899991756934,0.023347363996991145
Coldplay,17.04631499322344,23.57580090802506,Music,Coldplay,5.988961416889864,United Kingdom,Music,8.0,19.10818704965051,13.586727383830214,11.51293546492023,60.0,18.0177285657893,3.85,0,0,13,6.530944645899804,17.58934892564667,16.001943896538908,0.8365199929587164,0.003944778291016348
Las Ratitas,17.04235459216419,22.985262952723517,People & Blogs,LAS RATITAS,1.6094379124341003,Unknown,People,-1.0,2.4849066497880004,0.039220713153281295,12.206077645517674,68.0,19.609254155938732,9.02,1,1,4,5.945529348227326,21.59896859191605,0.4054651081081644,0.8245899991756934,0.007905179507113275
WB Kids,17.04235459216419,23.128552125950147,People & Blogs,WB Kids,7.613818684808629,United States,Film,70.0,18.759428967121526,13.238012582507181,12.611541086966115,88.2,19.609254155938732,14.7,0,0,8,6.088469031027856,15.515227329054557,15.652721449357262,0.8245899991756934,0.011834457647002838
ABPLIVE,17.04235459216419,22.798744961359507,People & Blogs,ABPLIVE,2.5649493574615367,Unknown,People,-1.0,1.0986122886681096,0.009950330853168083,12.206077645517674,68.0,19.609254155938732,9.02,1,1,9,5.759547924923501,20.313838312951965,0.08617769624105234,0.8245899991756934,0.007905179507113275
Chris Brown,17.04235459216419,23.46543204542259,Music,ChrisBrown,0.0,Unknown,Entertainment,-1.0,17.975720900750336,0.0,12.206077645517674,68.0,19.609254155938732,9.02,1,1,10,6.424699827940426,0.0,0.0,0.8245899991756934,0.007905179507113275
The Lallantop,17.04235459216419,23.06597049381406,News & Politics,The Lallantop,10.842126688074044,India,News,52.0,19.42834665456835,13.910821646859095,12.611541086966115,28.1,21.035458374912988,5.36,0,0,8,6.02603391549642,12.223868275645593,16.32333597158,0.34471999988372515,0.011834457647002838
RihannaVEVO,17.038378443942648,23.691565643019448,Music,RihannaVEVO,4.77912349311153,United States,Music,71.0,18.361418953684005,12.840003118946523,12.206077645517674,88.2,19.609254155938732,14.7,1,0,14,6.6544763119677866,18.920881024566487,15.254705907938126,0.8245899991756934,0.007936549595736348
WatchMojo.com,17.038378443942648,23.51792570207907,Music,WatchMojo.com,10.120130017507979,Canada,Entertainment,6.0,17.707514533082797,12.185875040240456,12.206077645517674,68.9,17.42621174442237,5.56,1,0,16,6.481080626961684,13.397837464636382,14.627773663266924,0.827976257881404,0.007936549595736348
TRANS7 OFFICIAL,17.034386422832473,23.374358741865514,Entertainment,TRANS7 OFFICIAL,11.398412078181467,Indonesia,Entertainment,7.0,18.62923032748081,13.107860720420167,11.51293546492023,36.3,19.41468748375534,4.69,0,0,9,6.341735155328234,11.975964170655384,15.525770884431923,0.5607236404348646,0.003992021269537453
Anuel AA,17.034386422832473,23.419721422867273,Music,Anuel AA,4.997212273764115,Colombia,Music,6.0,19.464991713395857,13.910821646859095,12.611541086966115,55.3,17.734299502715732,9.71,0,0,7,6.387019723579586,18.429288845935382,16.36085365500224,0.8110400029654679,0.011928570865273802
Dan Rhodes,17.02635425145779,23.579022209195163,Entertainment,Dan Rhodes,7.405495663199472,United Kingdom,Entertainment,9.0,19.620311136641227,14.077875591662238,13.122365377402328,60.0,18.0177285657893,3.85,0,0,8,6.554093286933592,16.17413472807175,16.517160386980184,0.8365199929587164,0.01996074256253806
Yuya,17.02635425145779,21.67434482544386,Howto & Style,Yuya,6.511745329644728,Mexico,Howto,9.0,12.725735109161146,7.170888478512505,12.206077645517674,40.2,18.651903768245116,3.42,1,0,14,4.6575258429855335,15.164086744144056,9.62251624577579,0.814408236023,0.00803217169726426
America's Got Talent,17.02635425145779,22.031423696697406,Entertainment,America's Got Talent,7.546974117516527,United States,Entertainment,72.0,18.71642027522169,13.194871928308395,12.899222326086994,88.2,19.609254155938732,14.7,0,0,17,5.011750989755893,14.484977934662393,15.623274765354502,0.8245899991756934,0.01600034134644113
mujjuu___14,17.02635425145779,23.408083435298327,People & Blogs,mujjuu___14,6.771935555839602,Unknown,People,-1.0,19.80752995361533,14.285514812209815,13.710151153416941,68.0,19.609254155938732,9.02,0,1,3,6.383419988189465,16.637294070820847,16.705882371415992,0.8245899991756934,0.03564733873023763
EminemVEVO,17.022313842084035,23.74523609073632,Music,EminemVEVO,4.653960350157523,United States,Music,73.0,18.75316648074594,13.23175754693118,11.51293546492023,88.2,19.609254155938732,14.7,0,0,14,6.724124583550949,19.10084519661158,15.653151361641081,0.8245899991756934,0.004040409537004978
Chloe Ting,17.022313842084035,21.820118716428162,Howto & Style,Chloe Ting,6.023447592961033,Australia,Howto,2.0,16.962374716508897,11.441440204346033,12.206077645517674,113.1,17.06458987042364,5.27,1,0,12,4.8060189188947104,15.799095504319876,13.845264486798454,0.8477933355985393,0.008064559836730418
KatyPerryVEVO,17.018257041552996,23.891092234236503,Music,KatyPerryVEVO,5.170483995038151,United States,Music,74.0,18.30347255429036,12.782126864777657,11.51293546492023,88.2,19.609254155938732,14.7,0,0,14,6.8738702344031815,18.72630626763752,15.210070911443248,0.8245899991756934,0.004056800695614392
Mark Rober,17.018257041552996,22.017441427792786,Science & Technology,Mark Rober,4.795790545596741,United States,Tech,74.0,18.299924554100063,12.778466445824812,12.206077645517674,88.2,19.609254155938732,14.7,0,0,12,5.00590523582787,17.229949717631467,15.210294034366806,0.8245899991756934,0.00809721023261937
1theK (ï¿½ï¿½ï¿½ï¿½ï,17.01418371633128,23.899738039889225,Music,1theK (ï¿½ï¿½ï¿½ï¿½ï,9.84961197956681,South Korea,Entertainment,6.0,18.47485638987079,12.953473608904076,12.206077645517674,94.3,17.761144320124682,4.15,1,0,12,6.886576291176237,14.050179620169754,15.380641451897066,0.8143000096424038,0.008130126083250212
Like Nastya AE,17.010093731247036,23.23982658389736,Entertainment,Like Nastya AE,6.490723534502507,United States,Entertainment,75.0,18.950514567776057,13.429113984242598,12.899222326086994,88.2,19.609254155938732,14.7,0,0,5,6.2317009337113065,16.750621705616123,15.855483485765983,0.8245899991756934,0.016260520871780308
Amit Bhadana,17.00598694946304,21.590470898993637,Entertainment,Amit Bhadana,2.8903717578961645,Unknown,People,-1.0,1.791759469228055,0.019802627296179712,12.206077645517674,68.0,19.609254155938732,9.02,1,1,14,4.594641246616916,18.757257561659408,0.1988508587451652,0.8245899991756934,0.008196767204178529
Pen Movies,17.00598694946304,22.611663875399962,Film & Animation,Pen Movies,7.419380582918692,India,Film,53.0,18.36783889327546,12.84634897222022,12.611541086966115,28.1,21.035458374912988,5.36,0,0,9,5.609347154094801,15.192883244738285,15.277700809815624,0.34471999988372515,0.012270092591814347
MrBeast en Espaï¿½ï,17.001863232449228,21.716856134502645,Entertainment,MrBeast en Espaï¿½ï,4.219507705176107,Mexico,Entertainment,10.0,17.32973899135924,11.808583147519697,11.51293546492023,40.2,18.651903768245116,3.42,0,0,2,4.723912970304745,17.51216353954785,14.220442857488484,0.814408236023,0.00412371718386206
shfa show India,17.001863232449228,23.478464231683848,Entertainment,shfa show India,6.152732694704104,United Arab Emirates,People,3.0,18.834166936976334,13.312654757285246,12.206077645517674,36.8,16.094881270244645,2.35,0,0,4,6.4781388903056785,17.327861493000682,15.739233670706843,0.8678899576471243,0.00823049913651547
Super JoJo - Nursery Rhymes & Kids Songs,16.997722439954657,19.61392077052338,Entertainment,Super JoJo - Nursery Rhymes & Kids Songs,3.6109179126442243,United States,Education,77.0,19.610056531311443,14.077875591662238,11.51293546492023,88.2,19.609254155938732,14.7,0,0,4,2.6867315355740304,16.030401938200274,16.511117056343576,0.8245899991756934,0.004140792666031402
Alejo Igoa,16.997722439954657,23.12107024016172,Comedy,Alejo Igoa,6.688354713946762,Argentina,Entertainment,4.0,19.81074798131534,14.285514812209815,13.304686600863562,90.0,17.62081018612713,9.79,0,0,9,6.125536552820244,16.43396170512,16.71142255148467,0.9199100098819032,0.0245914031373222
Daniel LaBelle,16.997722439954657,23.281745005189336,Comedy,Daniel LaBelle,5.662960480135946,Unknown,Comedy,-1.0,19.803882831418406,14.285514812209815,13.45883704259595,68.0,19.609254155938732,9.02,0,1,14,6.28588674783701,17.622262811572522,16.700311326676903,0.8245899991756934,0.02863181267432718
netd mï¿½ï¿,16.997722439954657,24.75051015533497,Music,netd mï¿½ï¿,10.06441521664241,Turkey,Music,2.0,19.86716434035702,14.346139397261565,12.206077645517674,23.9,18.239513912206753,13.49,0,0,9,7.753217208036229,14.686137925952263,16.765198945372877,0.7563000021035696,0.008264509849893461
DJ Snake,16.997722439954657,22.85452936123355,Music,DJ Snake,5.53338948872752,United States,Music,77.0,17.963285312280853,12.441938918691436,12.206077645517674,88.2,19.609254155938732,14.7,1,0,15,5.8596632419623464,17.32510030351262,14.84873098372449,0.8245899991756934,0.008264509849893461
Diana and Roma ARA,16.997722439954657,23.12490511918623,Entertainment,Diana and Roma ARA,6.3818160174060985,United States,Entertainment,76.0,18.018470348515955,12.496878583628968,12.206077645517674,88.2,19.609254155938732,14.7,0,0,4,6.129363063601879,16.744782635631818,14.913889819483666,0.8245899991756934,0.008264509849893461
KSI,16.997722439954657,22.515386396473517,Entertainment,KSI,7.133295954896068,United Kingdom,Music,10.0,15.509105962262408,9.989711119284745,12.206077645517674,60.0,18.0177285657893,3.85,1,0,14,5.521671174926805,15.382889053238177,12.408200914579284,0.8365199929587164,0.008264509849893461
Spider Slack,16.993564429978885,23.358245595198255,Comedy,Spider Slack,6.804614520062624,Brazil,Comedy,13.0,20.45073638285826,14.914123179965662,13.910821646859095,51.3,19.17473212136165,12.08,0,0,3,6.366401017199774,16.554740402138297,17.3477362312726,0.8620725611041735,0.04481401578979258
Goldmines Movies,16.993564429978885,22.455441353091103,Film & Animation,Ti Ti,1.3862943611198906,Unknown,People,-1.0,1.3862943611198906,0.009950330853168083,12.206077645517674,68.0,19.609254155938732,9.02,1,1,5,5.466113557016536,21.356829064776793,0.12221763272424921,0.8245899991756934,0.008298802814695094
Preston,16.993564429978885,22.836988561761952,Gaming,Preston,8.296546520300614,United States,Entertainment,78.0,18.83739567484187,13.31595617444461,12.206077645517674,88.2,19.609254155938732,14.7,0,0,11,5.846318878901296,14.540691933235507,15.739014553488333,0.8245899991756934,0.008298802814695094
James Charles,16.98938905874274,22.126387553627907,Entertainment,James Charles,6.226536669287466,United States,Entertainment,79.0,17.878123643228882,12.356649805075568,11.51293546492023,88.2,19.609254155938732,14.7,0,0,8,5.14285664199236,15.901829248250033,14.780820380183217,0.8245899991756934,0.004175371410480636
Collins Key,16.98938905874274,22.607746170836258,Entertainment,Collins Key,5.552959584921617,United States,Entertainment,79.0,16.19995218956857,10.6782377612977,12.206077645517674,88.2,19.609254155938732,14.7,1,0,12,5.621981179791363,17.05867012482948,13.098687297969015,0.8245899991756934,0.008333381559144327
Diana and Roma EN,16.98938905874274,22.699219980643225,People & Blogs,Diana and Roma EN,6.238324625039508,United States,Entertainment,79.0,18.99599551826222,13.474569752142594,12.611541086966115,88.2,19.609254155938732,14.7,0,0,12,5.713138719495972,16.462850461140295,15.890781037847773,0.8245899991756934,0.01247417422517573
Venus Entertainment,16.98519618065851,22.457241760333158,Entertainment,Venus Entertainment,4.2626798770413155,Unknown,Entertainment,-1.0,10.361987770523434,4.852030263919617,12.206077645517674,68.0,19.609254155938732,9.02,1,1,7,5.4762394415212565,18.208746530467884,7.2485040723706105,0.8245899991756934,0.008368249670516609
Troom Troom,16.98519618065851,23.066462977047298,Howto & Style,Troom Troom,7.793999089503996,United States,Howto,80.0,18.401008518353514,12.879529742460663,11.51293546492023,88.2,19.609254155938732,14.7,0,0,8,6.083549510767747,15.272876406428546,15.298432639641266,0.8245899991756934,0.004192878260035972
Enrique Iglesias,16.98519618065851,23.596196089808764,Music,Enrique Iglesias,6.095824562432225,United States,Music,80.0,18.62699548993537,13.105626087158386,11.51293546492023,88.2,19.609254155938732,14.7,0,0,16,6.612344532811504,17.502626344751224,15.525933608034853,0.8245899991756934,0.004192878260035972
Ninja,16.980985648299452,21.65692877641059,Gaming,Ninja,7.457609289715606,United States,Games,81.0,15.939925584789702,10.419330568113901,12.206077645517674,88.2,19.609254155938732,14.7,1,0,12,4.685216770577189,14.199897367763342,12.838941550538891,0.8245899991756934,0.008403410796379482
FaZe Rug,16.980985648299452,22.73172039517432,Gaming,FaZeRug,0.0,Canada,Games,3885.0,17.975720900750336,0.0,0.6931471805599453,68.9,17.42621174442237,5.56,0,0,11,5.753910185007494,0.0,0.0,0.827976257881404,4.2194091936833514e-08
Mister Max,16.980985648299452,23.464760730526695,People & Blogs,Mister Max,7.003065458786462,United Kingdom,Entertainment,11.0,17.30645726224205,11.785247676408115,12.206077645517674,60.0,18.0177285657893,3.85,1,0,9,6.485301989374109,16.462604846915408,14.222042430210527,0.8365199929587164,0.008403410796379482
That Little Puff,16.980985648299452,23.73337868214059,Pets & Animals,That Little Puff,6.646390514847729,United States,Animals,81.0,20.442299829158856,14.914123179965662,13.910821646859095,88.2,19.609254155938732,14.7,0,0,3,6.753560475277075,17.088287750486682,17.338925601849205,0.8245899991756934,0.04536860502985099
NickyJamTV,16.97675731236872,23.48969970952414,Music,NickyJamTV,5.973809611869261,Unknown,Music,3.0,18.17128306182504,12.649799673963308,11.51293546492023,68.0,19.609254155938732,9.02,0,0,11,6.514425445666773,17.518437894322048,15.058569739497745,0.8245899991756934,0.004228336109521116
Juan De Dios Pantoja,16.97675731236872,21.48203444131188,Entertainment,Juan De Dios Pantoja,5.424950017481403,Mexico,People,11.0,17.662717691796765,12.141005984951518,12.206077645517674,40.2,18.651903768245116,3.42,0,0,9,4.51626708676733,16.061499547394185,14.537925721782994,0.814408236023,0.008438868645864626
Logan Paul,16.97675731236872,22.514025217085376,Entertainment,Logan Paul,6.579251212010101,United States,Entertainment,82.0,16.195334523866,10.673618922112436,12.206077645517674,88.2,19.609254155938732,14.7,1,0,8,5.541197485149992,15.936163979150725,13.094377397628808,0.8245899991756934,0.008438868645864626
Maya and Mary,16.97675731236872,22.635244050268394,Entertainment,Maya and Mary,6.315358001522335,United States,Entertainment,82.0,17.61194314469365,12.09066740567538,12.899222326086994,88.2,19.609254155938732,14.7,0,0,10,5.661968502589715,16.32169608542234,14.491715526337309,0.8245899991756934,0.016807118316381233
Peppa Pig Espaï¿½ï¿½ï¿½ï¿½ï¿½ï¿½ï¿½ï¿½ï¿½,16.97675731236872,22.792737494208158,Film & Animation,Peppa Pig Espaï¿½ï¿½ï¿½ï¿½ï¿½ï¿½ï¿½ï¿½ï¿½,7.132497551660044,United Kingdom,Film,12.0,17.796854399759678,12.27560337234701,11.51293546492023,60.0,18.0177285657893,3.85,0,0,9,5.818955352260764,15.661039141556822,14.70718108462658,0.8365199929587164,0.004228336109521116
Jelly,16.97251102166758,23.416340092552122,Gaming,Jelly,8.710619527942297,United Kingdom,Games,13.0,17.54526802902918,12.023957067521133,12.206077645517674,60.0,18.0177285657893,3.85,1,0,9,6.445418155720133,14.705885814737687,14.444119750719839,0.8365199929587164,0.008474626990972225
Miss Katy,16.97251102166758,23.410908844995387,People & Blogs,Miss Katy,6.951772164398911,United Kingdom,Entertainment,13.0,17.90365260764686,12.38212878217386,12.206077645517674,60.0,18.0177285657893,3.85,1,0,9,6.439995555215542,16.46009414751969,14.816547135782859,0.8365199929587164,0.008474626990972225
Tilak,16.96824662306297,22.97095788231389,Film & Animation,Tilak,8.805824812903607,India,Film,56.0,19.721817466120825,14.220976332738882,13.710151153416941,28.1,21.035458374912988,5.36,0,0,3,6.0051802920479345,14.165283643017924,16.61887099947687,0.34471999988372515,0.03774032798284703
Valentina Pontes ofc,16.96824662306297,22.79352776673915,Film & Animation,Valentina Pontes ofc,7.163946684342547,Brazil,Entertainment,14.0,17.15784222211382,11.636036503798104,12.206077645517674,51.3,19.17473212136165,12.08,1,0,9,5.828228811746649,15.630355538629521,14.089424026728215,0.8620725611041735,0.008510689667908642
Sesame Street,16.963963961454382,23.83550733128789,Entertainment,Sesame Street,8.204671828950811,United States,Entertainment,83.0,18.63729906015047,13.115743514381114,11.51293546492023,88.2,19.609254155938732,14.7,0,0,17,6.872579751025522,15.631109075834495,15.543158259427027,0.8245899991756934,0.004282661792000863
Happy Lives,16.959662879739987,7.876638460975463,Science & Technology,Happy Lives,0.6931471805599453,United States,Entertainment,84.0,22.60866742902986,0.0,11.51293546492023,88.2,19.609254155938732,14.7,0,0,7,0.00011352803820701434,7.876638460975463,0.0,0.8245899991756934,0.00430108189939061
Lady Gaga,16.959662879739987,23.480211670560834,People & Blogs,Lady Gaga,5.153291594497779,United States,Music,83.0,18.77953631559337,13.258119044495318,11.51293546492023,88.2,19.609254155938732,14.7,0,0,15,6.522020610790365,18.33271720460338,15.682764097791411,0.8245899991756934,0.00430108189939061
Akshay Nagwadiya,16.959662879739987,22.798538720331308,Entertainment,Akshay Nagwadiya,6.39024066706535,Unknown,Entertainment,-1.0,19.587509161187402,14.077875591662238,13.710151153416941,68.0,19.609254155938732,9.02,0,1,6,5.841783765920468,16.409977389345844,16.48527034904702,0.8245899991756934,0.03805956182434504
Wave Music Bhojpuri,16.955343218782065,23.27965875968849,Music,Wave Music Bhojpuri,10.024775549743328,India,Music,59.0,17.779708488029787,12.258195345865499,11.51293546492023,28.1,21.035458374912988,5.36,0,0,9,6.326106172494107,13.254929251481421,14.666516250125191,0.34471999988372515,0.004319661144516415
GMM GRAMMY OFFICIAL,16.955343218782065,23.96507002955693,Music,GMM GRAMMY OFFICIAL,9.64620535247543,Thailand,Music,4.0,18.684835719523885,13.163315283485712,12.206077645517674,49.3,18.05864262960575,0.75,1,0,13,7.010629501737376,14.318929954097833,15.592038108275672,0.506919999605892,0.008620743043907024
TED,16.955343218782065,21.659795737289368,People & Blogs,TED,8.399760094524142,United States,Tech,85.0,16.399206253521548,10.87806606028079,11.51293546492023,88.2,19.609254155938732,14.7,0,0,17,4.713466681721019,13.260262331324332,13.298165394777488,0.8245899991756934,0.004319661144516415
unknown boy varun,16.955343218782065,22.953212625357633,Music,unknown boy varun,6.124683390894205,India,Music,58.0,19.53260733922127,13.997832948091215,13.45883704259595,28.1,21.035458374912988,5.36,0,0,7,6.000350408545674,16.830719864771286,16.432022861915502,0.34471999988372515,0.029852963149681156
Kids TV - Nursery Rhymes And Baby Songs,16.955343218782065,23.299829855184647,Shows,Kids TV - Nursery Rhymes And Baby Songs,8.238008249218403,United States,Music,85.0,18.671034718923398,13.149591309938627,13.45883704259595,88.2,19.609254155938732,14.7,0,0,10,6.3462415430520425,15.062086338705253,15.575899923868286,0.8245899991756934,0.029852963149681156
Tsuriki Show,16.951004817371683,24.173079179287992,Entertainment,Tsuriki Show,7.974532844130228,Germany,Comedy,1.0,20.444499898704553,14.914123179965662,13.592368256649284,70.2,18.23594988712457,3.04,0,0,4,7.2228044247712555,16.198890602208515,17.341871111992198,0.7737600053620233,0.03419136474827932
Technical Guruji,16.951004817371683,21.94056368246869,Science & Technology,Technical Guruji,8.525558107747866,India,Tech,60.0,16.9183917919549,11.39640288460621,12.206077645517674,28.1,21.035458374912988,5.36,1,0,8,4.996344501059796,13.415205420371121,13.848172308070176,0.34471999988372515,0.008658062743114581
DrossRotzank,16.951004817371683,22.521879179630933,Entertainment,DrossRotzank,7.377133712833954,Argentina,Entertainment,5.0,17.386141271122945,11.864996828675356,11.51293546492023,90.0,17.62081018612713,9.79,0,0,17,5.574674326701791,15.14537131765331,14.28138128351701,0.9199100098819032,0.004338401598598165
White Hill Music,16.951004817371683,23.11568857040722,Entertainment,White Hill Music,8.651549243915316,India,Music,60.0,18.350075870316385,12.828531768586906,11.51293546492023,28.1,21.035458374912988,5.36,0,0,9,6.166783972548343,14.46431472010412,15.255464399344635,0.34471999988372515,0.004338401598598165
Ultra Movie Parlour,16.94664751219259,22.39483031471488,Movies,Ultra Movie Parlour,7.421177528595393,India,Film,61.0,18.593339103749614,0.0,12.611541086966115,28.1,21.035458374912988,5.36,0,0,12,5.452477728611641,14.974251722997233,0.0,0.34471999988372515,0.013015368112070306
Alan Becker,16.94664751219259,22.405967896528317,Film & Animation,Alan Becker,0.0,United States,Games,7700.0,17.975720900750336,0.0,0.6931471805599453,88.2,19.609254155938732,14.7,0,0,17,5.463567842094835,0.0,0.0,0.8245899991756934,4.366812131728993e-08
toyorbabytv,16.94664751219259,23.514329272719536,Music,toyorbabytv,7.05617528410041,Jordan,Music,2.0,18.94574058486138,13.42424564810724,12.611541086966115,34.4,16.128213789513165,14.72,0,0,11,6.5690858687961,16.45901650042995,15.84271111950213,0.9120300020966781,0.013015368112070306
BabyBus - Canciones Infantiles & Videos para Niï¿½ï,16.94664751219259,23.303972784365914,Education,BabyBus - Canciones Infantiles & Videos paraï¿½,7.132497551660044,Mexico,Education,12.0,18.734184067452208,13.212754204281811,12.206077645517674,40.2,18.651903768245116,3.42,0,0,5,6.359057812539266,16.172274368549566,15.638365027517928,0.814408236023,0.008695706967553892
KL BRO Biju Rithvik,16.942271137784317,23.612990051342642,Entertainment,KL BRO Biju Rithvik,7.518607216815252,Unknown,Entertainment,-1.0,21.432778372084506,15.90737474309945,14.978661680269907,68.0,19.609254155938732,9.02,0,1,3,6.6719856419327686,16.094925972397995,18.331849541174712,0.8245899991756934,0.13133600206108695
Vania Mania Kids,16.937875526504495,23.03731662541481,People & Blogs,Vania Mania Kids,6.893656354602635,United States,Education,87.0,18.860321816970345,13.338926927916996,12.611541086966115,88.2,19.609254155938732,14.7,0,0,8,6.101682750096931,16.144675081520937,15.766323099205454,0.8245899991756934,0.013129291441792701
Like Nastya PRT,16.937875526504495,23.171518713410272,Entertainment,Like Nastya PRT,6.484635235635252,Unknown,Entertainment,-1.0,18.3862238760482,12.864889734328388,11.51293546492023,68.0,19.609254155938732,9.02,0,1,4,6.235603597879778,16.68841141840132,15.276495096723377,0.8245899991756934,0.0043956114730380955
Sun TV,16.933460508490302,23.760477720088463,People & Blogs,Sun TV,11.018055207994365,India,Entertainment,63.0,20.70534420049723,15.176487367510099,13.304686600863562,28.1,21.035458374912988,5.36,0,0,7,6.82810075545391,12.742441839378749,17.60423536967236,0.34471999988372515,0.02620237239402408
Heroindori,16.933460508490302,22.945024163306343,Comedy,Heroindori,6.206575926724928,India,Entertainment,62.0,19.804852857196465,14.285514812209815,14.151983508870947,28.1,21.035458374912988,5.36,0,0,3,6.014010955702366,16.740466454296296,16.705882371415992,0.34471999988372515,0.060103924069705425
The Chainsmokers,16.933460508490302,23.37875480746785,Music,The Chainsmokers,5.198497031265826,United States,Music,88.0,18.2180748561016,12.69649452136317,11.51293546492023,88.2,19.609254155938732,14.7,0,0,11,6.446881060742742,18.18579796915498,15.11160692476379,0.8245899991756934,0.004415018209116797
mmoshaya,16.933460508490302,23.585870103990473,People & Blogs,mmoshaya,7.0817085861055755,Saudi Arabia,Entertainment,1.0,18.117262179858876,12.595750454113006,11.51293546492023,68.0,17.349737969089443,5.93,0,0,13,6.65369971491804,16.505002275158027,15.002896863703302,0.8406499981557422,0.004415018209116797
Sia,16.933460508490302,23.3189569442638,Music,Sia,5.147494476813453,United States,Music,88.0,18.37204707803644,12.850557278777309,12.206077645517674,88.2,19.609254155938732,14.7,1,0,16,6.387180891834501,18.177293400442174,15.277422697335412,0.8245899991756934,0.008810629682154892
LeoNata Family,16.933460508490302,24.022240299727102,People & Blogs,LeoNata Family,7.7501841622578365,United States,People,87.0,20.883682559204104,15.363073279446223,14.077875591662238,88.2,19.609254155938732,14.7,0,0,2,7.089613902385276,16.272486979109406,17.782021767615884,0.8245899991756934,0.055928552659224785
Goldmines Cineplex,16.929025911619092,21.611632059262927,Film & Animation,Goldmines Cineplex,8.125039097367745,India,Film,64.0,17.702010626678362,12.180759965737863,12.206077645517674,28.1,21.035458374912988,5.36,0,0,8,4.691818490334084,13.486890427517094,14.582744746172473,0.34471999988372515,0.008849615276982543
Vlad and Niki Arabic,16.929025911619092,23.08541164002699,Entertainment,Vlad and Niki Arabic,6.267200548541362,United States,Entertainment,89.0,17.990912712690037,12.469593932696368,11.51293546492023,88.2,19.609254155938732,14.7,0,0,5,6.158503430185519,16.820110476753644,14.881875443339984,0.8245899991756934,0.004434597067865746
SSundee,16.929025911619092,23.350479978621458,Gaming,SSundee,8.106514516255185,United States,Games,90.0,18.980833536246564,13.459408307148383,12.206077645517674,88.2,19.609254155938732,14.7,0,0,14,6.4230790801056665,15.244267315535868,15.87916577370119,0.8245899991756934,0.008849615276982543
Paulo Londra,16.924571561468124,22.807699423858487,Music,Paulo Londra,4.07753744390572,Argentina,Music,6.0,18.09553216602493,12.574185427296195,12.206077645517674,90.0,17.62081018612713,9.79,1,0,7,5.885910090149718,18.747256420401587,15.004359876715936,0.9199100098819032,0.008888947417246025
Smile Family,16.920097281273396,22.882422743959893,People & Blogs,SMILE Family,3.5553480614894135,France,Music,3046.0,6.601230118728877,1.3862943611198906,2.3978952727983707,65.6,18.021096628854824,8.43,0,0,4,5.964896119895185,19.356062223152673,3.5263605246161616,0.8070899970350383,4.48430392728619e-07
FGTeeV,16.920097281273396,23.903788985101468,Gaming,FGTeeV,7.45298232946546,United States,Games,91.0,18.699145474423986,13.177610744134194,11.51293546492023,88.2,19.609254155938732,14.7,0,0,10,6.9846181944354715,16.451386605492434,15.591090000348578,0.8245899991756934,0.004474280394921094
Kinder Spielzeug Kanal (Kidibli),16.915602891887552,23.13347286823353,Entertainment,Kinder Spielzeug Kanal (Kidibli),6.907755278982137,United States,Entertainment,92.0,18.752377316650612,13.23086076792171,12.206077645517674,88.2,19.609254155938732,14.7,0,0,8,6.219861523726026,16.226718179202077,15.65319911826569,0.8245899991756934,0.008968669982760406
Charlie Puth,16.906553056777135,23.01830323038374,Music,Charlie Puth,5.062595033026967,United States,Music,94.0,18.529535157833056,13.008076473152155,11.51293546492023,88.2,19.609254155938732,14.7,0,0,14,6.113964433538752,17.96205744075362,15.437963604889728,0.8245899991756934,0.004535155165391279
Vlad and Niki ESP,16.906553056777135,22.874381423752645,Entertainment,Vlad and Niki ESP,6.246106765481563,United States,Entertainment,93.0,19.029744988178948,13.508307178642012,12.206077645517674,88.2,19.609254155938732,14.7,0,0,5,5.970384935826066,16.63021458289501,15.925529921343875,0.8245899991756934,0.009049835519917906
Sagawa /ï¿½ï¿½ï¿½,16.906553056777135,23.632784734314328,Entertainment,Sagawa /ï¿½ï¿½ï¿½,8.744328763999984,Japan,Entertainment,3.0,20.38254016869655,14.845130332288226,13.592368256649284,63.2,18.653589016816195,2.29,0,0,2,6.72743004744063,14.888615687454344,17.281246492014,0.9172586867766221,0.03571808260207923
Ben Azelart,16.90199724044883,22.217274411503027,Film & Animation,Ben Azelart,5.71042701737487,United States,Entertainment,94.0,19.03557445394896,13.514136510096257,13.122365377402328,88.2,19.609254155938732,14.7,0,0,9,5.320181088625573,16.51016421409546,15.937197201067212,0.8245899991756934,0.02257432203853903
Zach Choi ASMR,16.90199724044883,22.501317469779323,People & Blogs,Zach Choi ASMR,6.853299093186078,United States,People,94.0,19.271779945791707,13.75033289928848,12.899222326086994,88.2,19.609254155938732,14.7,0,0,9,5.603013823369353,15.649075060401282,16.166628734466304,0.8245899991756934,0.018100041643617937
Topper Guild,16.90199724044883,23.467459640145375,Comedy,Topper Guild,6.705639094860003,United States,Comedy,91.0,20.347885607725747,14.80876270134486,14.45736497045232,88.2,19.609254155938732,14.7,0,0,9,6.566869627346627,16.76304533758586,17.24626677423043,0.8245899991756934,0.08319894385497387
Disney Latinoamï¿½ï¿½,16.90199724044883,23.751347759945176,Entertainment,disneylatinoamerica,4.762173934797756,Mexico,Music,2973.0,8.459564078579602,2.995732273553991,12.206077645517674,40.2,18.651903768245116,3.42,1,0,15,6.850410147518145,18.997757574405778,5.365976015021851,0.814408236023,0.009090971701251995
Stokes Twins,16.897420573630875,22.220589726264613,People & Blogs,Stokes Twins,5.552959584921617,United States,People,95.0,19.103540191795535,13.582065376598559,13.304686600863562,88.2,19.609254155938732,14.7,0,0,15,5.328034615085507,16.67151369864378,16.00224710546869,0.8245899991756934,0.027150989065950842
National Geographic,16.897420573630875,22.448639948594966,Science & Technology,National Geographic,9.226508953137767,United States,Entertainment,95.0,17.640056645328087,12.118339189722553,11.51293546492023,88.2,19.609254155938732,14.7,0,0,17,5.555094622043079,13.22223120617886,14.539478365688966,0.8245899991756934,0.004576667027411811
Dua Lipa,16.897420573630875,23.14703788709931,Music,Dua Lipa,5.10594547390058,United Kingdom,Music,14.0,18.667907949796692,13.146472405108014,11.51293546492023,60.0,18.0177285657893,3.85,0,0,12,6.251546689843614,18.047171473714762,15.558762498077847,0.8365199929587164,0.004576667027411811
OneDirectionVEVO,16.897420573630875,23.219790733185928,Music,OneDirectionVEVO,5.58724865840025,United Kingdom,Music,14.0,17.749960215510438,12.228328144428588,12.206077645517674,60.0,18.0177285657893,3.85,1,0,13,6.324164277356636,17.636294446232476,14.66847845612004,0.8365199929587164,0.009132483563272528
Rotana,16.897420573630875,23.68489056229855,Music,rotana5018,4.912654885736052,Unknown,Music,-1.0,9.26596427572418,3.7612001156935624,4.61512051684126,68.0,19.609254155938732,9.02,0,1,12,6.7885972174877045,18.77961579079258,6.16541785423142,0.8245899991756934,4.58714544233501e-06
Netflix India,16.897420573630875,22.774942243506622,People & Blogs,NETFLIX INDIA,0.6931471805599453,Unknown,People,-1.0,6.013715156042802,0.0,12.206077645517674,68.0,19.609254155938732,9.02,1,1,6,5.8803195182538435,22.774942243506622,0.0,0.8245899991756934,0.009132483563272528
Sourav Joshi Vlogs,16.892822864593636,22.96313405494427,People & Blogs,Sourav Joshi Vlogs,7.237778191923443,Unknown,People,-1.0,19.396507509110105,13.910821646859095,12.899222326086994,68.0,19.609254155938732,9.02,0,1,4,6.072619025333841,15.726075176709873,16.292385120060384,0.8245899991756934,0.018265347977293265
ZAMZAM ELECTRONICS TRADING,16.892822864593636,22.864251445623385,Entertainment,ZAMZAM ELECTRONICS TRADING,9.6242365055622,United Arab Emirates,People,4.0,21.192018684916277,15.671808704579888,15.039286283703994,36.8,16.094881270244645,2.35,0,0,3,5.973975974714334,13.240082826982276,18.09078683659948,0.8678899576471243,0.1455555855913243
DUDU e CAROL,16.888203918950687,22.98480961835114,Autos & Vehicles,DUDU e CAROL,7.987184748233473,Brazil,Entertainment,15.0,19.07910190029391,13.557647448084161,12.611541086966115,51.3,19.17473212136165,12.08,0,0,10,6.098853710542747,14.997965023611071,15.981187248363177,0.8620725611041735,0.013793322132335818
Village Cooking Channel,16.888203918950687,22.49199156328195,Howto & Style,Village Cooking Channel,5.393627546352361,India,Howto,66.0,19.086477287628153,13.564997094539644,12.899222326086994,28.1,21.035458374912988,5.36,0,0,5,5.607464805421463,17.102919870645387,15.980694035817919,0.34471999988372515,0.018349138668196534
Eva Bravo Play,16.888203918950687,22.95825531462201,Entertainment,Eva Bravo Play,5.43372200355424,United States,Entertainment,96.0,17.97312723038902,12.451764072104638,12.206077645517674,88.2,19.609254155938732,14.7,1,0,4,6.0723598298045,17.528909709955037,14.88304523491677,0.8245899991756934,0.009216655104924008
Tekashi 6ix9ine,16.88356353960952,22.496552519198552,People & Blogs,Tekashi 6ix9ine,3.9512437185814275,United States,Music,96.0,18.547683379296494,13.026295110324444,12.206077645517674,88.2,19.609254155938732,14.7,0,0,5,5.616632522991549,18.56472689496293,15.436758654809609,0.8245899991756934,0.009259325412796752
Tlnovelas,16.88356353960952,23.43218878376193,News & Politics,tlnovelas,5.0689042022202315,Mexico,Entertainment,2063.0,9.646011322141414,4.143134726391533,12.206077645517674,40.2,18.651903768245116,3.42,1,0,9,6.5500563490882255,18.3695937611925,6.546785410760524,0.814408236023,0.009259325412796752
SMOL,16.88356353960952,23.817284856614403,People & Blogs,Claudio,1.9459101490553132,Unknown,Music,-1.0,1.3862943611198906,0.009950330853168083,12.206077645517674,68.0,19.609254155938732,9.02,1,1,17,6.934695257217932,22.025525387612948,0.12221763272424921,0.8245899991756934,0.009259325412796752
invictor,16.88356353960952,22.85264470871584,Gaming,INVICTOR,2.8903717578961645,Chile,People,2889.0,3.912023005428146,0.18232155679395462,1.6094379124341003,88.5,16.75742208264895,7.09,0,0,7,5.971634542278902,20.019431366562202,1.0473189942805592,0.876430017711024,1.8604649432125688e-07
YOLO,16.87890152672105,21.176287851931896,Comedy,YOLO,0.0,Germany,Entertainment,3810.0,17.975720900750336,0.0,1.791759469228055,70.2,18.23594988712457,3.04,0,0,10,4.310898735302284,0.0,0.0,0.7737600053620233,2.3364483251812812e-07
Sidhu Moose Wala,16.87890152672105,22.55812658243744,Music,Sidhu Moose Wala,4.74493212836325,India,Music,67.0,18.8949876072411,13.373590468538124,13.122365377402328,28.1,21.035458374912988,5.36,0,0,6,5.682635484941452,17.82192815208178,15.792074748380086,0.34471999988372515,0.023095714794649336
The Royalty Family,16.87421767762801,22.559033422015307,People & Blogs,The Royalty Family,6.598509028614515,United States,People,98.0,18.892102123964364,13.370630277796922,12.206077645517674,88.2,19.609254155938732,14.7,0,0,6,5.68820719284557,15.961887836876086,15.79226869177776,0.8245899991756934,0.009345862418237686
Becky G,16.87421767762801,23.088342792788563,Music,Becky G,4.3694478524670215,United States,Music,98.0,18.451898373462367,12.930478638805342,11.51293546492023,88.2,19.609254155938732,14.7,0,0,12,6.216124128854901,18.73163397333251,15.361049957745008,0.8245899991756934,0.00468384931242637
Ishaan Ali 11,16.87421767762801,23.269679373358414,People & Blogs,Ishaan Ali 11,6.858565034791365,India,People,68.0,20.407745176542395,14.88022163978423,14.285514812209815,28.1,21.035458374912988,5.36,0,0,7,6.397129466160278,16.41216538525712,17.305939103842178,0.34471999988372515,0.07242983784481453
Infinite,16.87421767762801,22.3606757922199,Entertainment,Infinite,7.3833681469923835,United States,Entertainment,98.0,18.04015213576481,12.518694860909774,12.206077645517674,88.2,19.609254155938732,14.7,0,0,9,5.490592095109019,14.9779296550153,14.945266476513307,0.8245899991756934,0.009345862418237686
Azhan5star,16.87421767762801,23.030613230265708,Entertainment,Azhan5star,6.507277712385012,India,Entertainment,67.0,19.280583122590254,13.759152882271477,13.304686600863562,28.1,21.035458374912988,5.36,0,0,2,6.1585132361264,16.524829236620114,16.175524678179166,0.34471999988372515,0.02777956410707571
Dangal TV Channel,16.87421767762801,23.280138603687572,Entertainment,Dangal TV Channel,9.914724184462116,India,Entertainment,67.0,20.145267115257855,14.603968372873895,13.45883704259595,28.1,21.035458374912988,5.36,0,0,6,6.407571358599932,13.365465430067525,17.04235459216419,0.34471999988372515,0.03233538064293643
Khan GS Research Centre,16.86951178681205,21.452297918693443,Education,KHAN GS RESEARCH CENTRE,0.6931471805599453,Unknown,People,-1.0,17.975720900750336,0.0,12.206077645517674,68.0,19.609254155938732,9.02,1,1,6,4.592960607172083,21.452297918693443,0.0,0.8245899991756934,0.00938974034983903
GMA Public  Affairs,16.86951178681205,23.15379625347948,Entertainment,GMA Public  Affairs,10.373178632943564,Philippines,News,4.0,18.77356752886824,13.252164571480753,12.206077645517674,35.5,18.49872098032555,2.15,0,0,14,6.2861481672219535,12.780651695418108,15.66758103120839,0.47149000179112155,0.00938974034983903
Tasty,16.86478364583966,22.478284764584757,Howto & Style,Tasty,8.461469042643875,United States,Howto,99.0,17.021949403229378,11.500863005142227,12.206077645517674,88.2,19.609254155938732,14.7,1,0,7,5.617142800915867,14.017028022815552,13.934094161969174,0.8245899991756934,0.009434032233358617
Baim Paula,16.86478364583966,22.23316440842785,People & Blogs,Baim Paula,7.75190533307861,Indonesia,Entertainment,8.0,17.110384034131677,11.588969419043874,11.51293546492023,36.3,19.41468748375534,4.69,0,0,7,5.373031651150374,14.481689603853127,14.013624259830156,0.5607236404348646,0.004728141195945957
nigahiga,16.860033043306743,22.20044352721922,Entertainment,nigahiga,6.0014148779611505,United States,Entertainment,100.0,14.722155316663763,9.200391041122515,12.206077645517674,88.2,19.609254155938732,14.7,1,0,17,5.3451929794052875,16.20150705704152,11.621788838451959,0.8245899991756934,0.009478743954543773
Rafa & Luiz,16.860033043306743,22.77262254229303,Entertainment,Rafa & Luiz,7.96693349840484,Brazil,Entertainment,16.0,18.58966374475237,13.06812047403619,12.899222326086994,51.3,19.17473212136165,12.08,0,0,8,5.915291066721599,14.806036215907296,15.491634870691128,0.8620725611041735,0.018868484304382805
Lyrical Lemonade,16.860033043306743,23.087100168784232,Entertainment,Lyrical Lemonade,6.042632833682381,United States,Entertainment,100.0,18.198311904971046,12.67670420258797,11.51293546492023,88.2,19.609254155938732,14.7,0,0,10,6.2290404612247325,17.046845496917488,15.085215202389408,0.8245899991756934,0.004750602758597815
Vlad and Niki IDN,16.860033043306743,23.004537565970075,Entertainment,Vlad and Niki IDN,6.212606095751519,United States,Entertainment,100.0,18.708577800793346,13.187028765493947,12.611541086966115,88.2,19.609254155938732,14.7,0,0,5,6.146647510885556,16.793937539716065,15.607253527056203,0.8245899991756934,0.014184634991956432
Dr. Vivek Bindra: Motivational Speaker,16.855259764781927,21.24985622917087,Education,Dr. Vivek Bindra: Motivational Speaker,6.799055862058796,India,Education,69.0,17.168497642301716,11.647465099148372,11.51293546492023,28.1,21.035458374912988,5.36,0,0,10,4.40686480733156,14.451916344796501,14.088739434364806,0.34471999988372515,0.004773278752657676
Fatos Desconhecidos,16.855259764781927,22.065608464142123,Entertainment,Fatos Desconhecidos,8.742414582525413,Brazil,Entertainment,17.0,17.77308039745789,12.251528686253542,11.51293546492023,51.3,19.17473212136165,12.08,0,0,10,5.215793665712343,13.32335519783412,14.666943144293086,0.8620725611041735,0.004773278752657676
Brave Wilderness,16.855259764781927,22.31817452350965,Pets & Animals,Brave Wilderness,6.890609120147166,United States,Animals,100.0,14.910449775826072,0.0,11.51293546492023,88.2,19.609254155938732,14.7,0,0,9,5.467147013440911,15.42858341422661,0.0,0.8245899991756934,0.004773278752657676
LIV Crime,16.855259764781927,23.12642449615601,People & Blogs,LIV Crime,9.19532825185568,United States,People,100.0,19.765371557823382,14.220976332738882,13.304686600863562,88.2,19.609254155938732,14.7,0,0,3,6.2730530211169855,13.931198652652851,16.660419999923214,0.8245899991756934,0.028303776162851794
Minecraft - Topic,16.855259764781927,0.0,Entertainment,Minecraft - Topic,0.0,Unknown,Games,-1.0,17.975720900750336,0.0,12.611541086966115,68.0,19.609254155938732,9.02,0,1,10,0.0,0.0,0.0,0.8245899991756934,0.01425202270720145
Romeo Santos,16.855259764781927,23.575415040203296,Music,RomeoSantos,1.9459101490553132,United States,Music,5417.0,4.605170185988092,0.33647223662121295,12.206077645517674,88.2,19.609254155938732,14.7,1,0,17,6.721360946979167,21.783655571263843,1.7404661748405044,0.8245899991756934,0.00952388151125549
Canal Canalha,16.85046359274847,21.349529440072367,Comedy,Canal Canalha,5.666426688112432,Brazil,Comedy,18.0,16.98926352785677,11.467938559235831,12.206077645517674,51.3,19.17473212136165,12.08,1,0,12,4.510123907416465,15.686569113362447,13.843418483695658,0.8620725611041735,0.009569451016150707
Kurzgesagt ï¿½ï¿½ï¿½ï¿½ï¿½ï¿,16.85046359274847,21.589714065736718,Education,Kurzgesagt ï¿½ï¿½ï¿½ï¿½ï¿½ï¿,5.267858159063328,Germany,Education,2.0,17.192039527576554,11.670792089258995,11.51293546492023,70.2,18.23594988712457,3.04,0,0,10,4.7479577009631315,16.327023957556733,14.087216437971575,0.7737600053620233,0.004796172263493031
Yoeslan,16.845644306544774,23.611591183592893,Entertainment,Yoeslan,6.429719478039138,United States,Entertainment,101.0,20.58950127542585,15.068273812173887,13.815511557963774,88.2,19.609254155938732,14.7,0,0,3,6.76709861763197,17.18348594531196,17.489276399648872,0.8245899991756934,0.04717856027509048
5-Minute Crafts DIY,16.845644306544774,22.350861614404344,Howto & Style,5-Minute Crafts DIY,8.529714471969909,United States,Howto,103.0,16.81184270156025,11.289794413577894,12.206077645517674,88.2,19.609254155938732,14.7,1,0,5,5.509274618961289,13.821345667285248,13.710817597219856,0.8245899991756934,0.00961545869944193
Zach King,16.845644306544774,22.41154536982209,Entertainment,Zach King,1.9459101490553132,Unknown,Entertainment,-1.0,4.836281906951478,0.4054651081081644,2.3978952727983707,68.0,19.609254155938732,9.02,0,1,10,5.569719941599683,20.61978590151822,1.890095369948917,0.8245899991756934,4.830916707508135e-07
tuzelity SHUFFLE,16.845644306544774,22.881858327108414,People & Blogs,tuzelity SHUFFLE,6.7912214627261855,Russia,People,3.0,20.129540374041227,14.603968372873895,14.285514812209815,81.9,18.78791449892918,4.59,0,0,8,6.038601808258386,16.091761194147455,17.02635425145779,0.7458700031137978,0.07445297819474968
NBA,16.845644306544774,23.25893528596345,Sports,NBA,10.777434298915813,United States,Sports,103.0,18.10631241993202,12.58485491185508,12.206077645517674,88.2,19.609254155938732,14.7,1,0,18,6.414929304519654,12.481525648399499,15.00362863776048,0.8245899991756934,0.00961545869944193
Deddy Corbuzier,16.840801682303496,22.323882979523052,Entertainment,deddycorbuzier,2.772588722239781,Indonesia,Entertainment,4044.0,4.454347296253507,0.29266961396282,0.6931471805599453,36.3,19.41468748375534,4.69,0,0,16,5.487229233493206,19.615832781245647,1.556037135706985,0.5607236404348646,4.8543688142143505e-08
Bizarrap,16.840801682303496,22.758908559449427,Comedy,Bizarrap,4.430816798843313,Argentina,Entertainment,8.0,19.079112253600442,13.557647448084161,12.206077645517674,90.0,17.62081018612713,9.79,0,0,6,5.920793601486239,18.340067962361744,15.981187248363177,0.9199100098819032,0.009661910911736894
Avicii,16.840801682303496,23.054717717649538,Music,Avicii,5.056245805348308,Sweden,Music,1.0,18.21286906894495,12.691275799522568,12.206077645517674,67.0,16.14624122204927,6.48,1,0,14,6.215915468199055,18.00486172545896,15.11196253858297,0.8770799886013771,0.009661910911736894
Mnet K-POP,16.835935492889124,23.43388565934216,Entertainment,Mnet K-POP,10.41120836134864,South Korea,Entertainment,7.0,18.88151749168084,13.360121217874797,11.51293546492023,94.3,17.761144320124682,4.15,0,0,17,6.599312446267933,13.022709601248168,15.779036210409455,0.8143000096424038,0.004866189651172902
LazarBeam,16.835935492889124,22.894454087028603,Gaming,LazarBeam,7.188412736496954,Australia,Games,3.0,17.0767560175396,11.55503622867061,12.206077645517674,113.1,17.06458987042364,5.27,1,0,8,6.060853775791139,15.706797073677194,14.015836557662029,0.8477933355985393,0.009708814126960895
Ninja Kidz TV,16.835935492889124,23.12199245317396,Entertainment,Ninja Kidz TV,5.6937321388027,United States,Entertainment,104.0,19.089550605800497,13.568075594817904,11.51293546492023,88.2,19.609254155938732,14.7,0,0,6,6.287917365124189,17.431633025645795,15.9918974191513,0.8245899991756934,0.004866189651172902
Totoy kids - Portuguï¿½,16.83104550783405,21.30895442353179,Film & Animation,Totoy kids - Portuguï¿½,5.332718793265369,Brazil,Film,19.0,17.491684664900315,11.970356641102999,11.51293546492023,51.3,19.17473212136165,12.08,0,0,9,4.48920209258451,15.981078368870289,14.392966825352596,0.8620725611041735,0.004889985294191788
Jake Paul,16.83104550783405,22.712689992979925,People & Blogs,Jake Paul,6.914730892718563,United States,People,105.0,16.499677886881177,10.978507040265917,11.51293546492023,88.2,19.609254155938732,14.7,0,0,10,5.884430841598717,15.798952779778265,13.398632064260113,0.8245899991756934,0.004889985294191788
Linkin Park,16.83104550783405,23.318296660410404,Music,linkinpark,0.0,Afghanistan,Games,1385.0,17.975720900750336,0.0,2.5649493574615367,9.7,17.454194930223935,11.12,0,0,17,6.488772772280713,0.0,0.0,0.25753999145254974,5.882351211073343e-07
Vijay Television,16.83104550783405,24.104471598568384,Entertainment,Vijay Television,10.84964771801256,India,Entertainment,70.0,20.626241590068087,15.096444681204078,12.899222326086994,28.1,21.035458374912988,5.36,0,0,16,7.274119630297524,13.254845043994727,17.52664064546291,0.34471999988372515,0.019418085857101582
SlivkiShow,16.83104550783405,22.272404195486274,Entertainment,SlivkiShow,6.137727054086234,Ukraine,Entertainment,1.0,17.18246153539249,11.661354090741,12.206077645517674,82.7,17.608415647179292,8.88,1,0,11,5.445682964554579,16.13683940233519,14.087825914899266,0.6947300060121453,0.009756174945364689
Emiway Bantai,16.83104550783405,21.99850436287749,Music,Emiway Bantai,5.480638923341991,India,Music,70.0,17.536106702849306,12.01491819331946,11.51293546492023,28.1,21.035458374912988,5.36,0,0,10,5.17314175796078,16.522040877434687,14.444706245052188,0.34471999988372515,0.004889985294191788
Got Talent Global,16.8261314932731,21.615791893383314,Entertainment,Got Talent Global,7.1276936993473985,United Kingdom,Entertainment,15.0,18.27515775004191,12.753618744072142,11.51293546492023,60.0,18.0177285657893,3.85,0,0,10,4.797941347845558,14.488901594051312,15.161139422734099,0.8365199929587164,0.0049140148024290585
ýýýýýýýýýýýýýýý - Genevieve's Playhouse,16.8261314932731,23.123194617130086,Education,ýýýýýýýýýýýýýýý - Genevieve's Playhouse,4.68213122712422,Unknown,Education,-1.0,18.089074662370674,12.56758934921002,12.206077645517674,68.0,19.609254155938732,9.02,0,1,5,6.298903184780178,18.450365792284966,14.973868965030608,0.8245899991756934,0.009804000096620847
BabyBus - Cerita & Lagu Anak-anak,16.8261314932731,23.192978604841947,Education,BabyBus - Cerita & Lagu Anak-anak,6.775366090936392,Indonesia,Education,10.0,18.540843177705696,13.0194465401974,11.51293546492023,36.3,19.41468748375534,4.69,0,0,4,6.36856325332289,16.418754792432736,15.437213150780421,0.5607236404348646,0.0049140148024290585
Ami Rodriguez,16.821193211876384,21.805719678560354,Entertainment,Ami Rodriguez,6.133398042996649,Colombia,Entertainment,7.0,19.39094438064914,13.910821646859095,14.285514812209815,55.3,17.734299502715732,9.71,0,0,14,4.991346225995084,15.674493344569525,16.29275467539126,0.8110400029654679,0.07622736538788424
Noor Stars,16.821193211876384,21.739991040622336,Comedy,Noor Stars,6.542471960506805,United Arab Emirates,Entertainment,5.0,16.55995703854165,11.038126355768453,11.51293546492023,36.8,16.094881270244645,2.35,0,0,9,4.926079215065589,15.198961291782602,13.45883704259595,0.8678899576471243,0.004938281640582572
Family GamesTV,16.821193211876384,22.678661049370263,Entertainment,FamilyGamesTV,0.0,Unknown,Games,-1.0,17.975720900750336,0.0,12.206077645517674,68.0,19.609254155938732,9.02,1,1,11,5.860322281696057,0.0,0.0,0.8245899991756934,0.00985229644301163
Kiddiestv Hindi - Nursery Rhymes & Kids Songs,16.821193211876384,22.707592838645702,Education,Kiddiestv Hindi - Nursery Rhymes & Kids Songs,5.424950017481403,India,Education,71.0,18.546608309366942,13.025193669749251,12.611541086966115,28.1,21.035458374912988,5.36,0,0,6,5.889172784179886,17.287057870304867,15.43681794860862,0.34471999988372515,0.014742281737203418
dednahype,16.821193211876384,23.763942972916652,Comedy,dednahype,7.568379267836522,Latvia,Comedy,1.0,20.942401367666296,15.424948670398354,13.997832948091215,88.1,14.464073467174485,6.52,0,0,3,6.943714955291974,16.19608045990282,17.842646388318236,0.6822200462256945,0.05770831762064672
Marta and Rustam,16.821193211876384,23.703593331785033,Comedy,Marta and Rustam,6.635946555686647,United States,Comedy,106.0,19.929745684450847,14.403297778421795,13.304686600863562,88.2,19.609254155938732,14.7,0,0,2,6.883425322997671,17.068960012513262,16.8261314932731,0.8245899991756934,0.029270382300113213
MiawAug,16.821193211876384,22.531332384255453,Gaming,MiawAug,8.219864741912652,Indonesia,Games,11.0,17.982005240092814,12.460718739865236,12.206077645517674,36.3,19.41468748375534,4.69,0,0,9,5.713445959811431,14.311737538738022,14.882460510179909,0.5607236404348646,0.00985229644301163
CookieSwirlC,16.816230422780546,23.873996253315156,Entertainment,CookieSwirlC,8.236155661683124,United States,Games,108.0,19.216844700256228,13.695375884373636,12.206077645517674,88.2,19.609254155938732,14.7,0,0,10,7.058626208906055,15.63810568894967,16.111564469147392,0.8245899991756934,0.00990107098271158
Skrillex,16.816230422780546,22.613138245334298,Music,Skrillex,5.488937726156687,United States,Music,108.0,17.04485147226382,11.52387529615648,12.206077645517674,88.2,19.609254155938732,14.7,1,0,13,5.799940200815021,17.128341348105504,13.932583119071154,0.8245899991756934,0.00990107098271158
AuthenticGames,16.816230422780546,22.91157762904059,Gaming,AuthenticGames,8.512180649592693,Brazil,Games,20.0,15.505606557917657,9.985113621416073,12.206077645517674,51.3,19.17473212136165,12.08,1,0,12,6.097598048487592,14.399598562179463,12.404517684236607,0.8620725611041735,0.00990107098271158
Robin Hood Gamer,16.816230422780546,23.06187909955708,Entertainment,Homem Aranha player,0.0,Unknown,Games,-1.0,17.975720900750336,0.0,12.206077645517674,68.0,19.609254155938732,9.02,1,1,10,6.247585721616329,0.0,0.0,0.8245899991756934,0.00990107098271158
Pencilmation,16.816230422780546,23.14959924331848,Film & Animation,Pencilmation,7.301147805856032,United States,Entertainment,109.0,16.514318244985244,10.992066340225865,11.51293546492023,88.2,19.609254155938732,14.7,0,0,16,6.335143335335629,15.8491265598238,13.413241835966822,0.8245899991756934,0.004962789342129009
7clouds,16.816230422780546,23.418978639567126,Music,7clouds,7.776954403322442,United States,Music,108.0,19.438628746529314,13.910821646859095,12.611541086966115,88.2,19.609254155938732,14.7,0,0,10,6.60410398158954,15.64244377222068,16.338812339822642,0.8245899991756934,0.014815085785140639
5-Minute Crafts PLAY,16.816230422780546,22.53471261162526,Howto & Style,5-Minute Crafts PLAY,8.61104776688786,United States,Howto,108.0,18.476909846672022,12.955366200212811,11.51293546492023,88.2,19.609254155938732,14.7,0,0,6,5.721761548115159,13.923847841508264,15.380495098735336,0.8245899991756934,0.004962789342129009
Marvel Entertainment,16.816230422780546,22.45220891429848,Entertainment,MarvelEntertainment,0.6931471805599453,United States,Film,6143.0,4.1588830833596715,0.22314355131420976,3.4339872044851463,88.2,19.609254155938732,14.7,0,0,12,5.63953937866571,22.45220891429848,1.3376291891386096,0.8245899991756934,1.4925361996001282e-06
BuzzFeedVideo,16.816230422780546,23.608805821269083,People & Blogs,BuzzFeedVideo,8.953898535260459,United States,People,108.0,16.02510289385454,10.502351525774941,12.206077645517674,88.2,19.609254155938732,14.7,1,0,12,6.793696894331203,14.655036958578926,12.924158749806828,0.8245899991756934,0.00990107098271158
REACT,16.811242881518265,23.300015631266294,Entertainment,REACT,8.375629627094451,United States,Entertainment,109.0,16.959921466981932,11.438212694578302,12.206077645517674,88.2,19.609254155938732,14.7,1,0,16,6.49029205872916,14.924616775245624,13.84545860482865,0.8245899991756934,0.009950330853168083
Vevo,16.811242881518265,20.143028425388856,Music,Vevo,7.331714969726466,United States,Music,109.0,14.101441848691767,8.575650760987806,12.206077645517674,88.2,19.609254155938732,14.7,1,0,17,3.3668913602685904,12.811970846308295,11.000448478455008,0.8245899991756934,0.009950330853168083
Gordon Ramsay,16.811242881518265,22.07785594676394,Entertainment,Gordon Ramsay,7.331714969726466,United Kingdom,Entertainment,16.0,17.484901360986342,11.963370312187111,12.206077645517674,60.0,18.0177285657893,3.85,0,0,17,5.271760903285399,14.746796035334176,14.393415784084556,0.8365199929587164,0.009950330853168083
Pentatonix,16.811242881518265,22.520559223105053,Music,pentatonix,0.6931471805599453,Canada,Entertainment,4072.0,17.975720900750336,0.0,12.206077645517674,68.9,17.42621174442237,5.56,1,0,17,5.712625847017221,22.520559223105053,0.0,0.827976257881404,0.009950330853168083
Green Gold TV - Official Channel,16.811242881518265,22.996966963997668,Film & Animation,Green Gold TV - Official Channel,7.29776828253138,India,Entertainment,72.0,18.06796937750927,0.0,11.51293546492023,28.1,21.035458374912988,5.36,0,0,12,6.187780626648236,15.69987611065975,0.0,0.34471999988372515,0.004987541511039074
Gusttavo Lima Oficial,16.806230339945976,23.356407414310226,Music,Gusttavo Lima Oficial,6.0330862217988015,Brazil,Music,21.0,19.18523189163733,13.66375816660943,11.51293546492023,51.3,19.17473212136165,12.08,0,0,13,6.551605965576115,17.3257221838677,16.08304871944759,0.8620725611041735,0.005012541823544282
HaerteTest,16.801192546169812,21.897257696206058,Science & Technology,HaerteTest,7.252762418053187,Germany,Tech,3.0,15.547166280113759,10.025749432069084,12.206077645517674,70.2,18.23594988712457,3.04,1,0,12,5.102167327626536,14.645204180227111,12.44588057164006,0.7737600053620233,0.010050335853501442
Crafty Panda,16.801192546169812,22.47410651026772,People & Blogs,Crafty Panda,6.634633357861686,United States,Entertainment,111.0,15.629846744317286,10.106469212026385,11.51293546492023,88.2,19.609254155938732,14.7,0,0,6,5.676345951362454,15.840788208770924,12.528884140515583,0.8245899991756934,0.00503779402995716
SOMOY TV,16.801192546169812,23.232334873088636,News & Politics,TIME NEWS,9.203416456903359,United States,News,2251.0,9.694616660508636,4.189654742026425,12.206077645517674,88.2,19.609254155938732,14.7,1,0,10,6.432751691560397,14.029019923712996,6.594413459749778,0.8245899991756934,0.010050335853501442
JennaMarbles,16.796129244469636,21.312856008995826,Comedy,JennaMarbles,5.5254529391317835,United States,Comedy,112.0,15.142320537571605,9.62251624577579,12.206077645517674,88.2,19.609254155938732,14.7,1,0,13,4.527592294882789,15.791395229217644,12.041203898548972,0.8245899991756934,0.010101095986503888
Troom Troom Es,16.796129244469636,22.731837874508127,People & Blogs,Troom Troom Es,7.976938756959434,Unknown,Howto,-1.0,17.196062991677792,11.674202123168433,11.51293546492023,68.0,19.609254155938732,9.02,0,1,7,5.938348541964141,14.755242855789866,14.08691156015281,0.8245899991756934,0.005063301956546729
Official Pink Panther,16.796129244469636,23.117118386759387,Film & Animation,OfficialPinkPanther,0.6931471805599453,United States,Games,7741.0,17.975720900750336,0.0,12.206077645517674,88.2,19.609254155938732,14.7,1,0,12,6.322785742093765,23.117118386759387,0.0,0.8245899991756934,0.010101095986503888
Britain's Got Talent,16.796129244469636,23.15015642554362,Entertainment,Britain's Got Talent,8.349011198176003,United Kingdom,Entertainment,17.0,17.808043872492597,12.286735161083115,11.51293546492023,60.0,18.0177285657893,3.85,0,0,15,6.355765446902083,14.801382258777949,14.706442865644696,0.8365199929587164,0.005063301956546729
SCTV,16.796129244469636,23.006533153405147,Entertainment,SCTV,5.5909869805108565,United Kingdom,Music,3695.0,5.820082930352362,0.6931471805599453,12.206077645517674,60.0,18.0177285657893,3.85,1,0,17,6.212410371381212,17.419284522123746,2.772588722239781,0.8365199929587164,0.010101095986503888
AS Gaming,16.791040175221152,21.77094421611417,Gaming,ASGaming,2.8903717578961645,United States,Games,7711.0,3.1780538303479458,0.08617769624105233,12.206077645517674,88.2,19.609254155938732,14.7,1,0,14,4.986755290280536,18.93773087766997,0.6575200029167941,0.8245899991756934,0.010152371464018007
Sony AATH,16.791040175221152,23.35731216615833,Shows,Sony AATH,9.834244649793968,United States,Entertainment,112.0,19.42941209145785,13.910821646859095,12.611541086966115,88.2,19.609254155938732,14.7,0,0,10,6.567678085949547,13.523122442176813,16.331382867801562,0.8245899991756934,0.015190165493975167
tabii Urdu,16.791040175221152,22.89571144115774,Entertainment,tabii Urdu,7.175489713624222,Turkey,Entertainment,3.0,18.523291491460643,13.001778670730355,11.51293546492023,23.9,18.239513912206753,13.49,0,0,3,6.106901243713766,15.72098727995919,15.418447585360447,0.7563000021035696,0.0050890695074712776
DaFuq!?Boom!,16.791040175221152,22.790910793840926,Film & Animation,DaFuq!?Boom!,5.3706380281276624,United States,Entertainment,112.0,21.557912580214083,16.034714150714915,15.717618233614914,88.2,19.609254155938732,14.7,0,0,7,6.002346674457613,17.42493480576002,18.457012682842958,0.8245899991756934,0.2940393729472473
Clash of Clans,16.791040175221152,22.099842745942276,Gaming,Clash of Clans,6.51471269087253,United States,Games,113.0,16.919738472530707,11.398647529267592,12.206077645517674,88.2,19.609254155938732,14.7,1,0,10,5.313738268736836,15.586612804922886,13.848075516797575,0.8245899991756934,0.010152371464018007
RKD Studios,16.785925074816024,22.378489627866298,Entertainment,RKD Studios,6.742880635791903,India,Entertainment,74.0,17.907201619431763,0.0,12.611541086966115,28.1,21.035458374912988,5.36,0,0,9,5.596283143066993,15.636789094841934,0.0,0.34471999988372515,0.015267472130788435
DLS News,16.780783675579947,21.536656398695605,News & Politics,DLS News,8.46611040118692,India,News,74.0,17.284709239668864,11.762913458369663,11.51293546492023,28.1,21.035458374912988,5.36,0,0,6,4.764437030711664,13.070758607144784,14.1546228779251,0.34471999988372515,0.0051413995004186705
JukiLop,16.780783675579947,21.179334912811107,People & Blogs,JukiLop,4.454347296253507,Mexico,People,14.0,14.683451448712576,9.15915233520675,11.51293546492023,40.2,18.651903768245116,3.42,0,0,6,4.410771455937971,16.73668370955747,11.582460855933538,0.814408236023,0.0051413995004186705
etvteluguindia,16.780783675579947,23.860411483816886,Entertainment,etvteluguindia,11.743838753548799,India,Entertainment,75.0,19.424678281283043,13.910821646859095,12.206077645517674,28.1,21.035458374912988,5.36,0,0,13,7.080469591848385,12.116586136416986,16.323580277203966,0.34471999988372515,0.010256500167189098
FIFA,16.780783675579947,22.433296657698307,Sports,FIFA,9.280705634636746,Switzerland,Sports,1.0,17.89072328485895,12.369470438714096,11.51293546492023,59.6,15.964342075607973,4.58,0,0,17,5.656015580633232,13.15268617282247,14.779982125547832,0.7384900368893524,0.0051413995004186705
Manoj  parihar,16.775615705688583,19.392323125339246,Entertainment,Manoj  parihar,5.817111159963204,India,Howto,75.0,17.430931855671574,11.909692857375196,12.611541086966115,28.1,21.035458374912988,5.36,0,0,2,2.6872059712154677,13.578193857572955,14.339351711049218,0.34471999988372515,0.015424470325631677
Vsauce,16.775615705688583,21.787254635127855,Science & Technology,Vsauce,6.137727054086234,Unknown,Entertainment,-1.0,18.05847626886703,12.537176929007302,11.51293546492023,68.0,19.609254155938732,9.02,0,1,16,5.018276880006342,15.651689903126424,14.944070246499248,0.8245899991756934,0.00516797015844258
Unbox Therapy,16.775615705688583,22.229160352428703,Science & Technology,Unbox Therapy,7.685243607975833,Unknown,Tech,-1.0,16.631996601057004,11.110969193687714,13.910821646859095,68.0,19.609254155938732,9.02,0,1,13,5.457816663029137,14.544376891139843,13.530891788804375,0.8245899991756934,0.05542980493933084
shane,16.770420889081343,22.18863038029793,People & Blogs,shane,6.3473892096560105,United States,Comedy,114.0,14.819812533461441,9.296609807128359,12.206077645517674,88.2,19.609254155938732,14.7,1,0,18,5.422634817446477,15.84299415090478,11.719134432217524,0.8245899991756934,0.010362787035546583
Sonotek,16.770420889081343,22.750174108549654,Entertainment,Sonotek,9.022322622637347,India,Music,77.0,17.171640871127057,11.650084021475273,11.51293546492023,28.1,21.035458374912988,5.36,0,0,12,5.982279528047772,13.727973270040806,14.088587239061411,0.34471999988372515,0.005194816877104004
Jimmy Kimmel Live,16.765198945372877,23.297757671650785,Entertainment,Jimmy Kimmel Live,8.783702698635217,United States,Comedy,115.0,16.662916879976816,11.141876276228,12.206077645517674,88.2,19.609254155938732,14.7,1,0,17,6.534012998017019,14.514208691653664,13.56178021370709,0.8245899991756934,0.010416760858255679
TheOdd1sOut,16.765198945372877,22.24192970774743,Comedy,TheOdd1sOut,4.941642422609304,United States,Comedy,115.0,17.249046079811013,11.727238138609684,12.206077645517674,88.2,19.609254155938732,14.7,1,0,9,5.480905072476142,17.307455804839332,14.156971046828328,0.8245899991756934,0.010416760858255679
Goldmines Great Indian Comedy,16.765198945372877,22.370951348827578,Film & Animation,Goldmines Great Indian Comedy,7.989221408815276,Unknown,Film,-1.0,18.003952458735395,12.48257116452228,12.206077645517674,68.0,19.609254155938732,9.02,0,1,7,5.6094223662357745,14.382069662800722,14.914856244297225,0.8245899991756934,0.010416760858255679
Lil Nas X,16.765198945372877,22.57007909252407,Music,Lil Nas X,3.6375861597263857,Unknown,Music,-1.0,17.648317202533622,12.12703484943049,12.206077645517674,68.0,19.609254155938732,9.02,1,1,5,5.807888485584379,18.959161185558454,14.53889640669192,0.8245899991756934,0.010416760858255679
ýýýýýýýýýýýýýý ýýýý,16.759949589762293,22.31739808684048,Education,ýýýýýýýýýýýýýý ýýýý,4.110873864173311,United States,Entertainment,116.0,16.88760188594119,11.3655964644899,11.51293546492023,88.2,19.609254155938732,14.7,0,0,5,5.561299733068499,18.223053536600375,13.748516758429416,0.8245899991756934,0.0052493558861437285
SUPER SLICK SLIME SAM,16.759949589762293,22.70139080340253,Howto & Style,SUPER SLICK SLIME SAM,6.806829360392176,Mexico,Howto,15.0,18.63043912016424,13.10907750982848,12.206077645517674,40.2,18.651903768245116,3.42,0,0,5,5.944066057281486,15.895668374757722,15.525698554330328,0.814408236023,0.010471299867295404
Wow Kidz Action,16.759949589762293,22.837317043805374,Film & Animation,Wow Kidz Action,7.330405211844402,India,Entertainment,78.0,18.476172223117253,12.954656898159907,12.206077645517674,28.1,21.035458374912988,5.36,0,0,6,6.079659087074957,15.507567538783492,15.380557824141718,0.34471999988372515,0.010471299867295404
Turma da Mï¿½ï¿½,16.759949589762293,23.349692147692128,Film & Animation,Turma da Mï¿½ï¿½,7.051855622955894,Brazil,Film,22.0,18.158055458421842,12.636558767583635,11.51293546492023,51.3,19.17473212136165,12.08,0,0,11,6.591116060547205,16.298702784028073,15.059463690708904,0.8620725611041735,0.0052493558861437285
Calvin Harris,16.759949589762293,23.496731962842503,Music,Calvin Harris,4.382026634673881,United Kingdom,Music,18.0,18.44449493181629,12.922938794110705,11.51293546492023,60.0,18.0177285657893,3.85,0,0,16,6.737968180903824,19.127284115246205,15.340000635567643,0.8365199929587164,0.0052493558861437285
KBS WORLD TV,16.759949589762293,23.43968707025471,Entertainment,KBS WORLD TV,11.074373990074257,South Korea,Entertainment,8.0,18.497539937309593,12.976183182038383,12.206077645517674,94.3,17.761144320124682,4.15,1,0,16,6.680992852430749,12.36533284871292,15.399835974669415,0.8143000096424038,0.010471299867295404
HiMan,16.75467253293992,21.77251950275306,People & Blogs,HiMan,5.929589143389895,Russia,Entertainment,4.0,17.016751844332305,11.495789479023493,12.206077645517674,81.9,18.78791449892918,4.59,1,0,9,5.02444397597147,15.84559360775707,13.934449369898308,0.7458700031137978,0.010526412986987492
Masha e o Urso,16.75467253293992,22.839729924935824,Shows,Masha e o Urso,0.0,Unknown,Entertainment,-1.0,17.975720900750336,0.0,1.0986122886681096,68.0,19.609254155938732,9.02,0,1,9,6.087331490721737,0.0,0.0,0.8245899991756934,1.0582010022115882e-07
Little Angel Espaï¿½ï¿½ï¿½ï¿½ï¿½ï¿½ï¿½ï¿½ï¿½,16.75467253293992,23.006998851847207,Education,Little Angel Espaï¿½ï¿½ï¿½ï¿½ï¿½ï¿½ï¿½ï¿½ï¿½,6.579251212010101,Mexico,Education,16.0,18.759991811562887,13.238546912318935,12.206077645517674,40.2,18.651903768245116,3.42,1,0,5,6.254250487818314,16.429137567292575,15.652689596649278,0.814408236023,0.010526412986987492
TED-Ed,16.749367480991666,22.01925838689444,Education,TED-Ed,7.636752112435779,United States,Education,117.0,17.212499128326296,11.691080018519527,11.51293546492023,88.2,19.609254155938732,14.7,0,0,12,5.275021944241088,14.382989350194643,14.085843755206414,0.8245899991756934,0.0053050522296931735
Sidemen,16.749367480991666,22.3829850119766,Entertainment,Sidemen,5.746203190540153,United Kingdom,Entertainment,19.0,18.17424298962967,12.652682895940725,11.51293546492023,60.0,18.0177285657893,3.85,0,0,8,5.637186823473925,16.639981883316945,15.086815134916028,0.8365199929587164,0.0053050522296931735
Cardi B,16.749367480991666,22.75593414139776,People & Blogs,Cardi B,2.302585092994046,Unknown,Entertainment,-1.0,2.0794415416798357,0.0295588022415444,12.206077645517674,68.0,19.609254155938732,9.02,1,1,6,6.009026214660971,20.558709565109424,0.2776317365982795,0.8245899991756934,0.010582109330536937
Busy Fun Ltd,16.749367480991666,22.77251579164241,Entertainment,TG MAYANK YT,1.0986122886681096,Unknown,Entertainment,-1.0,17.975720900750336,0.0,12.206077645517674,68.0,19.609254155938732,9.02,1,1,2,6.0255674674615305,22.079368611211297,0.0,0.8245899991756934,0.010582109330536937
Farruko,16.749367480991666,22.982279461160964,Music,Farruko,5.384495062789089,United States,Music,117.0,18.39800560514249,12.876465396508989,11.51293546492023,88.2,19.609254155938732,14.7,0,0,14,6.234873832798145,17.602382130182452,15.29863689491477,0.8245899991756934,0.0053050522296931735
ýýýýýýýýýýýýýýýýýýýýýý,16.749367480991666,22.984423409313766,Entertainment,ýýýýýýýýýýýýýýýýýýýýýý,6.274762021241939,Ukraine,Entertainment,2.0,18.035106509246578,12.513561021741964,11.51293546492023,82.7,17.608415647179292,8.88,0,0,9,6.237013583569907,16.711546457905143,14.945621836689119,0.6947300060121453,0.0053050522296931735
Triggered Insaan,16.749367480991666,21.910161108465058,Comedy,Triggered Insaan,5.720311776607412,India,People,79.0,18.507096953031372,12.985629146880282,13.45883704259595,28.1,21.035458374912988,5.36,0,0,9,5.166514430042099,16.193133499524514,15.399200005592181,0.34471999988372515,0.0365575957337976
CKN,16.74403413530075,23.23251033420796,Entertainment,cKn,2.833213344056216,Spain,Music,4093.0,4.634728988229636,0.3435897043900769,0.6931471805599453,88.9,17.667290486278546,13.96,0,0,18,6.4899959616158345,20.459921613188122,1.7387102481382395,0.8056500082280477,5.34759343990392e-08
Ali-A,16.74403413530075,22.53944198948034,Gaming,ali-a,1.0986122886681096,Unknown,People,-1.0,0.6931471805599453,0.0,12.206077645517674,68.0,19.609254155938732,9.02,1,1,7,5.798444781048113,21.846294809083044,0.04879016416943201,0.8245899991756934,0.010638398205055754
Shemaroo Comedy,16.73867219244687,22.522924738838295,Entertainment,Shemaroo Comedy,8.409162447202533,India,Comedy,81.0,18.444699968892547,12.923182904342333,12.206077645517674,28.1,21.035458374912988,5.36,0,0,16,5.787323488208658,14.113985874645827,15.339978862125102,0.34471999988372515,0.01069528911674796
Smile Family Spanish,16.73867219244687,22.670353934376617,Entertainment,Smile Family Spanish,6.126869184114185,United States,Entertainment,118.0,17.58587785196808,12.06451484156046,12.206077645517674,88.2,19.609254155938732,14.7,0,0,4,5.934332294595652,16.545670608548576,14.493443080383363,0.8245899991756934,0.01069528911674796
GRAMMY GOLD OFFICIAL,16.73867219244687,23.72878527343845,Music,GRAMMY GOLD OFFICIAL,8.746398334109042,Thailand,Music,5.0,18.94302181571072,13.421580168468209,11.51293546492023,49.3,18.05864262960575,0.75,0,0,9,6.991033653233531,14.982546296294238,15.842895487688025,0.506919999605892,0.005361943141385378
ýýýýýýýý ýýýýýýýýýý ýýýýýýýýýý | Arab Games Network,16.73867219244687,22.893605059364,Gaming,ýýýýýýýý ýýýýýýýýýý ýýýýýýýýýý | Arab Games ýýý,8.746716349694486,Saudi Arabia,Games,3.0,17.57687347435857,12.055255569732177,13.122365377402328,68.0,17.349737969089443,5.93,0,0,10,6.157053653610659,14.14704842252559,14.4940520934914,0.8406499981557422,0.026526754333428628
Dan-Sa / Daniel Saboya,16.733281344102608,21.790772969687488,Music,Dan-Sa / Daniel Saboya,7.1929342212158,Brazil,Music,24.0,22.539392662785414,0.0,11.51293546492023,51.3,19.17473212136165,12.08,0,0,16,5.0638330265745255,14.598591367626405,0.0,0.8620725611041735,0.005390848634876428
Marmok,16.733281344102608,21.963845854322877,Gaming,Marmok,5.926926025970411,Russia,Games,5.0,17.460490395910128,11.938853113303086,11.51293546492023,81.9,18.78791449892918,4.59,0,0,15,5.235900804641883,16.039590164786063,14.3373954024882,0.7458700031137978,0.005390848634876428
The ACE Family,16.733281344102608,22.2402331894767,People & Blogs,The ACE Family,6.569481420414296,Unknown,People,-1.0,14.857552847877614,9.332646496360152,12.206077645517674,68.0,19.609254155938732,9.02,1,1,7,5.511002145019759,15.672155434041171,11.756663486852712,0.8245899991756934,0.010752791776261806
Like Nastya Vlog,16.733281344102608,22.820986282532587,People & Blogs,Like Nastya Vlog,6.202535517187923,Russia,People,5.0,17.70624865846535,12.184854116317803,11.51293546492023,81.9,18.78791449892918,4.59,0,0,7,6.089973032429018,16.620477168875954,14.582466130093874,0.7458700031137978,0.005390848634876428
Willie Salim,16.733281344102608,22.122247421052624,People & Blogs,Willie Salim,6.522092798170152,Indonesia,People,13.0,19.100585636157973,13.579156379301477,14.285514812209815,36.3,19.41468748375534,4.69,0,0,9,5.393522427314036,15.601626460857013,16.00244919369189,0.5607236404348646,0.08294908298075093
PDK Films,16.72786127692704,22.13919771347202,Entertainment,PDK Films,4.718498871295094,United States,Entertainment,120.0,16.48482000005012,10.96302978336854,12.206077645517674,88.2,19.609254155938732,14.7,1,0,14,5.41579221703909,17.429667538856613,13.383651678615522,0.8245899991756934,0.010810916104215628
TheWillyrex,16.72786127692704,22.674707448786066,Comedy,TheWillyrex,8.845633256340186,Spain,Games,7.0,16.213769491902642,10.691967639914864,12.206077645517674,88.9,17.667290486278546,13.96,1,0,12,5.949456887045126,13.829219198276105,13.112719019736591,0.8056500082280477,0.010810916104215628
RsiamMusic : ï¿½ï¿½ï¿½ï¿½ï¿½ï¿½ï¿½ï¿½,16.72786127692704,23.169457454516305,Music,RsiamMusic : ï¿½ï¿½ï¿½ï¿½ï¿½ï¿½ï¿½ï¿½,8.058327306580958,Thailand,Music,6.0,17.806954557842335,12.285350445351659,11.51293546492023,49.3,18.05864262960575,0.75,0,0,12,6.443188823481049,15.11144692726915,14.706524916893132,0.506919999605892,0.0054200674693392
Dhar Mann,16.72786127692704,23.146362008479542,People & Blogs,Alejandro Basalo,0.0,Unknown,Entertainment,-1.0,17.975720900750336,0.0,1.0986122886681096,68.0,19.609254155938732,9.02,0,1,16,6.4201305567837474,0.0,0.0,0.8245899991756934,1.0869564626654108e-07
shakiraVEVO,16.72786127692704,23.95671993228534,Music,shakiraVEVO,5.288267030694535,United States,Music,120.0,19.403231018905878,13.910821646859095,12.206077645517674,88.2,19.609254155938732,14.7,1,0,14,7.229583794952665,18.673516211273885,16.300300617622575,0.8245899991756934,0.010810916104215628
Naisa Alifia Yuriza (N.A.Y),16.722411672456456,21.19753173667315,People & Blogs,Naisa Alifia Yuriza (N.A.Y),6.668228248417403,Indonesia,Entertainment,14.0,16.652422993115742,11.131679686740132,12.206077645517674,36.3,19.41468748375534,4.69,1,0,6,4.486444607507252,14.530575432782095,13.551285863970492,0.5607236404348646,0.010869672236903879
Miley Cyrus,16.722411672456456,22.772353782703618,Entertainment,Miley Cyrus,4.962844630259907,United States,Entertainment,121.0,18.667400194808867,13.14588652595031,11.51293546492023,88.2,19.609254155938732,14.7,0,0,14,6.052297387425447,17.81652674327054,15.558797487574878,0.8245899991756934,0.005449604767564679
IShowSpeed,16.722411672456456,21.16538621642821,Gaming,IShowSpeed,7.1891677384203225,United States,Games,120.0,18.759015537793616,13.237477967034438,13.592368256649284,88.2,19.609254155938732,14.7,0,0,7,4.454666878553102,13.976974330186302,15.652753301050684,0.8245899991756934,0.04278727520520893
Good Mythical Morning,16.722411672456456,22.897795338173296,Entertainment,Goodmythicalmorning,0.0,Unknown,Entertainment,3305.0,17.975720900750336,0.0,12.206077645517674,68.0,19.609254155938732,9.02,1,0,10,6.177461567650386,0.0,0.0,0.8245899991756934,0.010869672236903879
Bobby chourasiya,16.716932206992077,23.019613834939026,People & Blogs,Bobby chourasiya,6.093569770045136,Unknown,People,-1.0,19.96365401694008,14.45736497045232,13.815511557963774,68.0,19.609254155938732,9.02,0,1,4,6.30451139483393,16.928303997237244,16.86478364583966,0.8245899991756934,0.053488684950986194
INCRï¿½ï¿,16.716932206992077,21.890571894241337,People & Blogs,INCRï¿½ï¿,8.839856232763264,Brazil,Howto,25.0,16.70837925147604,11.187209175200515,12.206077645517674,51.3,19.17473212136165,12.08,1,0,6,5.179287678284587,13.0508626634668,13.607379995645191,0.8620725611041735,0.01092907053219027
Jake Fellman,16.71142255148467,23.316904344975026,Entertainment,Jake Fellman,6.042632833682381,United States,Entertainment,122.0,20.024189113341265,14.508658238524095,13.45883704259595,88.2,19.609254155938732,14.7,0,0,11,6.606833865386097,17.276649665016848,16.924571561468124,0.8245899991756934,0.03794493156412346
GEN HALILINTAR,16.71142255148467,21.919078238067485,Entertainment,GEN HALILINTAR,6.945051063725834,Indonesia,Entertainment,15.0,17.1228367606303,11.600945499760169,12.206077645517674,36.3,19.41468748375534,4.69,1,0,8,5.213115303244454,14.974991343184538,14.012803646638375,0.5607236404348646,0.010989121575595192
SQUEEZIE,16.71142255148467,23.02415600276257,Gaming,SQUEEZIE,7.3277805384216315,France,Entertainment,1.0,17.688771965629538,12.167337014705433,11.51293546492023,65.6,18.021096628854824,8.43,0,0,12,6.314544935217838,15.697032862761112,14.583626518647858,0.8070899970350383,0.0055096558109696036
Blippi - Educational Videos for Kids,16.71142255148467,23.42175650832941,Education,Blippi - Educational Videos for Kids,6.56244409369372,United States,Education,123.0,19.010753687770393,13.489227633538903,12.611541086966115,88.2,19.609254155938732,14.7,0,0,9,6.711551527697055,16.860725889951592,15.914607779869588,0.8245899991756934,0.016438726343159873
officialpsy,16.71142255148467,23.093867504724837,Music,officialpsy,4.882801922586371,South Korea,Music,10.0,17.989728598156756,12.468440756144114,12.206077645517674,94.3,17.761144320124682,4.15,1,0,13,6.384134563722001,18.21867019366887,14.881944292502169,0.8143000096424038,0.010989121575595192
Ajay Sharma,16.71142255148467,23.228777805431424,Entertainment,Ajay Sharma,0.0,Unknown,Entertainment,-1.0,17.975720900750336,0.0,0.6931471805599453,68.0,19.609254155938732,9.02,0,1,14,6.518831790238681,0.0,0.0,0.8245899991756934,5.52486172583255e-08
Manual do Mundo,16.705882371415992,22.104796682770765,Howto & Style,Manual do Mundo,7.81237820598861,Brazil,Tech,26.0,17.818580139670267,12.297288089699112,11.51293546492023,51.3,19.17473212136165,12.08,0,0,17,5.403425662401122,14.292823873345846,14.705745158078155,0.8620725611041735,0.005540180375615371
How Ridiculous,16.705882371415992,22.985147374031072,Sports,How Ridiculous,6.478509642208569,Australia,Sports,5.0,19.784979978555274,14.285514812209815,13.304686600863562,113.1,17.06458987042364,5.27,0,0,14,6.281138080804667,16.508175078737548,16.68340951682656,0.8477933355985393,0.03278982282299087
And TV,16.705882371415992,23.458433870406562,Entertainment,ANDtv,3.828641396489095,United States,Entertainment,7627.0,1.6094379124341003,0.019802627296179712,12.206077645517674,88.2,19.609254155938732,14.7,1,0,17,6.753718768887267,19.6517713834911,0.16551443847757338,0.8245899991756934,0.011049836186584975
Sebastiï¿½ï¿½ï¿½,16.705882371415992,23.071126965357244,News & Politics,Sebastiï¿½ï¿½ï¿½,5.472270673671475,United States,Music,124.0,18.523020711343914,13.001553014011936,12.206077645517674,88.2,19.609254155938732,14.7,1,0,10,6.366963491877298,17.603066846777427,15.418467715599066,0.8245899991756934,0.011049836186584975
SonyMusicSouthVEVO,16.705882371415992,23.609246020759333,Music,SonyMusicSouthVEVO,8.646992628951082,United States,Music,123.0,19.36690691004596,13.815511557963774,11.51293546492023,88.2,19.609254155938732,14.7,0,0,9,6.904367602000908,14.962429379107727,16.268857824849732,0.8245899991756934,0.005540180375615371
TheGrefg,16.705882371415992,22.580321671013444,Gaming,TheGrefg,8.17948018535889,Spain,Games,8.0,17.595829095210416,12.074259775399616,12.206077645517674,88.9,17.667290486278546,13.96,1,0,11,5.877245782664711,14.401122429199471,14.492782897366816,0.8056500082280477,0.011049836186584975
BeatboxJCOP,16.705882371415992,22.888538920467365,Film & Animation,BeatboxJCOP,6.618738983517219,Unknown,Entertainment,-1.0,21.041719568792217,15.520258832020865,15.039286283703994,68.0,19.609254155938732,9.02,0,1,12,6.184719410290946,16.27113602818768,17.941030753809912,0.8245899991756934,0.1730191641316411
David Dobrik,16.700311326676903,22.694087710473838,People & Blogs,David Dobrik,6.285998094508865,United States,People,125.0,15.973069994514992,10.451637862362272,11.51293546492023,88.2,19.609254155938732,14.7,0,0,9,5.996267561047036,16.409953623951154,12.871851198663759,0.8245899991756934,0.00557104504945538
KatieAngel,16.700311326676903,22.069052077719896,People & Blogs,KatieAngel,6.890609120147166,United States,Music,125.0,17.760716876529877,12.239028583587523,11.51293546492023,88.2,19.609254155938732,14.7,0,0,8,5.373389977936535,15.179461024753973,14.667753741487326,0.8245899991756934,0.00557104504945538
RobleisIUTU,16.700311326676903,22.36589120281539,Entertainment,RobleisIUTU,7.20414929203594,Argentina,Games,9.0,17.131331625193184,11.610061250069942,11.51293546492023,90.0,17.62081018612713,9.79,0,0,10,5.669037087760622,15.162485941564409,14.012228816464328,0.9199100098819032,0.00557104504945538
Lele Pons,16.700311326676903,22.380525276953904,Comedy,Lele Pons,5.225746673713202,United States,Entertainment,125.0,16.735872578407655,11.214532906153606,12.206077645517674,88.2,19.609254155938732,14.7,1,0,8,5.6836210234708755,17.160169486957162,13.634828855873332,0.8245899991756934,0.011111225425070752
Demi Lovato,16.700311326676903,22.65305748452949,Music,Demi Lovato,5.752572638825633,United States,Music,125.0,17.189062673073803,11.667370387218226,12.206077645517674,88.2,19.609254155938732,14.7,1,0,15,5.955341536947211,16.90366454406209,14.087445035352388,0.8245899991756934,0.011111225425070752
Like Nastya VNM,16.700311326676903,23.01251398495778,Entertainment,Like Nastya VNM,6.401917196727186,Vietnam,Entertainment,1.0,18.251871495344272,12.730508232153463,11.51293546492023,28.5,18.38466081561763,2.01,0,0,4,6.314015103713766,16.612256600555877,15.162700459173214,0.36627999807509903,0.00557104504945538
Jason Derulo,16.700311326676903,23.014498359476697,Music,Jason Derulo,6.7226297948554485,United States,Music,124.0,19.9200604594374,14.403297778421795,12.899222326086994,88.2,19.609254155938732,14.7,0,0,15,6.315995888586461,16.29307274253254,16.821193211876384,0.8245899991756934,0.022100347000665946
MGC Playhouse,16.700311326676903,23.506703622629992,Shows,MGC Playhouse,7.2633296174768365,United States,Education,125.0,18.44655315786435,12.925133643925246,11.51293546492023,88.2,19.609254155938732,14.7,0,0,14,6.807498418052814,16.244075109757226,15.339848211513177,0.8245899991756934,0.00557104504945538
Zuni and Family,16.700311326676903,22.632255516310234,People & Blogs,zuni and family,1.0986122886681096,Unknown,People,-1.0,1.6094379124341003,0.019802627296179712,12.206077645517674,68.0,19.609254155938732,9.02,1,1,3,5.934594049785204,21.93910833589852,0.16551443847757338,0.8245899991756934,0.011111225425070752
Priyal Kukreja,16.694709071442087,23.12641502771476,People & Blogs,Priyal Kukreja,6.650279048587422,India,People,83.0,19.88252311362568,14.346139397261565,13.710151153416941,28.1,21.035458374912988,5.36,0,0,2,6.43331442049848,16.477430547413604,16.780783675579947,0.34471999988372515,0.04932506656250148
MSA previously My Story Animated,16.694709071442087,22.873713751325095,Film & Animation,MSA Previously My Story Animated,3.295836866004329,United States,People,5208.0,9.938323667371586,4.430816798843313,7.993282328101591,88.2,19.609254155938732,14.7,0,0,2,6.18107508080547,19.615617216214414,6.838405200847344,0.8245899991756934,0.0001662783098270457
ýýýýýýýýý KIMPRO,16.68907525404123,23.678525108877125,Entertainment,ýýýýýýýýý KIMPRO,7.4067107301776405,South Korea,People,9.0,21.94821704795131,16.42558042423569,14.978661680269907,94.3,17.761144320124682,4.15,0,0,6,6.990371040239787,16.272421813287295,18.84725482179818,0.8143000096424038,0.16618451939098186
Jane ASMR ï¿½ï¿½,16.68907525404123,22.723071685871318,Entertainment,Jane ASMR ï¿½ï¿½,7.543802867501509,South Korea,People,11.0,18.448325103166248,0.0,12.206077645517674,94.3,17.761144320124682,4.15,1,0,11,6.036389522235516,15.179798594593104,0.0,0.8143000096424038,0.011236073266925854
ArianaGrandeVevo,16.68907525404123,23.724758721723,Music,ArianaGrandeVevo,5.187385805840755,United States,Music,127.0,18.39456262606193,12.873135057399978,12.206077645517674,88.2,19.609254155938732,14.7,1,0,13,7.0365630537447945,18.54297518023008,15.298863796298276,0.8245899991756934,0.011236073266925854
jaanvi patel,16.68907525404123,22.791739096841788,People & Blogs,jaanvi patel,6.240275845170769,India,People,84.0,19.664123271772088,14.151983508870947,13.710151153416941,28.1,21.035458374912988,5.36,0,0,5,6.104898301930301,16.553414536381734,16.562781536322326,0.34471999988372515,0.04959694113937211
tanboy kun,16.68907525404123,22.017244136812096,People & Blogs,tanboy kun,6.606650186198215,Indonesia,Entertainment,17.0,17.69033003515296,12.16889504380259,11.51293546492023,36.3,19.41468748375534,4.69,0,0,7,5.333010149326854,15.411946418207124,14.583533737098701,0.5607236404348646,0.005633817718256006
Lil Pump,16.68907525404123,22.157412111025216,Music,Lil Pump,4.110873864173311,Unknown,Music,-1.0,16.03937717443689,0.0,12.206077645517674,68.0,19.609254155938732,9.02,1,1,8,5.472546283031408,18.06306756286392,0.0,0.8245899991756934,0.011236073266925854
Porta dos Fundos,16.68907525404123,22.76954451969644,Entertainment,Porta dos Fundos,7.714677473800927,Brazil,Entertainment,27.0,17.38044115990798,11.85864764578841,12.206077645517674,51.3,19.17473212136165,12.08,1,0,11,6.082753813597252,15.055313664159382,14.281757765684672,0.8620725611041735,0.011236073266925854
News 24,16.68907525404123,22.851125513839584,News & Politics,24 ï¿½ï¿½ï¿½ï,12.262552217898268,Ukraine,News,24.0,19.73111675844501,14.220976332738882,12.345838935721968,82.7,17.608415647179292,8.88,0,0,17,6.164156024537033,10.58860322317613,16.630919337267223,0.6947300060121453,0.012910648037258051
Les' Copaque Production,16.68907525404123,22.927101407873412,Film & Animation,Les' Copaque Production,7.448333860897476,Malaysia,Entertainment,1.0,18.58387895118877,13.06240315982251,12.206077645517674,45.1,17.29513044317013,3.32,0,0,14,6.239978012142174,15.479350317125435,15.492008996107192,0.7543216810846236,0.011236073266925854
El Payaso Plim Plim,16.68907525404123,23.570937923427852,Film & Animation,El Payaso Plim Plim,7.183111701743281,Argentina,Music,10.0,20.27702560978182,14.77102238760702,13.304686600863562,90.0,17.62081018612713,9.79,0,0,10,6.882888430288396,16.388585887785148,17.175885979828397,0.9199100098819032,0.0333364202675918
zbing z.,16.68340951682656,22.9499601155753,Gaming,zbing z.,8.05579245097777,Thailand,Games,7.0,17.825150190392208,12.303657509006147,12.206077645517674,49.3,18.05864262960575,0.75,1,0,9,6.268447621881336,14.894485313654071,14.70529344070264,0.506919999605892,0.011299555253933367
MissaSinfonia,16.68340951682656,21.544809540976406,Comedy,MissaSinfonia,5.455321115357702,Mexico,Comedy,17.0,17.127694596402634,11.606424915484219,11.51293546492023,40.2,18.651903768245116,3.42,0,0,12,4.869109923344066,16.09377118943323,14.012475212715096,0.814408236023,0.005665737535677361
ýýýýýýýýý Liziqi,16.68340951682656,21.81443099041132,Howto & Style,ýýýýýýýýý Liziqi,4.859812404361672,China,Howto,1.0,16.922515878662416,11.400887146781372,11.51293546492023,50.6,21.058104598029722,4.32,0,0,6,5.136914651084145,16.962400769141475,13.84788190614219,0.6030799998569093,0.005665737535677361
The Game Theorists,16.68340951682656,22.045647417912,Gaming,TheGameTheorists,0.0,Australia,Entertainment,6095.0,17.975720900750336,0.0,12.206077645517674,113.1,17.06458987042364,5.27,1,0,10,5.3669173894406885,0.0,0.0,0.8477933355985393,0.011299555253933367
DeGoBooM,16.68340951682656,22.5647998376002,Gaming,DeGoBooM,8.455955881945048,Chile,Games,3.0,18.42282844598837,12.901469793015115,13.122365377402328,88.5,16.75742208264895,7.09,0,0,9,5.88417739226567,14.10905735395622,15.319454834769367,0.876430017711024,0.028013036227673965
JFlaMusic,16.68340951682656,22.05886674978773,Music,JFlaMusic,5.7899601708972535,South Korea,Music,12.0,16.22236566223232,10.70101727068921,12.206077645517674,94.3,17.761144320124682,4.15,1,0,12,5.380075411105787,16.271969453896045,13.121164659228688,0.8143000096424038,0.011299555253933367
FactTechz,16.677711496036597,21.52890851607753,Entertainment,FactTechz,6.565264970035361,India,Entertainment,86.0,16.86269616059958,11.340962076644454,12.206077645517674,28.1,21.035458374912988,5.36,1,0,7,4.8589856786649825,14.965053305880236,13.75022615872878,0.34471999988372515,0.011363758650315088
News18 India,16.677711496036597,22.706144105866287,News & Politics,News18 India,12.11583607318485,India,News,85.0,19.792130469149022,14.285514812209815,13.45883704259595,28.1,21.035458374912988,5.36,0,0,16,6.030839036349202,10.590338662939331,16.68907525404123,0.34471999988372515,0.039220713153281295
Fun For Kids TV - Hindi Rhymes,16.677711496036597,22.753042444976284,Entertainment,Fun For Kids TV - Hindi Rhymes,5.0106352940962555,India,Entertainment,86.0,18.5145990555574,12.993167714760736,12.611541086966115,28.1,21.035458374912988,5.36,0,0,6,6.07762725267311,17.749096158472824,15.41903119782132,0.34471999988372515,0.016997576368571094
IGN,16.677711496036597,23.502527033013127,Gaming,IGN,11.958994943920333,United States,Games,129.0,18.403961767514087,12.882584726875908,12.206077645517674,88.2,19.609254155938732,14.7,1,0,17,6.825901480544782,11.543548188905193,15.298251044367147,0.8245899991756934,0.011363758650315088
Aphmau,16.67198082165602,23.600416495789627,Gaming,Aphmau,8.392083380373393,United States,Games,129.0,19.901989788949233,14.403297778421795,12.899222326086994,88.2,19.609254155938732,14.7,0,0,11,6.92941478404171,15.208560043945335,16.801192546169812,0.8245899991756934,0.02272825107755612
AMARINTV : ï¿½ï¿½ï¿½ï¿½ï¿½ï¿½ï¿½ï¿½ï¿½ï¿½ï¿½ï¿½,16.67198082165602,23.291560508982897,Entertainment,AMARINTV : ï¿½ï¿½ï¿½ï¿½ï¿½ï¿½ï¿½ï¿½ï¿½ï¿½ï¿½ï¿½,11.682237767170543,Thailand,News,8.0,19.27931270577045,13.75788250444911,12.206077645517674,49.3,18.05864262960575,0.75,0,0,9,6.620912847190164,11.609340265137215,16.175609651569797,0.506919999605892,0.011428695823622754
ýýýýýýýýýýýýýýýý - Al-Remas,16.67198082165602,23.134184613201896,Music,ýýýýýýýýýýýýýýýý - Al-Remas,7.665753431861699,Iraq,Music,1.0,18.542924933846095,13.021439671201302,12.206077645517674,16.2,17.486984002597904,12.82,1,0,10,6.4637639822206365,15.468900086040883,15.437074847785604,0.7067799890933003,0.011428695823622754
Koray Zeynep,16.67198082165602,23.530289650131564,People & Blogs,Koray Zeynep,7.639642287858013,Unknown,People,-1.0,19.87086263545507,14.346139397261565,12.899222326086994,68.0,19.609254155938732,9.02,0,1,7,6.859359023565292,15.891128603890866,16.770420889081343,0.8245899991756934,0.02272825107755612
Apple,16.666217117271472,20.749347832190224,Science & Technology,Apple,5.198497031265826,United States,Tech,130.0,17.65461874683768,12.132969552931216,11.51293546492023,88.2,19.609254155938732,14.7,0,0,18,4.099844923837981,15.55639115569168,14.53845971507999,0.8245899991756934,0.005763704716750081
Stubborn Facts,16.666217117271472,20.620375175353058,Film & Animation,Stubborn Facts,5.662960480135946,India,Entertainment,87.0,13.638595559359219,8.131824785007195,12.206077645517674,28.1,21.035458374912988,5.36,1,0,7,3.973151399683896,14.960893276587269,10.537441898283253,0.34471999988372515,0.011494379425735108
Taarak Mehta Ka Ooltah Chashmah,16.666217117271472,23.154396995647488,Entertainment,Taarak Mehta Ka Ooltah Chashmah,8.471986598578159,India,Entertainment,87.0,19.620476840967346,14.077875591662238,12.611541086966115,28.1,21.035458374912988,5.36,0,0,9,6.489700095444641,14.682620087838153,16.51715367748502,0.34471999988372515,0.017192400540372833
HowToBasic,16.666217117271472,22.027486472605098,Howto & Style,HowToBasic,6.368187186350492,Australia,Howto,6.0,16.557962250196052,11.036517370851499,12.206077645517674,113.1,17.06458987042364,5.27,1,0,12,5.365953368501038,15.66101618254773,13.456835042788141,0.8477933355985393,0.011494379425735108
PopularMMOs,16.660419999923214,23.402447036306665,Gaming,PopularMMOs,8.452334619067742,Unknown,Games,-1.0,16.543101979649887,11.021918808236205,11.51293546492023,68.0,19.609254155938732,9.02,0,1,11,6.743206650751522,14.95032616304697,13.44198152124026,0.8245899991756934,0.005797117684325904
Marques Brownlee,16.660419999923214,22.00611797242423,Science & Technology,Marques Brownlee,7.357556200910353,United States,Tech,131.0,17.77298484540766,12.251528686253542,11.51293546492023,88.2,19.609254155938732,14.7,0,0,15,5.350455317906036,14.64920016423446,14.666943144293086,0.8245899991756934,0.005797117684325904
Anitta,16.660419999923214,22.716224850226094,Music,Anitta,4.9344739331306915,Brazil,Music,28.0,18.10163184950927,12.580050526513531,12.206077645517674,51.3,19.17473212136165,12.08,1,0,12,6.058146379405276,17.788971183740827,15.003933385643395,0.8620725611041735,0.011560822401075985
Jason Vlogs,16.660419999923214,22.909726859053247,Education,Jason Oo,4.430816798843313,Australia,People,3450.0,3.258096538021482,0.09531017980432487,12.206077645517674,113.1,17.06458987042364,5.27,1,0,9,6.251236846210191,18.490886260466358,0.6523251860396903,0.8477933355985393,0.011560822401075985
El Reino a Jugar,16.660419999923214,23.160861813016542,Education,El Reino a Jugar,6.915723448631314,Argentina,Education,11.0,18.24285706850697,12.721291604450823,11.51293546492023,90.0,17.62081018612713,9.79,0,0,8,6.501943518122431,16.24613100819284,15.1369732883275,0.9199100098819032,0.005797117684325904
Willyrex,16.660419999923214,22.337509970573418,Gaming,Willyrex,8.929435283803425,Spain,Games,9.0,16.550202754926893,11.028433383156079,12.206077645517674,88.9,17.667290486278546,13.96,1,0,14,5.680507688001605,13.408208630890197,13.449219527306578,0.8056500082280477,0.011560822401075985
TheBrianMaps,16.65458907995242,22.21579564218757,Comedy,TheBrianMaps,6.212606095751519,Russia,Entertainment,6.0,17.4308511356511,11.909692857375196,11.51293546492023,81.9,18.78791449892918,4.59,0,0,11,5.565043385869001,16.005195676890114,14.339351711049218,0.7458700031137978,0.005830920310793199
TRANS TV Official,16.65458907995242,22.99652124193724,Entertainment,TRANS TV Official,11.906493415053063,Indonesia,Entertainment,18.0,17.6400348167484,12.118339189722553,11.51293546492023,36.3,19.41468748375534,4.69,0,0,9,6.343691568308256,11.090049836819682,14.539478365688966,0.5607236404348646,0.005830920310793199
Liza Koshy,16.65458907995242,21.499423392526623,Comedy,Liza Koshy,4.962844630259907,United States,Entertainment,132.0,14.381392955337352,8.853808274977197,12.206077645517674,88.2,19.609254155938732,14.7,1,0,10,4.852672492770782,16.54359639980944,11.279744203985432,0.8245899991756934,0.011628037995119104
Queen Official,16.648723960844016,23.107241851411352,Music,Queen Official,6.923628628138427,United Kingdom,Music,21.0,18.356334215049774,12.83495060202217,11.51293546492023,60.0,18.0177285657893,3.85,0,0,15,6.460083839189262,16.18459805340935,15.25503781872071,0.8365199929587164,0.0058651194523980784
Prajapati News,16.648723960844016,20.72473023419318,Comedy,Prajapati News,7.249925536717988,India,Entertainment,89.0,15.84707415052998,10.32551474894327,11.51293546492023,28.1,21.035458374912988,5.36,0,0,10,4.0928389872558295,13.47551658102037,12.746071560344614,0.34471999988372515,0.0058651194523980784
Gaby and Alex,16.648723960844016,22.83103764922591,Entertainment,gabyandalex,0.6931471805599453,Unknown,People,-1.0,17.975720900750336,0.0,12.206077645517674,68.0,19.609254155938732,9.02,1,1,15,6.184377259522825,22.83103764922591,0.0,0.8245899991756934,0.011696039763191278
LuisFonsiVEVO,16.648723960844016,23.400416515288853,Music,LuisFonsiVEVO,4.584967478670572,United States,Music,133.0,17.723866869278265,12.202571523749763,12.206077645517674,88.2,19.609254155938732,14.7,1,0,14,6.752860830019334,18.825705543386313,14.626663416060726,0.8245899991756934,0.011696039763191278
Pop Chartbusters,16.642824239064897,22.884749292554545,Music,Pop Chartbusters,7.71244383427499,India,Music,90.0,18.104750090943615,12.58314170846604,12.206077645517674,28.1,21.035458374912988,5.36,0,0,12,6.243869326778496,15.172753042761256,15.003750548058425,0.34471999988372515,0.01176484157958637
Guava Juice,16.642824239064897,22.932748336812587,Gaming,Guava Juice,7.555381944240273,United States,Entertainment,134.0,16.20326375516399,10.682835364853922,12.206077645517674,88.2,19.609254155938732,14.7,1,0,17,6.2917773392288705,15.377890025298829,13.101958608857487,0.8245899991756934,0.01176484157958637
EeOneGuy,16.642824239064897,22.06558398291623,Entertainment,EeOneGuy,5.905361848054571,United States,Entertainment,134.0,14.3071539739341,8.77971129020447,12.206077645517674,88.2,19.609254155938732,14.7,1,0,10,5.427165030920908,16.16295074486723,11.206413891581187,0.8245899991756934,0.01176484157958637
VICE,16.642824239064897,22.251440164973513,Entertainment,VICE,8.268988209506656,United States,Entertainment,134.0,17.408897343123755,11.887250721636997,11.51293546492023,88.2,19.609254155938732,14.7,0,0,18,5.61227542079374,13.982709178670754,14.279811080368153,0.8245899991756934,0.005899722127188292
Aayu and Pihu Show,16.642824239064897,22.95008498373781,Comedy,Aayu and Pihu Show,6.091309882077698,India,People,90.0,18.31289507888435,12.791358964949923,12.206077645517674,28.1,21.035458374912988,5.36,1,0,6,6.309082164068262,16.861040155754207,15.209450864205547,0.34471999988372515,0.01176484157958637
Danny Fitt,16.642824239064897,22.9792076321733,People & Blogs,Danny Fitt,7.757051142032013,United States,Entertainment,134.0,19.43324119875842,13.910821646859095,13.45883704259595,88.2,19.609254155938732,14.7,0,0,7,6.3381525808160974,15.222584542388395,16.33112429867801,0.8245899991756934,0.04058528011507831
Bispo Bruno Leonardo,16.642824239064897,21.98274297657834,Nonprofits & Activism,Bispo Bruno Leonardo,8.495356496807062,Brazil,Nonprofit,29.0,18.823094541543856,13.301682096858299,12.899222326086994,51.3,19.17473212136165,12.08,0,0,7,5.344703591159614,13.48759230383164,15.725260596867594,0.8620725611041735,0.023392879574705476
DeToxoMoroxo,16.636889503897294,21.563091126662975,Entertainment,de toxomoroxo,0.6931471805599453,Unknown,Music,-1.0,17.975720900750336,0.0,12.206077645517674,68.0,19.609254155938732,9.02,1,1,7,4.93342950215395,21.563091126662975,0.0,0.8245899991756934,0.011834457647002838
Doggy Doggy Cartoons,16.636889503897294,22.59789762241934,Entertainment,Doggy Doggy Cartoons,0.0,Unknown,Entertainment,-1.0,17.975720900750336,0.0,12.206077645517674,68.0,19.609254155938732,9.02,1,1,5,5.963582174591303,0.0,0.0,0.8245899991756934,0.011834457647002838
deepesh zo,16.636889503897294,22.698244059533852,People & Blogs,deepesh zo,3.7376696182833684,Unknown,People,-1.0,0.6931471805599453,0.0,0.6931471805599453,68.0,19.609254155938732,9.02,0,1,2,6.0636831427093965,18.98467199838012,0.04879016416943201,0.8245899991756934,5.952380775226764e-08
Like Nastya IDN,16.636889503897294,22.69669592907358,Entertainment,Like Nastya IDN,6.220590170099739,Indonesia,Entertainment,19.0,17.572889451847754,12.051177522006789,11.51293546492023,36.3,19.41468748375534,4.69,0,0,4,6.062138615701893,16.478095879010493,14.49430573952769,0.5607236404348646,0.005934735519814547
Gato Galactico | GALï¿½ï¿,16.636889503897294,22.029921251890954,Film & Animation,Gato Galactico | GALï¿½ï¿,7.307872780763706,Brazil,Entertainment,30.0,17.602446440215505,12.081081821061819,11.51293546492023,51.3,19.17473212136165,12.08,0,0,10,5.397569658863672,14.722719340504899,14.492325592136574,0.8620725611041735,0.005934735519814547
Salman Noman,16.630919337267223,23.06440198651997,Entertainment,salman Noman,1.3862943611198906,Unknown,Entertainment,-1.0,2.0794415416798357,0.0295588022415444,2.3978952727983707,68.0,19.609254155938732,9.02,0,1,1,6.4350882643477325,21.965789698044297,0.2776317365982795,0.8245899991756934,5.988022159274982e-07
CoryxKenshin,16.630919337267223,22.68377822702358,Gaming,CoryxKenshin,7.434847875211999,United States,Games,135.0,18.470556042959494,12.949202136513597,12.206077645517674,88.2,19.609254155938732,14.7,0,0,14,6.055207320537803,15.249521083100777,15.359812650913657,0.8245899991756934,0.011904902506318366
With Kids[ï¿½ï¿½ï¿½ï¿½ï,16.630919337267223,22.900983406520023,Entertainment,With Kids[ï¿½ï¿½ï¿½ï¿½ï,6.825460036255307,United States,Entertainment,135.0,17.63756511311342,12.116153408446742,11.51293546492023,88.2,19.609254155938732,14.7,0,0,11,6.271954448479931,16.07660984059948,14.539623802535454,0.8245899991756934,0.005970166986503818
Travis Scott,16.630919337267223,22.800171238088858,Music,Travis Scott,2.639057329615259,United States,Music,1920.0,10.535397423624884,5.017279836814924,12.206077645517674,88.2,19.609254155938732,14.7,1,0,13,6.171342574632022,20.235221882131132,7.431299675155903,0.8245899991756934,0.011904902506318366
Tu COSMOPOLIS,16.630919337267223,22.350403062339527,People & Blogs,Tu COSMOPOLIS,9.07589427542326,Mexico,People,19.0,16.596749322979665,11.075985169527042,12.206077645517674,40.2,18.651903768245116,3.42,1,0,9,5.722759817073603,13.27462490109135,13.495719808434837,0.814408236023,0.011904902506318366
Ivana Alawi,16.624913313567735,20.999717060346434,Entertainment,Ivana Alawi,5.198497031265826,Philippines,People,5.0,16.528813671665326,11.007103966325696,11.51293546492023,35.5,18.49872098032555,2.15,0,0,5,4.387315815785725,15.806760345222454,13.427788604953344,0.47149000179112155,0.006006024060211875
Werever2morro,16.624913313567735,21.7522686222635,Entertainment,werever2morro,0.0,Mexico,Games,4248.0,17.975720900750336,0.0,12.206077645517674,40.2,18.651903768245116,3.42,1,0,13,5.133270070496665,0.0,0.0,0.814408236023,0.011976191046715693
IDEAS EN 5 MINUTOS,16.624913313567735,22.03078033727005,Howto & Style,Ideas En 5 Minutos,5.37989735354046,Spain,Entertainment,2753.0,11.089362575489865,5.572154032177765,12.206077645517674,88.9,17.667290486278546,13.96,1,0,6,5.410347192351001,16.65550198774156,7.974188669286011,0.8056500082280477,0.011976191046715693
NMF News,16.624913313567735,22.729488737746365,News & Politics,NMF News,11.628590704122276,India,News,91.0,17.896449008495065,12.374975404956045,11.51293546492023,28.1,21.035458374912988,5.36,0,0,10,6.106805624627481,11.100922039773021,14.779600868301708,0.34471999988372515,0.006006024060211875
SriBalajiMovies,16.624913313567735,22.968206689235156,Entertainment,SriBalajiMovies,9.90862433664128,India,Entertainment,91.0,18.852781298078426,13.331328487993112,12.206077645517674,28.1,21.035458374912988,5.36,0,0,12,6.345050392628118,13.059634227023638,15.75250983716817,0.34471999988372515,0.011976191046715693
Lahari Music - TSeries,16.624913313567735,23.203680568240742,Music,Lahari Music - TSeries,9.10242102975669,India,Music,91.0,18.304281761302583,12.782688818818986,11.51293546492023,28.1,21.035458374912988,5.36,0,0,12,6.58015591141456,14.101371691761786,15.210021321809851,0.34471999988372515,0.006006024060211875
Younes Zarou,16.624913313567735,23.449723500266874,Entertainment,Younes Zarou,7.696667081526462,Germany,Entertainment,4.0,20.240796028369065,14.731801689838349,13.710151153416941,70.2,18.23594988712457,3.04,0,0,2,6.8258961391654305,15.753511004846608,17.13694300725865,0.7737600053620233,0.05279818556697082
Jordan Matter,16.624913313567735,22.484481650966075,Entertainment,Jordan Matter,6.025865973825314,United States,Entertainment,136.0,19.108981203110655,13.587481341199483,12.611541086966115,88.2,19.609254155938732,14.7,0,0,17,5.862416811434187,16.461034128801394,16.0130574166956,0.8245899991756934,0.01791092656653024
ýýýýýýýý ýýýýýýýýýýýýýýýýýýýýýý,16.61887099947687,21.615646604231333,Entertainment,ýýýýýýýý ýýýýýýýýýýýýýýýýýýýýýý,6.045005314036012,United States,Entertainment,137.0,16.90441440795792,11.382828169079987,12.206077645517674,88.2,19.609254155938732,14.7,0,0,9,5.003512628028166,15.573013942614217,13.849043008197064,0.8245899991756934,0.012048338516174498
FailArmy,16.61887099947687,21.83422185436098,Comedy,FailArmy,6.0844994130751715,United States,Entertainment,137.0,18.542774484046486,13.021218408275878,11.51293546492023,88.2,19.609254155938732,14.7,0,0,12,5.220768738998636,15.752003087864173,15.437074847785604,0.8245899991756934,0.006042314455962623
BBC News Hindi,16.61887099947687,22.67533343735758,News & Politics,BBC News Hindi,9.96382978154229,India,News,92.0,18.69224868588235,13.170774422098006,12.611541086966115,28.1,21.035458374912988,5.36,0,0,14,6.058802432021454,12.71155374497676,15.591547236034948,0.34471999988372515,0.018018505502678313
FunFun Toy Doll TV,16.61887099947687,22.72558439506315,Entertainment,FunFun Toy Doll TV,6.601230118728877,United States,Entertainment,137.0,17.00919168521851,11.487617913343598,12.206077645517674,88.2,19.609254155938732,14.7,1,0,7,6.10893883881156,16.125713994956357,13.934981945330232,0.8245899991756934,0.012048338516174498
Sandra Cires Art,16.612791953770035,22.098354184573566,Howto & Style,Sandra Cires Art,6.9957661563048505,United States,Entertainment,138.0,16.707436718261945,11.185823192802378,12.206077645517674,88.2,19.609254155938732,14.7,1,0,12,5.48969992276081,15.103504474311269,13.606271144559914,0.8245899991756934,0.01212136053234481
Kaykai Salaider,16.612791953770035,22.2127212307088,Comedy,Kaykai Salaider,6.061456918928017,Thailand,Entertainment,9.0,16.0499239779099,10.529452721013085,12.206077645517674,49.3,18.05864262960575,0.75,1,0,12,5.603620641461896,16.15359813141355,12.948964296669068,0.506919999605892,0.01212136053234481
UFC - Ultimate Fighting Championship,16.612791953770035,22.688393108870414,Sports,UFC - Ultimate Fighting Championship,9.59308259297708,United States,Sports,138.0,18.707422381834146,13.185903275083431,11.51293546492023,88.2,19.609254155938732,14.7,0,0,17,6.077896842984353,13.09538077164872,15.607336858292415,0.8245899991756934,0.006079046076382187
Ch7HD,16.612791953770035,22.970681124847978,Entertainment,Ch7HD,10.93674320772623,Thailand,Entertainment,9.0,18.2900822006035,12.768544351446794,11.51293546492023,49.3,18.05864262960575,0.75,0,0,13,6.359620752858975,12.03396164856829,15.185853620889928,0.506919999605892,0.006079046076382187
RCTI - LAYAR DRAMA INDONESIA,16.612791953770035,23.324353687619702,Entertainment,RCTI - LAYAR DRAMA INDONESIA,0.6931471805599453,Unknown,People,-1.0,17.975720900750336,0.0,12.206077645517674,68.0,19.609254155938732,9.02,1,1,3,6.712777817402636,23.324353687619702,0.0,0.8245899991756934,0.01212136053234481
Alfredo Larin,16.612791953770035,23.39270205948268,Entertainment,Alfredo Larin,0.6931471805599453,Unknown,Entertainment,-1.0,0.6931471805599453,0.0,12.206077645517674,68.0,19.609254155938732,9.02,1,1,8,6.781045898409701,23.39270205948268,0.04879016416943201,0.8245899991756934,0.01212136053234481
GMMTV OFFICIALï¿½ï¿½,16.612791953770035,23.27617627361619,Entertainment,GMMTV OFFICIALï¿½ï¿½,10.083848855954896,Thailand,Entertainment,9.0,19.016115868010175,13.494617729665181,12.206077645517674,49.3,18.05864262960575,0.75,0,0,13,6.664660384117387,13.192371031654032,15.914252272299724,0.506919999605892,0.01212136053234481
Matt Stonie,16.60667572712668,21.983891318999344,Entertainment,MattStonie,4.007333185232471,United States,Entertainment,1874.0,10.300113711977088,4.787491742782046,12.206077645517674,88.2,19.609254155938732,14.7,1,0,13,5.38182567999961,17.99490728745933,7.179307969504034,0.8245899991756934,0.012195273093818276
Boyce Avenue,16.60667572712668,22.607122473414076,Music,Boyce Avenue,6.19644412779452,United States,Music,139.0,17.175434489048556,11.65356528276954,12.206077645517674,88.2,19.609254155938732,14.7,1,0,16,6.002921388082445,16.41271715663875,14.088282778946759,0.8245899991756934,0.012195273093818276
Camila Cabello,16.60667572712668,22.612367153471276,Music,Camila Cabello,4.394449154672439,United States,Music,139.0,17.569803174043454,12.048254415120404,11.51293546492023,88.2,19.609254155938732,14.7,0,0,8,6.008153139650461,18.230340530742797,14.442465050005849,0.8245899991756934,0.006116227017436089
Little Mix,16.60667572712668,22.740864238616403,Music,Little Mix,5.631211781821365,United Kingdom,Music,22.0,17.468866481913214,11.947308393235778,12.206077645517674,60.0,18.0177285657893,3.85,1,0,12,6.136353710362959,17.113243161759684,14.394481253936947,0.8365199929587164,0.012195273093818276
SAM SMITH,16.60667572712668,23.042734087965748,Music,SAM SMITH,5.442417710521793,United Kingdom,Entertainment,22.0,18.26727313298105,12.74578014344445,12.206077645517674,60.0,18.0177285657893,3.85,1,0,11,6.437659850578203,17.60465480155917,15.161686062720992,0.8365199929587164,0.012195273093818276
Pitbull,16.60667572712668,23.247049742114747,Music,Pitbull,5.8664680569332965,United States,Music,139.0,18.29289283731803,12.771389295485289,12.206077645517674,88.2,19.609254155938732,14.7,1,0,17,6.64167976188642,17.38341859465131,15.185675791219289,0.8245899991756934,0.012195273093818276
Bollywood Classics,16.60667572712668,22.689234220403534,Entertainment,Bollywood Classics,7.275864600546533,India,Music,93.0,18.83594436280875,13.314471885369084,12.611541086966115,28.1,21.035458374912988,5.36,0,0,12,6.084838283639534,15.414062102999932,15.739116814165206,0.34471999988372515,0.0182375875497809
Technoblade,16.60667572712668,21.227944137579584,Gaming,Technoblade,6.897704943128636,United States,Games,138.0,16.702766410911114,11.181653682515929,12.206077645517674,88.2,19.609254155938732,14.7,0,0,10,4.6310606766761255,14.331250402412051,13.601699572468275,0.8245899991756934,0.012195273093818276
W2S,16.60667572712668,22.28527046188742,Gaming,W2S,6.481577129276431,United Kingdom,Entertainment,22.0,14.940115751687358,9.417435838868785,12.206077645517674,60.0,18.0177285657893,3.85,1,0,11,5.682007325155246,15.805226036485385,11.839354580719126,0.8365199929587164,0.012195273093818276
Jennifer Lopez,16.600521861931007,23.048320862890467,Music,Jennifer Lopez,5.556828061699537,United States,Music,140.0,17.96562091385491,12.444305774364985,12.206077645517674,88.2,19.609254155938732,14.7,1,0,18,6.449381814008001,17.49536130309781,14.848588629954492,0.8245899991756934,0.012270092591814347
Kids Play,16.600521861931007,22.814105452206867,Entertainment,Kids Play,6.386879319362645,United States,Entertainment,140.0,17.07021677842546,11.548302261270587,12.206077645517674,88.2,19.609254155938732,14.7,1,0,5,6.2155837003924805,16.42891112637047,13.930891600031305,0.8245899991756934,0.012270092591814347
T3ddy,16.600521861931007,21.8186012518567,Comedy,T3ddy,7.565793282428515,Brazil,People,31.0,17.31247259190007,11.791322060504474,11.51293546492023,51.3,19.17473212136165,12.08,0,0,11,5.223482552388423,14.253326615068046,14.221642776837895,0.8620725611041735,0.006153865574378259
JJ Olatunji,16.600521861931007,22.128551865250653,Gaming,JJ Olatunji,7.166265974133638,United Kingdom,Entertainment,23.0,17.14083434300813,11.61909465356394,11.51293546492023,60.0,18.0177285657893,3.85,0,0,12,5.531995999607472,14.963058707358627,14.01157146283125,0.8365199929587164,0.006153865574378259
POPS Kids,16.600521861931007,23.001926291352547,Music,POPS Kids,8.279950715722526,Vietnam,Film,2.0,19.363547196207165,13.815511557963774,12.206077645517674,28.5,18.38466081561763,2.01,0,0,9,6.4030623413228875,14.722229561219654,16.260445632772793,0.36627999807509903,0.012270092591814347
Thairath Online,16.600521861931007,23.401807671567173,News & Politics,Thairath Online,12.40860524294026,Thailand,News,10.0,19.23052593173819,13.70903942580019,11.51293546492023,49.3,18.05864262960575,0.75,0,0,13,6.802397596996565,10.993223327274388,16.130587403128175,0.506919999605892,0.006153865574378259
LEGO,16.600521861931007,23.744779841980545,Entertainment,LEGO,10.370047760004104,Singapore,Entertainment,1.0,18.579469232499488,13.057933650348467,12.206077645517674,84.8,15.556602852540376,4.11,0,0,18,7.145047114031186,13.37476499407829,15.473434016747937,1.0,0.012270092591814347
XO TEAM,16.600521861931007,23.41686424032807,People & Blogs,XO TEAM Family,5.247024072160486,United States,People,1776.0,10.543022963647424,5.030437921392435,6.90875477931522,88.2,19.609254155938732,14.7,0,0,3,6.817437561461708,18.175117237984207,7.430707082545968,0.8245899991756934,6.172648994274951e-05
AdMe,16.600521861931007,22.22482471023655,Entertainment,Aday Cï¿½ï¿½ï¿½ï¿½ï,2.3978952727983707,Spain,Music,4228.0,1.6094379124341003,0.019802627296179712,12.206077645517674,88.9,17.667290486278546,13.96,1,0,17,5.627905490828675,19.92223961924755,0.16551443847757338,0.8056500082280477,0.012270092591814347
ExtraPolinesios,16.600521861931007,22.294612918709543,People & Blogs,Extra polinesios,1.0986122886681096,Unknown,People,-1.0,6.236369590203704,1.0986122886681096,0.6931471805599453,68.0,19.609254155938732,9.02,0,1,8,5.697451261588155,21.601465738357362,3.1354942159291497,0.8245899991756934,6.17283931565311e-08
Dyland PROS,16.59432989206649,21.14042110344388,Entertainment,Dyland PROS,7.939515260662406,Indonesia,Games,21.0,16.079250971095657,10.55843949396453,12.206077645517674,36.3,19.41468748375534,4.69,1,0,8,4.5566439861074555,13.201264133093146,12.978033317047784,0.5607236404348646,0.012345835822299337
Live,16.59432989206649,0.0,Entertainment,Live,0.0,Unknown,Entertainment,-1.0,17.975720900750336,0.0,12.206077645517674,68.0,19.609254155938732,9.02,1,1,8,0.0,0.0,0.0,0.8245899991756934,0.012345835822299337
Vlad and Niki ARA,16.59432989206649,22.724650698306654,Entertainment,Vlad and Niki ARA,6.236369590203704,United States,Entertainment,141.0,17.281590182934767,11.759793355371237,11.51293546492023,88.2,19.609254155938732,14.7,0,0,4,6.132494387089487,16.49024004137861,14.154836575818353,0.8245899991756934,0.006191970247921078
Canal IN,16.59432989206649,21.711856260505908,People & Blogs,Canal IN,6.584791392385716,Brazil,Entertainment,32.0,16.44032413961595,10.918736348043124,12.206077645517674,51.3,19.17473212136165,12.08,1,0,6,5.123499379849115,15.128447307003903,13.33924898859279,0.8620725611041735,0.012345835822299337
TWICE,16.59432989206649,22.34375780397578,Music,TWICE,7.024649030453636,Unknown,Music,-1.0,18.407798128251013,12.88639037955819,11.51293546492023,68.0,19.609254155938732,9.02,0,1,7,5.752607515669859,15.319999071170443,15.297978589609412,0.8245899991756934,0.006191970247921078
Daily Dose Of Internet,16.59432989206649,22.6508232851711,Entertainment,Daily Dose Of Internet,6.51025834052315,United States,Entertainment,140.0,19.806492491132882,14.285514812209815,12.611541086966115,88.2,19.609254155938732,14.7,0,0,8,6.058833316396682,16.14205424568653,16.705882371415992,0.8245899991756934,0.01846206283973543
FitDance,16.59432989206649,22.687045474560094,Music,Fitdance Academy,3.7376696182833684,France,Entertainment,3726.0,6.660575149839686,1.3862943611198906,1.6094379124341003,65.6,18.021096628854824,8.43,0,0,17,6.09497236137835,18.973473413468867,3.58351893845611,0.8070899970350383,2.4844717410594243e-07
Panda Shorts,16.59432989206649,22.691180110772088,Entertainment,Panda Shorts,6.504288173536645,Sweden,Sports,2.0,19.986225285431466,14.45736497045232,14.914123179965662,67.0,16.14624122204927,6.48,0,0,3,6.0990976966059165,16.188390157928644,16.888203918950687,0.8770799886013771,0.17086906306216687
Disney Junior,16.59432989206649,23.48403557035184,Entertainment,Disney Junior,8.305484017727691,United States,Entertainment,140.0,19.403249736489293,13.910821646859095,12.611541086966115,88.2,19.609254155938732,14.7,0,0,15,6.890723435722292,15.178798996614185,16.300300617622575,0.8245899991756934,0.01846206283973543
La Rosa de Guadalupe,16.59432989206649,22.989409581779437,Entertainment,larosadeguadalupe,0.0,Mexico,Games,4258.0,17.975720900750336,0.0,12.206077645517674,40.2,18.651903768245116,3.42,1,0,15,6.396748111926566,0.0,0.0,0.814408236023,0.012345835822299337
sagar kalra (Shorts),16.588099342704055,22.601757845403572,People & Blogs,sagar kalra (Shorts),6.118097198041348,Unknown,People,-1.0,18.120413151718285,12.598793556907369,12.206077645517674,68.0,19.609254155938732,9.02,0,1,6,6.0161007067329635,16.485865788995348,15.032735464016598,0.8245899991756934,0.012422519998557154
wifistudy,16.588099342704055,21.827870940773124,Education,wifistudy by Unacademy,10.861783578555313,India,Education,94.0,16.474860660840992,10.9525769086256,12.206077645517674,28.1,21.035458374912988,5.36,1,0,9,5.245059124164001,10.9661238166969,13.373746025580427,0.34471999988372515,0.012422519998557154
Antrax,16.588099342704055,21.831786511363582,Gaming,Antrax,6.5337888379333435,Mexico,Games,23.0,15.362647657057508,9.841665338892785,12.206077645517674,40.2,18.651903768245116,3.42,1,0,8,5.24895408611635,15.299452445553344,12.261512082776054,0.814408236023,0.012422519998557154
Enes Batur,16.588099342704055,23.00427945690264,Gaming,enesbatur,0.0,Unknown,Games,-1.0,17.975720900750336,0.0,2.4849066497880004,68.0,19.609254155938732,9.02,0,1,16,6.417813730930738,0.0,0.0,0.8245899991756934,6.874997636719833e-07
Totoy kids - Espaï¿½ï,16.588099342704055,22.51462507442576,Film & Animation,Totoy kids - Espaï¿½ï,5.84354441703136,Mexico,Film,23.0,18.537512224801816,13.016115801758433,12.206077645517674,40.2,18.651903768245116,3.42,0,0,6,5.92918997613351,16.673983474241908,15.43743044541957,0.814408236023,0.012422519998557154
ýýýýýýýýýý,16.58182973008354,21.335923690905098,People & Blogs,Kung Fu Padla,0.0,Russia,Games,3309.0,17.975720900750336,0.0,2.3978952727983707,81.9,18.78791449892918,4.59,0,0,6,4.76267346168251,0.0,0.0,0.7458700031137978,6.289306198331591e-07
DopeLyrics,16.58182973008354,23.022062571664204,Music,DopeLyrics,7.618742377670413,United States,Music,142.0,16.109559420793314,10.589131655274922,12.206077645517674,88.2,19.609254155938732,14.7,1,0,7,6.441827666977039,15.403811677959501,13.008524802125525,0.8245899991756934,0.01250016276423147
jeffreestar,16.58182973008354,21.682370230749893,Howto & Style,jeffreestar,6.073044534100405,United States,Howto,142.0,14.51165374600838,8.987321812850125,12.206077645517674,88.2,19.609254155938732,14.7,1,0,17,5.106615524952277,15.611632668305326,11.410903813540878,0.8245899991756934,0.01250016276423147
Lyna,16.58182973008354,22.600335104953437,Gaming,Lyna,8.498418036089904,Argentina,Games,12.0,17.975720900750336,12.454107814022272,12.206077645517674,90.0,17.62081018612713,9.79,0,0,9,6.020935785523254,14.102121630785927,14.8828732925418,0.9199100098819032,0.01250016276423147
MK MUSIC,16.58182973008354,22.942359193415847,Music,MK MUSIC,8.53817159780143,Brazil,Music,33.0,18.731014330295906,13.209643218354284,11.51293546492023,51.3,19.17473212136165,12.08,0,0,13,6.362256485273364,14.404384017660636,15.622290158130745,0.8620725611041735,0.006269613013595397
Unspeakable,16.58182973008354,22.92629216862159,Gaming,Unspeakable,6.680854678790215,United States,People,142.0,18.920819471727675,13.399390385736778,12.206077645517674,88.2,19.609254155938732,14.7,0,0,7,6.346217407149026,16.24669307059953,15.817706653068589,0.8245899991756934,0.01250016276423147
Camilo,16.58182973008354,22.640538752470974,Music,Camilo,4.890349128221754,Colombia,Music,8.0,17.908020120937923,12.386730318837426,11.51293546492023,55.3,17.734299502715732,9.71,0,0,13,6.061043773971577,17.75773684914256,14.816253093914325,0.8110400029654679,0.006269613013595397
Dear Sir,16.575520561288332,21.02284345501458,Education,Dear Sir,6.452048954437226,India,Education,95.0,16.995895045220173,11.474195031610165,12.206077645517674,28.1,21.035458374912988,5.36,0,0,7,4.458964799171174,14.572373501265211,13.935780277036862,0.34471999988372515,0.012578782206860118
Narendra Modi,16.575520561288332,21.94495644683719,News & Politics,Narendra Modi,9.936922328622366,India,News,96.0,19.04109055649762,13.519663240445231,13.45883704259595,28.1,21.035458374912988,5.36,0,0,16,5.374081896615748,12.008088569722183,15.936825661074028,0.34471999988372515,0.04335044087361381
Arif muhammad,16.575520561288332,22.13975822993763,People & Blogs,Arif muhammad,6.297109319933935,Indonesia,Comedy,22.0,18.090369503358637,12.568981617474362,11.51293546492023,36.3,19.41468748375534,4.69,0,0,6,5.568062907202796,15.844492359724743,14.973774760227412,0.5607236404348646,0.006309169193264722
Rotten Tomatoes Trailers,16.575520561288332,23.297122605371555,Film & Animation,Rotten Tomatoes Trailers,9.253591413970497,United States,Film,143.0,17.063479095888805,11.542493975902508,11.51293546492023,88.2,19.609254155938732,14.7,0,0,12,6.722805989099426,14.04362775903648,13.931337014100034,0.8245899991756934,0.006309169193264722
Volga Video,16.5691713340128,23.00439211149455,Film & Animation,Volga Video,9.733588515740731,India,Entertainment,97.0,17.75349368454943,12.232232473915767,12.206077645517674,28.1,21.035458374912988,5.36,1,0,11,6.436823610374813,13.270864580666233,14.668265359272256,0.34471999988372515,0.012658396871923468
DM - Desi Melodies,16.5691713340128,22.50060041099139,Music,DM - Desi Melodies,4.382026634673881,India,Music,97.0,18.770224327075727,13.248821563780432,12.611541086966115,28.1,21.035458374912988,5.36,0,0,6,5.934080308408462,18.13115257171325,15.66781637143535,0.34471999988372515,0.018928009885518862
MY FAMILY,16.5691713340128,22.540286149161282,Entertainment,My Family,5.017279836814924,Singapore,People,1203.0,13.7532606160304,8.24301946898925,6.68586094706836,84.8,15.556602852540376,4.11,0,0,4,5.973663024733289,17.529650879278904,10.652566005416872,1.0,5.09541158297297e-05
Team Films Bhojpuri,16.5691713340128,22.61435218233325,Music,Team Films Bhojpuri,9.888576939800373,India,Music,97.0,17.24120544375349,11.719947764402807,12.206077645517674,28.1,21.035458374912988,5.36,1,0,9,6.047547361785541,12.725828968117977,14.157539470484087,0.34471999988372515,0.012658396871923468
Zee Music Classic,16.5691713340128,22.438513397443277,Music,Zee Music Classic,7.403061091090091,India,Music,97.0,18.275076781660953,12.753618744072142,11.51293546492023,28.1,21.035458374912988,5.36,0,0,9,5.872162875926486,15.036062171512517,15.16116545998664,0.34471999988372515,0.006349227678658746
Prime Video India,16.5691713340128,22.88620164960369,Entertainment,Prime Video India,8.866581653303996,United States,Entertainment,144.0,19.629972381174944,14.077875591662238,13.997832948091215,88.2,19.609254155938732,14.7,0,0,7,6.318834048181176,14.019761845220346,16.530205368010318,0.8245899991756934,0.07365290957476542
Caeli YT,16.562781536322326,21.136563004250668,Entertainment,Caeli YT,6.182084906716632,Mexico,Entertainment,24.0,17.951492797946585,0.0,12.206077645517674,40.2,18.651903768245116,3.42,1,0,13,4.584047520054915,14.956546669424506,0.0,0.814408236023,0.012739025777429757
Kuplinov ï¿½ï¿½ï¿,16.562781536322326,22.64934193040311,Gaming,Kuplinov ï¿½ï¿½ï¿,8.798454696065095,Unknown,Games,-1.0,18.407190163905685,12.8856304067793,12.206077645517674,68.0,19.609254155938732,9.02,0,1,11,6.088831092494567,13.85103917686799,15.298024003890985,0.8245899991756934,0.012739025777429757
Linus Tech Tips,16.562781536322326,22.69350428275979,Science & Technology,Linus Tech Tips,8.78615105486974,Canada,Tech,7.0,18.295389604140446,12.773942843323274,11.51293546492023,68.9,17.42621174442237,5.56,0,0,15,6.1328954567680665,13.90750698663086,15.185497929919634,0.827976257881404,0.006389798098771011
Juliana Baltar,16.562781536322326,22.076380049392753,Entertainment,Juliana Baltar,7.61085279039525,Brazil,Entertainment,34.0,17.84474756606913,12.323415584358154,11.51293546492023,51.3,19.17473212136165,12.08,0,0,13,5.517622045220756,14.46602295259997,14.744243957782164,0.8620725611041735,0.006389798098771011
5-Minute Crafts FAMILY,16.562781536322326,22.542276869011573,People & Blogs,5-Minute Crafts FAMILY,8.353732642263202,United States,Howto,145.0,17.12539645769618,11.603688960617083,12.206077645517674,88.2,19.609254155938732,14.7,1,0,5,5.982022303976897,14.188780458583565,14.01263944316034,0.8245899991756934,0.012739025777429757
Blippi Espaï¿½ï,16.5563506464056,22.91872096383924,People & Blogs,Blippi Espaï¿½ï,6.395261598115449,Mexico,Education,24.0,18.315453563849402,12.793862088206213,11.51293546492023,40.2,18.651903768245116,3.42,0,0,6,6.364094167572755,16.525130276339418,15.209277182061793,0.814408236023,0.006430890330290426
Super Senya,16.5563506464056,22.34679809874755,Entertainment,Super Senya,0.0,Unknown,Entertainment,-1.0,17.975720900750336,0.0,12.206077645517674,68.0,19.609254155938732,9.02,1,1,6,5.793499468698397,0.0,0.0,0.8245899991756934,0.012820688429061438
Katakit Baby TV,16.5563506464056,22.577416503304924,Music,Katakit Baby TV,5.3981627015177525,Saudi Arabia,Music,4.0,18.3254245736895,12.804087380490135,12.206077645517674,68.0,17.349737969089443,5.93,0,0,13,6.0234900617928755,17.18378899124487,15.233134240410008,0.8406499981557422,0.012820688429061438
Infobells Bangla,16.5563506464056,22.77439871595325,Education,Infobells Bangla,5.886104031450156,India,Education,98.0,18.93880765433618,13.41741969316595,12.611541086966115,28.1,21.035458374912988,5.36,0,0,7,6.220039282032711,16.891076373499885,15.843171976248229,0.34471999988372515,0.019169916107720186
ýýýýýýýý ýý ýýýýýýýý,16.5563506464056,22.83531125351683,Shows,ýýýýýýýý ýý ýýýýýýýý,6.92951677076365,Saudi Arabia,Film,4.0,18.721051974925565,13.199511438088248,12.611541086966115,68.0,17.349737969089443,5.93,0,0,6,6.280834263920442,15.9067735587622,15.622963077943608,0.8406499981557422,0.019169916107720186
Henrique e Juliano,16.5563506464056,23.405623688958208,Music,Henrique e Juliano,5.786897381366708,Brazil,Music,35.0,18.913411647238664,13.391933921845155,12.206077645517674,51.3,19.17473212136165,12.08,1,0,14,6.850332771441397,17.621798528790617,15.818206170369766,0.8620725611041735,0.012820688429061438
Mr DegrEE,16.5563506464056,23.278971701112397,Science & Technology,MrDegree,0.0,United States,Entertainment,5048.0,17.975720900750336,0.0,2.3978952727983707,88.2,19.609254155938732,14.7,0,0,7,6.723823775538628,0.0,0.0,0.8245899991756934,6.451610822061249e-07
Kashvi Adlakha,16.5563506464056,23.26598073381755,Entertainment,Kashvi Adlakha,7.330405211844402,India,Entertainment,99.0,18.750868999082993,13.229424246641315,12.206077645517674,28.1,21.035458374912988,5.36,0,0,6,6.710848524260867,15.936231164642557,15.653294624673366,0.34471999988372515,0.012820688429061438
Talking Tom & Friends,16.5563506464056,22.578946402682174,Entertainment,Talking Tom & Friends,6.035481432524756,United States,Film,146.0,17.12514078263062,11.603688960617083,12.206077645517674,88.2,19.609254155938732,14.7,1,0,13,6.025016259796065,16.545860245923514,14.01263944316034,0.8245899991756934,0.012820688429061438
ýýýýýýýý ýýýýýýýýýýýýýý ýýýý 5 ýýýýýýýýýý,16.5563506464056,22.227304725647926,Howto & Style,ýýýýýýýý ýýýýýýýýýýýýýý ýýýý 5 ýýýýýýýýýý,8.55333223803211,Egypt,Howto,1.0,17.309469450088102,11.788289480716973,11.51293546492023,35.2,18.424553973305866,10.76,0,0,6,5.6743928016555865,13.674166559057456,14.221842623489565,0.42730000405526264,0.006430890330290426
Harsh Beniwal,16.54987813231892,21.300567728767664,Comedy,Harsh Beniwal,5.111987788356544,India,Comedy,100.0,17.146392801472945,11.625369830810577,11.51293546492023,28.1,21.035458374912988,5.36,0,0,8,4.7592982310508365,16.194622346938495,14.01116039726955,0.34471999988372515,0.006472514505617462
FFUNTV,16.54987813231892,23.16680684689637,Gaming,FFUNTV,5.940171252720432,United Arab Emirates,Entertainment,6.0,18.199684897168797,12.678264503855369,12.206077645517674,36.8,16.094881270244645,2.35,0,0,5,6.618265418227213,17.229270674644287,15.085130924464359,0.8678899576471243,0.012903404835907888
Mobile Legends: Bang Bang,16.54987813231892,21.15738842407425,Gaming,Mobile Legends: Bang Bang,7.4073177104694174,United States,Games,147.0,17.829530446375234,12.308182383129823,11.51293546492023,88.2,19.609254155938732,14.7,0,0,7,4.617437543717123,13.750678760228887,14.745270570433881,0.8245899991756934,0.006472514505617462
Roman Atwood Vlogs,16.54987813231892,22.42238062917574,People & Blogs,Roman Atwood Vlogs,7.471363088187097,United States,People,147.0,14.27483297057489,8.748463629942055,12.206077645517674,88.2,19.609254155938732,14.7,1,0,10,5.875314422372378,14.951587175874145,11.174665631549477,0.8245899991756934,0.012903404835907888
Mrwhosetheboss,16.54987813231892,22.041300088668624,Science & Technology,Mrwhosetheboss,7.363913501405819,United Kingdom,Tech,24.0,18.937669343508905,13.416227799687384,12.899222326086994,60.0,18.0177285657893,3.85,0,0,12,5.495535527401702,14.678020923539137,15.830000293115896,0.8365199929587164,0.025642430613337645
Genierock,16.54987813231892,23.401830302016343,Music,Genierock,7.453561871643373,Thailand,Music,11.0,18.231914476551975,12.710480720812354,11.51293546492023,49.3,18.05864262960575,0.75,0,0,15,6.853009065325896,15.94884809092356,15.137693240169822,0.506919999605892,0.006472514505617462
zayn,16.54987813231892,22.314476222558035,Music,zayn,3.091042453358316,United States,Music,147.0,17.420736654262257,11.899554278732099,11.51293546492023,88.2,19.609254155938732,14.7,0,0,7,5.767729901489092,19.26995378890819,14.340002964349965,0.8245899991756934,0.006472514505617462
Kerajinan 5-Menit,16.54987813231892,22.281498887293235,People & Blogs,Kerajinan 5-Menit,8.339739766019143,Indonesia,Howto,23.0,16.79815764262817,11.277215789596893,12.206077645517674,36.3,19.41468748375534,4.69,1,0,5,5.734857394903711,13.941998865261624,13.697065928502965,0.5607236404348646,0.012903404835907888
FC Barcelona,16.54336345172214,21.700285921529,Sports,FC Barcelona,9.304650051446924,Spain,Sports,11.0,18.256595894924672,12.73523217148465,12.206077645517674,88.9,17.667290486278546,13.96,0,0,17,5.1626654096552365,12.395731010154462,15.16238844677131,0.8056500082280477,0.012987195526811157
Dave and Ava - Nursery Rhymes and Baby Songs,16.54336345172214,23.094830724661907,Education,Dave and Ava - Nursery Rhymes and Baby Songs,6.747586526829315,United States,Education,148.0,18.160004067706506,12.638507446509221,12.206077645517674,88.2,19.609254155938732,14.7,1,0,9,6.552894338230771,16.348418675422902,15.0593195590715,0.8245899991756934,0.012987195526811157
LOKESH GAMER,16.54336345172214,21.218009672771856,Gaming,LOKESH GAMER,7.242797922793756,India,Games,101.0,15.593847175779093,10.073272520325904,12.206077645517674,28.1,21.035458374912988,5.36,1,0,6,4.683931865350321,13.975928164693533,12.49275797139508,0.34471999988372515,0.012987195526811157
ILYA BORZOV,16.54336345172214,23.019713278634626,People & Blogs,ILYA BORZOV,7.685243607975833,Russia,People,8.0,19.98001413092254,14.45736497045232,13.592368256649284,81.9,18.78791449892918,4.59,0,0,2,6.477888127963652,15.334929553850246,16.87890152672105,0.7458700031137978,0.05096644359202753
Mazhavil Manorama,16.54336345172214,23.529408170873193,Entertainment,Mazhavil Manorama,11.383556824628947,India,Entertainment,100.0,19.705725574944314,14.151983508870947,12.611541086966115,28.1,21.035458374912988,5.36,0,0,12,6.986969053864532,12.145868037627817,16.60667572712668,0.34471999988372515,0.019418085857101582
Pokï¿½ï¿½ï¿½ï¿½ï¿½ï¿½ï¿½ï¿½ï¿½,16.536806051605975,20.569794926856677,People & Blogs,Pokï¿½ï¿½ï¿½ï¿½ï¿½ï¿½ï¿½ï¿½ï¿½,5.272999558563747,India,Film,100.0,17.995726974555534,12.474193386571581,14.077875591662238,28.1,21.035458374912988,5.36,0,0,6,4.05055503158327,15.301936992806981,14.881565563436624,0.34471999988372515,0.08206495305430422
The MriDul,16.536806051605975,22.2282052789438,Comedy,The MriDul,4.672828834461906,India,Comedy,102.0,18.4038295670383,12.882330501005024,12.206077645517674,28.1,21.035458374912988,5.36,0,0,8,5.694768478057458,17.564766208144963,15.298251044367147,0.34471999988372515,0.01307208156735277
Niana Guerrero,16.536806051605975,21.12301660661062,Entertainment,Niana Guerrero,6.095824562432225,Philippines,Entertainment,6.0,16.116093748488044,10.594156665220533,12.206077645517674,35.5,18.49872098032555,2.15,1,0,10,4.596350442326351,15.029447132920753,13.015003085748925,0.47149000179112155,0.01307208156735277
SRK MUSIC,16.536806051605975,22.578262924786408,Music,SRK MUSIC,8.528528701079983,India,Music,102.0,17.87265504816207,12.351042741030522,12.206077645517674,28.1,21.035458374912988,5.36,0,0,11,6.043832207282871,14.04993277983133,14.781201172853446,0.34471999988372515,0.01307208156735277
Sony LIV,16.536806051605975,22.690613620203056,Entertainment,Sony LIV,9.314700387300425,India,Entertainment,102.0,19.166937323533066,13.645434912981976,12.611541086966115,28.1,21.035458374912988,5.36,0,0,9,6.155930752533077,13.376004878852326,16.06335441926071,0.34471999988372515,0.01954459607297023
T-Series Hamaar Bhojpuri,16.536806051605975,22.746752267600524,Entertainment,T-Series Hamaar Bhojpuri,9.196545660953994,India,Music,101.0,18.478742092801557,12.95725521638489,12.206077645517674,28.1,21.035458374912988,5.36,0,0,12,6.211953611017399,13.550309304378432,15.380390547647293,0.34471999988372515,0.01307208156735277
Oyuncak Avï¿,16.536806051605975,22.843535907445155,Entertainment,Oyuncak Avï¿,6.484635235635252,Turkey,Entertainment,5.0,15.303232937600857,9.781376414141157,12.206077645517674,23.9,18.239513912206753,13.49,1,0,9,6.3085522481440846,16.36042863434744,12.202069644200355,0.7563000021035696,0.01307208156735277
CNN,16.536806051605975,23.376377799864336,News & Politics,CNN,11.985463380198736,United States,News,148.0,19.04665126521305,13.525159593854116,11.51293546492023,88.2,19.609254155938732,14.7,0,0,18,6.840641803035955,11.390931951326921,15.948374494637548,0.8245899991756934,0.006557400546159074
NDTV India,16.536806051605975,22.61399063957672,News & Politics,NDTV India,11.426332182385133,India,News,101.0,17.72075063123171,12.19905306582726,11.51293546492023,28.1,21.035458374912988,5.36,0,0,15,6.07947665271098,11.187683205386548,14.626885564135772,0.34471999988372515,0.006557400546159074
It's Mamix,16.530205368010318,21.29823317763359,People & Blogs,It's Mamix,5.351858133476067,United States,People,150.0,16.587098842433033,11.065090289695444,12.206077645517674,88.2,19.609254155938732,14.7,1,0,6,4.7764890989881374,15.951125764525274,13.485896152572396,0.8245899991756934,0.013158084577511135
Kim Loaiza,16.530205368010318,21.178557452669505,Music,Kim Loaiza,2.9444389791664403,Unknown,Music,-1.0,17.07564352106397,11.554077005184336,11.51293546492023,68.0,19.609254155938732,9.02,0,1,4,4.657883948979277,18.28818570555581,14.015836557662029,0.8245899991756934,0.00660068403135206
Daftar Populer,16.530205368010318,21.48553829975995,Education,Daftar Populer,8.24564690087386,Indonesia,Entertainment,24.0,16.662220703160173,11.140425970684525,11.51293546492023,36.3,19.41468748375534,4.69,0,0,6,4.962354025980173,13.240155608935607,13.561135593875086,0.5607236404348646,0.00660068403135206
Musas,16.530205368010318,21.598750225427832,Howto & Style,Jordi Sala,5.075173815233827,Andorra,People,504.0,4.465908118654584,0.29266961396282,12.206077645517674,64.28,11.300437441343993,1.55,1,0,17,5.074816782134233,16.5298460890399,1.556037135706985,0.8777456218462452,0.013158084577511135
Ranz Kyle,16.530205368010318,21.28865429377844,People & Blogs,Ranz Kyle,6.280395838960195,Philippines,Entertainment,7.0,16.331269752036587,10.809748150372926,12.206077645517674,35.5,18.49872098032555,2.15,1,0,15,4.766991306775977,15.010133171862712,13.230142765230664,0.47149000179112155,0.013158084577511135
PowerfulJRE,16.530205368010318,21.84174704090968,People & Blogs,PowerfulJRE,6.945051063725834,United States,People,149.0,17.586177373880354,12.06451484156046,12.206077645517674,88.2,19.609254155938732,14.7,0,0,10,5.316463918399498,14.897660171219746,14.493443080383363,0.8245899991756934,0.013158084577511135
Mariale,16.530205368010318,21.739057141742244,Howto & Style,Mariale,7.870547844507712,United States,Entertainment,150.0,16.296743886025975,10.774801838762809,12.206077645517674,88.2,19.609254155938732,14.7,1,0,13,5.214304892804775,13.868892142928924,13.195615697878253,0.8245899991756934,0.013158084577511135
Makiman131,16.530205368010318,22.166893796754934,Gaming,Makiman131,8.005700678662542,Spain,Entertainment,12.0,15.602592605089296,10.081675578048475,12.206077645517674,88.9,17.667290486278546,13.96,1,0,10,5.640246809666127,14.161527436702995,12.501354516219285,0.8056500082280477,0.013158084577511135
Hongyu ASMR ï¿½ï¿½,16.530205368010318,22.326239771617676,People & Blogs,Hongyu ASMR ï¿½ï¿½ï,0.6931471805599453,Unknown,People,-1.0,17.975720900750336,0.0,12.206077645517674,68.0,19.609254155938732,9.02,1,1,2,5.799069443876091,22.326239771617676,0.0,0.8245899991756934,0.013158084577511135
Mohamed Ramadan I ï¿½ï¿½ï¿½ï¿½ï¿½ï¿½ï,16.530205368010318,22.39566237019507,People & Blogs,Mohamed Ramadan I ï¿½ï¿½ï¿½ï¿½ï¿½ï¿½ï,6.625392368007956,Egypt,Entertainment,2.0,17.645455474067624,12.123782831670258,11.51293546492023,35.2,18.424553973305866,10.76,0,0,9,5.868288781762957,15.771597283618107,14.5390904306574,0.42730000405526264,0.00660068403135206
EdisonPts,16.530205368010318,22.62066196225202,Gaming,EdisonPts,8.225235324101668,Russia,Games,10.0,18.375714768742323,12.854225075218725,11.51293546492023,81.9,18.78791449892918,4.59,0,0,10,6.092718475112866,14.395695042982714,15.277190877836452,0.7458700031137978,0.00660068403135206
BIGBANG,16.530205368010318,22.784718007190076,Music,BIGBANG,6.655440350367647,South Korea,Music,13.0,17.52433971189203,12.002737848944351,12.206077645517674,94.3,17.761144320124682,4.15,1,0,18,6.256432623247586,16.130565585640344,14.445505456113612,0.8143000096424038,0.013158084577511135
Rubï¿½ï¿½ï¿½ï¿½ï¿½ï¿½,16.530205368010318,22.97213589381793,Comedy,Rubï¿½ï¿½ï¿½ï¿½ï¿½ï¿½,6.826545223556594,Argentina,Comedy,13.0,20.05450488253311,14.508658238524095,13.45883704259595,90.0,17.62081018612713,9.79,0,0,7,6.443522651571386,16.146675954639537,16.955343218782065,0.9199100098819032,0.045315196212042476
ABS-CBN News,16.530205368010318,23.073627949909728,News & Politics,ABS-CBN News,12.252579251984255,Philippines,News,7.0,19.017559291037976,13.496132775041344,11.51293546492023,35.5,18.49872098032555,2.15,0,0,14,6.544861165840593,10.821073444945842,15.91415417900041,0.47149000179112155,0.00660068403135206
Chapitosiki,16.530205368010318,23.355005896519376,Entertainment,Chapitosiki,7.907651594711089,Russia,Entertainment,9.0,20.385705610078396,14.88022163978423,13.45883704259595,81.9,18.78791449892918,4.59,0,0,3,6.825886497428671,15.447722482517765,17.284366619252893,0.7458700031137978,0.045315196212042476
AdeleVEVO,16.530205368010318,23.242080223329854,Music,AdeleVEVO,3.970291913552122,United Kingdom,Music,25.0,18.255216316024242,12.733758336210744,11.51293546492023,60.0,18.0177285657893,3.85,0,0,14,6.713090563637442,19.290836508856735,15.162466458998985,0.8365199929587164,0.00660068403135206
MoreAliA,16.52356082573315,22.19399946898368,Gaming,MoreAliA,7.751475318021456,United Kingdom,Games,25.0,19.340943580563064,13.815511557963774,13.304686600863562,60.0,18.0177285657893,3.85,0,0,10,5.673879137618248,14.442954884736935,16.235612073298753,0.8365199929587164,0.039220713153281295
Chetan Monga Vlogs,16.52356082573315,23.018232300646133,People & Blogs,Chetan Monga Vlogs,6.802394763324311,India,People,104.0,18.547947563802165,13.026515252933715,12.899222326086994,28.1,21.035458374912988,5.36,0,0,9,6.496181871942901,16.216949356661274,15.45631166316524,0.34471999988372515,0.02631730831737341
Little Angel - Mï¿½ï¿½ï¿½ï¿½ï¿½ï¿½ï¿½ï¿½ï¿½ï¿½,16.52356082573315,22.90905929348544,Entertainment,Little Angel - Mï¿½ï¿½ï¿½ï¿½ï¿½ï¿½ï¿½ï¿½ï¿½ï¿½ï¿½,6.679599185844383,Brazil,Education,36.0,18.795535437268285,13.274055609151619,12.206077645517674,51.3,19.17473212136165,12.08,1,0,5,6.387182942736906,16.230717268067593,15.697049943238536,0.8620725611041735,0.01324522675002064
League of Legends,16.52356082573315,22.691741036727514,Gaming,League of Legends,7.217443431696533,United States,Games,151.0,17.57979894654194,12.058158312538197,12.206077645517674,88.2,19.609254155938732,14.7,1,0,14,6.1702731309093375,15.475031740108449,14.49384913033004,0.8245899991756934,0.01324522675002064
TheRichest,16.52356082573315,21.72788938149602,Education,Therichest,0.0,United States,Games,7692.0,17.975720900750336,0.0,12.206077645517674,88.2,19.609254155938732,14.7,1,0,17,5.209806328901999,0.0,0.0,0.8245899991756934,0.01324522675002064
XpressTV,16.52356082573315,22.11175824908124,Entertainment,XpressTV,6.586171654854675,Mexico,Entertainment,26.0,17.338335457264066,11.816734299348461,11.51293546492023,40.2,18.651903768245116,3.42,0,0,9,5.591932273133209,15.526967037048648,14.21990909749033,0.814408236023,0.006644542718668579
PlayStation,16.52356082573315,22.279605547337194,Gaming,PlayStation,9.918031277976969,United States,Games,151.0,17.548143728897877,12.026951960476097,11.51293546492023,88.2,19.609254155938732,14.7,0,0,18,5.759203394000499,12.361627828148078,14.443906394741516,0.8245899991756934,0.006644542718668579
Kwebbelkop,16.52356082573315,22.653235945466186,Gaming,Kwebbelkop,8.556221578383715,United States,Film,151.0,17.207465391902343,11.686046493072437,11.51293546492023,88.2,19.609254155938732,14.7,0,0,15,6.131850107456793,14.097207484622201,14.086148958699395,0.8245899991756934,0.006644542718668579
Republic Bharat,16.52356082573315,22.742969723666512,News & Politics,Gyani Beast,5.332718793265369,India,News,2573.0,6.906754778648554,1.6094379124341003,12.206077645517674,28.1,21.035458374912988,5.36,1,0,5,6.2213974074828995,17.415093582079354,3.828641396489095,0.34471999988372515,0.01324522675002064
THE BROWN SIBLINGS,16.52356082573315,22.88181350827055,Entertainment,THE BROWN SIBLINGS,6.873163834212518,India,Entertainment,103.0,18.44397727027253,12.922450394805269,12.206077645517674,28.1,21.035458374912988,5.36,0,0,7,6.359983641220862,16.009685518266554,15.340022408536111,0.34471999988372515,0.01324522675002064
Sony Music South,16.52356082573315,23.023722081650067,Music,Sony Music South,7.910957382845589,India,Music,103.0,19.30521245900709,13.783711277725288,12.611541086966115,28.1,21.035458374912988,5.36,0,0,9,6.501663390488179,15.113131742474282,16.201830089645632,0.34471999988372515,0.019802627296179712
BigSchool,16.52356082573315,23.02546416185532,Gaming,Big School,4.23410650459726,Unknown,Film,-1.0,17.975720900750336,0.0,12.206077645517674,68.0,19.609254155938732,9.02,1,1,3,6.503402858207759,18.805956463381808,0.0,0.8245899991756934,0.01324522675002064
Ray William Johnson,16.52356082573315,23.049551497739024,Entertainment,Ray William Johnson,7.4977617006225685,United States,Comedy,151.0,19.56125997463812,14.077875591662238,12.206077645517674,88.2,19.609254155938732,14.7,0,0,15,6.527454533831176,15.552344450515063,16.458944083763846,0.8245899991756934,0.01324522675002064
KOMPASTV,16.52356082573315,23.19367717058368,News & Politics,KOMPASTV,12.502656231691926,Indonesia,News,25.0,18.54346459687467,13.022103166385445,11.51293546492023,36.3,19.41468748375534,4.69,0,0,10,6.671383858985032,10.691047403520122,15.437035329130719,0.5607236404348646,0.006644542718668579
ISSEI / ï¿½ï¿½ï¿½ï¿½,16.52356082573315,23.330600561178557,Comedy,ISSEI / ï¿½ï¿½ï¿½ï¿½,7.489412083508719,Japan,Comedy,5.0,19.458735912067446,13.910821646859095,13.710151153416941,63.2,18.653589016816195,2.29,0,0,9,6.808145152838323,15.841747737202018,16.36126933309958,0.9172586867766221,0.058268908123975775
Zï¿½ï¿½ï¿½ï¿½ï¿½ï¿½ï,16.52356082573315,23.166195540183892,Music,Zï¿½ï¿½ï¿½ï¿½ï¿½ï¿½ï,5.831882477283517,Brazil,Music,36.0,19.024291549669705,13.50285386649538,12.206077645517674,51.3,19.17473212136165,12.08,1,0,11,6.643937520143303,17.337249952034774,15.925893562075206,0.8620725611041735,0.01324522675002064
A2 Motivation by Arvind Arora,16.52356082573315,22.912910448904423,Entertainment,A2 Motivation by Arvind Arora,8.06117135969092,India,Entertainment,104.0,18.688652342511713,13.167147432585944,12.206077645517674,28.1,21.035458374912988,5.36,0,0,6,6.391027629141531,14.852055050536373,15.591784238924614,0.34471999988372515,0.01324522675002064
50 Cent,16.51687183802978,23.032727278074944,Music,50 Cent,6.040254711277414,United States,Music,152.0,18.60143441392057,13.079875412592552,11.51293546492023,88.2,19.609254155938732,14.7,0,0,16,6.517334202638087,16.994856399666357,15.509400090671063,0.8245899991756934,0.006688988150796609
MNCTV OFFICIAL,16.51687183802978,22.811947182238473,Entertainment,MNCTV OFFICIAL,11.102894951239133,Indonesia,Entertainment,26.0,17.590131856468908,12.068538968726306,11.51293546492023,36.3,19.41468748375534,4.69,0,0,11,6.29691908072153,11.709075518549422,14.493189215414807,0.5607236404348646,0.006688988150796609
ERB,16.51687183802978,22.11787557132222,Entertainment,ERB,4.465908118654584,United States,Entertainment,152.0,16.217307391584367,10.69650269224425,12.206077645517674,88.2,19.609254155938732,14.7,1,0,17,5.604691147193647,17.663528296142744,13.116347317149176,0.8245899991756934,0.013333530869465187
melanie martinez,16.51687183802978,22.20377531123123,Music,melanie martinez,4.852030263919617,United States,Music,152.0,17.84723477594842,12.325636317135203,11.51293546492023,88.2,19.609254155938732,14.7,0,0,16,5.690287880703416,17.35958825344038,14.744085923787932,0.8245899991756934,0.006688988150796609
iTownGamePlay *Terror&Diversiï¿½ï,16.51687183802978,22.328150306175168,Entertainment,iTownGamePlay *Terror&Diversiï¿½ï,9.038483865029992,Spain,Games,13.0,16.44430115024654,10.922352923113982,11.51293546492023,88.9,17.667290486278546,13.96,0,0,11,5.814267663361704,13.289786890421935,13.34326601975652,0.8056500082280477,0.006688988150796609
ýýýýýýýýýýýý8 : Thai Ch8,16.51687183802978,22.437022366550565,Entertainment,ýýýýýýýýýýýý8 : Thai Ch8,10.237993571703798,Thailand,Entertainment,12.0,17.71861392139696,12.197036946273975,11.51293546492023,49.3,18.05864262960575,0.75,0,0,12,5.922831793656653,12.199069615034432,14.62701882929677,0.506919999605892,0.006688988150796609
ZutiGang,16.51687183802978,23.490422393905902,People & Blogs,ZutiGang,7.218176838403408,Unknown,People,-1.0,19.66383484046228,14.151983508870947,12.899222326086994,68.0,19.609254155938732,9.02,0,1,2,6.974486507319672,16.27297904779804,16.562781536322326,0.8245899991756934,0.02649161544697632
ýýýýýý,16.51687183802978,12.992480179161655,People & Blogs,ýýýýýý,0.6931471805599453,Russia,News,10.0,8.948715833843691,3.4657359027997265,12.206077645517674,81.9,18.78791449892918,4.59,1,0,15,0.02904378073736585,12.992480179161655,5.849324779946859,0.7458700031137978,0.013333530869465187
TazerCraft,16.51687183802978,22.507697456276833,Gaming,TazerCraft,8.337109129562474,Brazil,Games,37.0,17.498749157329545,11.977294499661248,11.51293546492023,51.3,19.17473212136165,12.08,0,0,12,5.993324159071445,14.170828519774764,14.392517664966157,0.8620725611041735,0.006688988150796609
Bayashi TV,16.51687183802978,22.876842535571175,Entertainment,ýýýýýýýýýýýýýýýýýýBAYASHITV,4.543294782270004,Japan,Autos,3508.0,7.815207062189088,2.3978952727983707,2.302585092994046,63.2,18.653589016816195,2.29,0,0,11,6.361698688090725,18.3442430530962,4.727387818712341,0.9172586867766221,6.040266632134421e-07
Fueled By Ramen,16.51013780630191,23.315270326170943,Music,Fueled By Ramen,7.099201743553092,United States,Entertainment,153.0,17.929739459830284,12.408200914579284,12.206077645517674,88.2,19.609254155938732,14.7,1,0,17,6.8062400471465745,16.216894778097757,14.814818400356002,0.8245899991756934,0.013423020332140687
CrashCourse,16.51013780630191,21.329503290441107,Education,CrashCourse,7.301147805856032,United States,Education,153.0,15.786392165746182,10.264687244346277,12.206077645517674,88.2,19.609254155938732,14.7,1,0,17,4.827405054304658,14.029031283363654,12.685410698175232,0.8245899991756934,0.013423020332140687
MattyBRaps,16.51013780630191,22.00074282128742,Music,MattyBRaps,5.278114659230518,United States,Music,153.0,16.950134873900982,11.428467189677395,12.206077645517674,88.2,19.609254155938732,14.7,1,0,13,5.494721943604032,16.72774331679917,13.846137721343602,0.8245899991756934,0.013423020332140687
Lachlan,16.51013780630191,22.385117708428783,Gaming,Lachlan,8.251924713801357,Australia,Games,7.0,16.86345575042154,11.342149006315793,12.206077645517674,113.1,17.06458987042364,5.27,1,0,10,5.877784882512251,14.13345451227724,13.75022615872878,0.8477933355985393,0.013423020332140687
ýýýýýýýý ýýýýýýýý,16.51013780630191,22.67174626044312,Howto & Style,ýýýýýýýý ýýýýýýýý,7.778211474512493,Ukraine,Howto,3.0,17.668144449271924,12.146858590895919,12.206077645517674,82.7,17.608415647179292,8.88,1,0,8,6.163715159443596,14.893953974086402,14.584970884636501,0.6947300060121453,0.013423020332140687
Meghan Trainor,16.51013780630191,22.88074465626853,People & Blogs,Meghan Trainor,5.455321115357702,United States,Music,153.0,17.75990396278583,12.238544675927017,12.206077645517674,88.2,19.609254155938732,14.7,1,0,15,6.372316575521509,17.429706229525795,14.667839029297488,0.8245899991756934,0.013423020332140687
Jorge & Mateus Oficial,16.51013780630191,22.928970221761826,Music,Jorge & Mateus Oficial,5.765191102784844,Brazil,Music,38.0,18.29421009124658,12.77280873810987,12.206077645517674,51.3,19.17473212136165,12.08,1,0,15,6.420461713828767,17.166918873906454,15.185574160064577,0.8620725611041735,0.013423020332140687
Major Lazer Official,16.51013780630191,22.96221135151279,Music,MajorLazerOfficial,0.0,Unknown,Entertainment,-1.0,17.975720900750336,0.0,12.206077645517674,68.0,19.609254155938732,9.02,1,1,10,6.453649618295952,0.0,0.0,0.8245899991756934,0.013423020332140687
Beast Philanthropy,16.51013780630191,19.423803226017558,People & Blogs,Beast Philanthropy,3.5553480614894135,Germany,Games,2600.0,10.542284138345991,5.030437921392435,8.183397369998433,70.2,18.23594988712457,3.04,0,0,8,2.9665201531370333,15.897442822423125,7.430707082545968,0.7737600053620233,0.0002418626407651889
Filaretiki,16.51013780630191,23.482529202349177,Entertainment,Filaretiki,7.706612913964197,United States,People,152.0,20.908084274770207,15.38412668421143,14.346139397261565,88.2,19.609254155938732,14.7,0,0,2,6.973328432903585,15.776366372824196,17.80819148486006,0.8245899991756934,0.10873320013646555
5-Minute Crafts Recycle,16.51013780630191,22.905491025783444,People & Blogs,5-Minute Crafts Recycle,8.260492856573185,United States,Howto,153.0,17.789211766467737,12.267642702634728,12.206077645517674,88.2,19.609254155938732,14.7,1,0,4,6.3970211912293005,14.645257170223243,14.707713904061356,0.8245899991756934,0.013423020332140687
ýýýýýýýýýý ýýýýýýýýýýýý,16.503358119776173,21.5257094950935,Entertainment,ýýýýýýýýýý ýýýýýýýýýýýý,7.234177179749849,Saudi Arabia,Entertainment,5.0,14.806538007147626,9.287394001418473,12.206077645517674,68.0,17.349737969089443,5.93,1,0,7,5.028918845010654,14.29225469682537,11.705205603408396,0.8406499981557422,0.013513719166722839
Maha Fun Tv,16.503358119776173,21.001942853564284,Entertainment,Maha Fun Tv,4.454347296253507,United States,Entertainment,154.0,15.380160496769482,9.857495968685136,12.206077645517674,88.2,19.609254155938732,14.7,1,0,6,4.509648105503111,16.559291660643847,12.279327754099118,0.8245899991756934,0.013513719166722839
Canal Nostalgia,16.503358119776173,21.13325164062825,Entertainment,Canal Nostalgia TV,6.318968113746434,Spain,Entertainment,1549.0,12.33015137719332,6.810142450115136,6.398594934535208,88.9,17.667290486278546,13.96,0,0,13,4.6396021048627025,14.816087320884694,9.232297539328226,0.8056500082280477,4.081549356702212e-05
The Slow Mo Guys,16.503358119776173,21.62564982597301,Entertainment,The Slow Mo Guys,5.762051382780177,United States,Education,154.0,16.75879102420843,11.237185138527495,12.206077645517674,88.2,19.609254155938732,14.7,1,0,13,5.1282364122744335,15.866748180265814,13.657804732756642,0.8245899991756934,0.013513719166722839
StudyIQ IAS,16.503358119776173,22.116847001709804,Education,StudyIQ IAS,10.682009354665388,India,Education,106.0,18.126081482817384,12.604516495526891,12.206077645517674,28.1,21.035458374912988,5.36,0,0,8,5.617130629069464,11.434871413135458,15.032380140181083,0.34471999988372515,0.013513719166722839
Chad Wild Clay,16.503358119776173,22.633102519149052,Comedy,Chad Wild Clay,6.54965074223381,United States,Entertainment,154.0,17.408374611163925,11.887250721636997,11.51293546492023,88.2,19.609254155938732,14.7,0,0,17,6.13191923794246,16.084883519615563,14.279873935855239,0.8245899991756934,0.006779686985378761
CollegeHumor,16.503358119776173,22.705073618724317,Comedy,CollegeHumor,8.375860015299594,United States,Comedy,154.0,17.833387975063527,0.0,12.206077645517674,88.2,19.609254155938732,14.7,1,0,17,6.203739469361578,14.329444589630077,0.0,0.8245899991756934,0.013513719166722839
Netflix Jr.,16.503358119776173,22.907328586976263,Education,Netflix Jr.,7.599401333415815,United States,Education,154.0,18.190034127411145,12.66855115696477,11.51293546492023,88.2,19.609254155938732,14.7,0,0,11,6.405624140237552,15.308428354708315,15.085776873780924,0.8245899991756934,0.006779686985378761
Colors Rishtey,16.503358119776173,23.237919906299858,Entertainment,Colors Rishtey,10.064372648053766,India,Entertainment,105.0,19.66657158480501,14.151983508870947,12.899222326086994,28.1,21.035458374912988,5.36,0,0,10,6.735750244138368,13.17359172869121,16.5691713340128,0.34471999988372515,0.026847250036188028
ABC News,16.503358119776173,23.285262335392396,News & Politics,ABC News,11.300115834295553,United States,News,154.0,19.039691495799858,13.518183454717185,11.51293546492023,88.2,19.609254155938732,14.7,0,0,17,6.783037754113398,11.985165108647323,15.93692155557864,0.8245899991756934,0.006779686985378761
Camila Loures,16.503358119776173,22.267628195319904,Music,Camila Loures,8.288785810426928,Brazil,Entertainment,39.0,17.528472706999292,12.007017865994577,11.51293546492023,51.3,19.17473212136165,12.08,0,0,9,5.767402915686151,13.979094584788047,14.44523912339109,0.8620725611041735,0.006779686985378761
Doc Tops,16.496532155171714,21.683840384349956,Entertainment,Doc Tops,6.19644412779452,Ecuador,Entertainment,1.0,16.61334058369945,11.091346218718432,11.51293546492023,44.9,16.670465996814066,3.97,0,0,9,5.192879772957834,15.489435180372341,13.512242316449386,0.6398599788576524,0.006825965070399863
Auron,16.496532155171714,21.92836048806685,People & Blogs,Auron,6.8690144506657065,Spain,Games,14.0,17.919277275275647,12.397936033911247,12.206077645517674,88.9,17.667290486278546,13.96,1,0,10,5.436193947277809,15.060386366773606,14.815517610755176,0.8056500082280477,0.013605652055778624
Jesser,16.496532155171714,22.005187030375566,Gaming,Jesser,7.126890808898808,United States,Entertainment,155.0,18.343734913500555,12.822341481534535,12.899222326086994,88.2,19.609254155938732,14.7,0,0,11,5.512698311267479,14.87910010201342,15.231897801980214,0.8245899991756934,0.02702867238791931
Planeta das Gï¿½ï¿½,16.496532155171714,22.254219118691054,People & Blogs,Planeta das Gï¿½ï¿½,6.858565034791365,Brazil,Entertainment,40.0,16.171352112072437,10.650199196425806,12.206077645517674,51.3,19.17473212136165,12.08,1,0,8,5.760840462956464,15.396705261658521,13.070440411130829,0.8620725611041735,0.013605652055778624
PrestonPlayz,16.496532155171714,22.475356642492994,Gaming,Preston,8.296546520300614,United States,Entertainment,78.0,18.83739567484187,13.31595617444461,12.206077645517674,88.2,19.609254155938732,14.7,0,0,11,5.981353156567933,14.179060224881514,15.739014553488333,0.8245899991756934,0.013605652055778624
Martin Garrix,16.496532155171714,22.518009548224725,Music,Martin Garrix,5.902633333401366,United States,Music,155.0,17.385831704100887,11.864293351358109,12.206077645517674,88.2,19.609254155938732,14.7,1,0,12,6.023900605695644,16.618112255128125,14.28138128351701,0.8245899991756934,0.013605652055778624
O Reino Infantil,16.496532155171714,23.13759821531489,Music,O Reino Infantil,7.095893221097532,Brazil,Music,40.0,18.514762906415584,12.993395271417636,11.51293546492023,51.3,19.17473212136165,12.08,0,0,9,6.642370911474629,16.042533945787316,15.419011078922653,0.8620725611041735,0.006825965070399863
Fifth Harmony,16.496532155171714,22.796723124516568,Music,Fifth Harmony,4.219507705176107,United States,Music,155.0,17.443365336813564,11.921725007667265,12.206077645517674,88.2,19.609254155938732,14.7,1,0,10,6.302025308415764,18.59203051342512,14.338522229326983,0.8245899991756934,0.013605652055778624
Mis Pastelitos,16.496532155171714,21.73519497366225,Howto & Style,Mis Pastelitos,6.403574197934815,Mexico,Music,27.0,17.740982736449244,12.219487265827034,11.51293546492023,40.2,18.651903768245116,3.42,0,0,9,5.243956200900741,15.333277995772292,14.625551934835478,0.814408236023,0.006825965070399863
Noman Official,16.496532155171714,22.432689119250767,Comedy,Noman Official,6.329720905522696,India,Film,106.0,18.750818682628786,13.229424246641315,13.122365377402328,28.1,21.035458374912988,5.36,0,0,4,5.938795711928396,16.104752436683867,15.653310541521206,0.34471999988372515,0.03367321510658789
LEGENDA FUNK,16.489659276356317,21.61555813213434,Music,LegendaFUNK,0.0,Brazil,Music,-1.0,17.975720900750336,0.0,12.206077645517674,51.3,19.17473212136165,12.08,1,1,10,5.131822221479749,0.0,0.0,0.8620725611041735,0.0136988443581619
Like Nastya Stories,16.489659276356317,22.66128314532325,Entertainment,Like Nastya Stories,6.173786103901937,United States,Entertainment,156.0,17.2147393699306,11.693587311874056,12.206077645517674,88.2,19.609254155938732,14.7,1,0,4,6.173709603993134,16.489582616739145,14.085691118521876,0.8245899991756934,0.0136988443581619
les boys tv2,16.489659276356317,22.244373555716162,Entertainment,les boys tv2,6.118097198041348,United States,Film,156.0,13.016062419669446,7.496097345175956,12.206077645517674,88.2,19.609254155938732,14.7,1,0,6,5.757877152536836,16.12848152898145,9.918425424900335,0.8245899991756934,0.0136988443581619
Lotus Music,16.489659276356317,21.276650466331013,Entertainment,Lotus Music,6.244166900663736,India,Tech,107.0,16.952481986625074,11.430641079947755,11.51293546492023,28.1,21.035458374912988,5.36,0,0,2,4.795294198441429,15.034427495850984,13.845943735110197,0.34471999988372515,0.0068728792877620366
IDEIAS INCRï¿½ï¿½,16.489659276356317,21.990745681303643,Howto & Style,IDEIAS INCRï¿½ï¿½,8.599878558034845,Brazil,Howto,41.0,14.85861048906288,9.34145634983372,12.206077645517674,51.3,19.17473212136165,12.08,1,0,6,5.505160497196176,13.391052796856531,11.757446872843532,0.8620725611041735,0.0136988443581619
Reaction Time,16.489659276356317,22.172579111043394,Entertainment,Reaction Time,7.4489161025442,United States,Entertainment,156.0,16.10905500721434,10.586609649448985,12.206077645517674,88.2,19.609254155938732,14.7,1,0,8,5.686317729981508,14.724245652944969,13.008076473152155,0.8245899991756934,0.0136988443581619
BBC News,16.489659276356317,22.248971436343272,News & Politics,BBC News,9.850772194864133,United Kingdom,News,26.0,18.009293147481532,12.48786616443145,11.51293546492023,60.0,18.0177285657893,3.85,0,0,17,5.762460547163377,12.398256074914327,14.914523099853708,0.8365199929587164,0.0068728792877620366
Eli Kids - Cartoons & Songs,16.489659276356317,22.296285270554616,Entertainment,Eli Kids - Cartoons & Songs,6.406879986069314,United States,Music,156.0,18.82107301361181,13.299674067415213,12.899222326086994,88.2,19.609254155938732,14.7,0,0,5,5.809629109587181,15.891056937804208,15.725393893648185,0.8245899991756934,0.02721256352488474
Boram Tube ToysReview [ï¿½ï¿½ï¿½ï¿½ï¿½ï¿½ï¿½ï¿½ï¿,16.489659276356317,22.33567699988727,People & Blogs,Boram Tube ToysReview [ï¿½ï¿½ï¿½ï¿½ï¿½ï¿½ï¿½ï¿½ï,6.428105272684596,South Korea,People,14.0,15.416916500313993,9.893487720457795,12.206077645517674,94.3,17.761144320124682,4.15,1,0,7,5.848905010647666,15.909188665463216,12.315827989765994,0.8143000096424038,0.0136988443581619
Aadishakti Films,16.489659276356317,22.56234163907368,Music,Aadishakti Films,8.474494436883122,India,Music,107.0,17.695980995520426,12.174587138384211,12.206077645517674,28.1,21.035458374912988,5.36,0,0,7,6.07498476108229,14.088056709948331,14.583162524793948,0.34471999988372515,0.0136988443581619
Telemundo,16.489659276356317,22.87301393861315,Entertainment,Telemundo,9.86276971925757,United States,Entertainment,156.0,17.69263153209352,12.1709686470671,12.206077645517674,88.2,19.609254155938732,14.7,1,0,16,6.385042751400491,13.010298535676998,14.583348148171147,0.8245899991756934,0.0136988443581619
GMM25Thailand,16.489659276356317,22.962239133074604,Entertainment,GMM25Thailand,11.136149849324493,Thailand,Entertainment,13.0,17.635900636199672,12.114510931441727,11.51293546492023,49.3,18.05864262960575,0.75,0,0,12,6.47412396692887,11.826111170689925,14.539720748683399,0.506919999605892,0.0068728792877620366
TV9 Bharatvarsh,16.489659276356317,23.05575141428746,People & Blogs,TV9 Bharatvarsh,12.589690838208329,India,News,106.0,19.852125321710727,14.346139397261565,13.45883704259595,28.1,21.035458374912988,5.36,0,0,5,6.5674985035644164,10.466092469503705,16.749367480991666,0.34471999988372515,0.04714677842570199
Maroon5VEVO,16.489659276356317,23.721124423294253,Music,Maroon5VEVO,4.997212273764115,United States,Music,156.0,18.40236402235132,12.880803787035994,12.206077645517674,88.2,19.609254155938732,14.7,1,0,14,7.232188414343511,18.73069184380001,15.298341846126313,0.8245899991756934,0.0136988443581619
Saad Lamjarred | ï¿½ï¿½ï¿½ï¿½ï¿½ï¿,16.489659276356317,22.185475883517775,Music,Saad Lamjarred | ï¿½ï¿½ï¿½ï¿½ï¿½ï¿,5.176149732573829,Morocco,Music,1.0,17.44190274567841,11.92039522907888,12.206077645517674,35.9,17.424008274023702,9.02,1,0,11,5.699171035768323,17.01499192903125,14.338640768849087,0.6224512984901882,0.0136988443581619
Hear This Music,16.489659276356317,22.942624572101504,Music,Hear This Music,3.6888794541139363,Unknown,Music,4.0,17.690724361008325,12.169413847867123,11.51293546492023,68.0,19.609254155938732,9.02,0,0,7,6.454539966551898,19.279062930101652,14.583487343095767,0.8245899991756934,0.0068728792877620366
Lilly Singh,16.489659276356317,21.981062521011157,Comedy,Lilly Singh,6.970730078143525,Canada,Comedy,8.0,15.488674348931369,9.966509298952284,12.206077645517674,68.9,17.42621174442237,5.56,1,0,13,5.495516896517494,15.011272153298838,12.38756469170864,0.827976257881404,0.0136988443581619
ýýýýýýýýýýýýýýýýýýýýý,16.48273883399067,20.212697295132024,Entertainment,ýýýýýýýýýýýýýýýýýýýýý,5.8998973535824915,South Korea,Entertainment,14.0,14.130322027731049,8.612685172875459,12.611541086966115,94.3,17.761144320124682,4.15,0,0,6,3.7536690309739655,14.315544032339586,11.028433383156079,0.8143000096424038,0.02061928720273568
Gyan Gamingï¿½,16.48273883399067,21.52262801893721,Gaming,Gyan Gamingï¿½,8.034955024502159,India,Games,107.0,16.446751778368583,10.925956465688445,11.51293546492023,28.1,21.035458374912988,5.36,0,0,6,5.046342849921031,13.487998373077408,13.345668515662664,0.34471999988372515,0.006920442844573781
Drawblogs,16.48273883399067,21.21172403391614,Entertainment,Drawblogs,5.991464547107982,Peru,Entertainment,1.0,13.81750955863044,8.294299608857235,12.206077645517674,70.7,17.297072257116447,3.31,1,0,9,4.7377818968071415,15.222762861227773,10.716659698193956,0.7809900095824565,0.013793322132335818
NOBRU,16.48273883399067,19.678469135259746,Gaming,nobru,1.0986122886681096,Unknown,People,-1.0,1.0986122886681096,0.009950330853168083,0.6931471805599453,68.0,19.609254155938732,9.02,0,1,17,3.235851267720916,18.98532195754262,0.08617769624105234,0.8245899991756934,6.944444203317913e-08
ýýýýýýýýýýýý ýýýýýýýýýýýý I ýýýýýý ýý ýýýýýýýýýý,16.48273883399067,21.812660512311606,Entertainment,ýýýýýýýýýýýý ýýýýýýýýýýýý I ýýýýýý ýý ýýýýýýýýý,5.945420608606575,Saudi Arabia,Entertainment,6.0,15.357312035677833,9.83633227734872,12.206077645517674,68.0,17.349737969089443,5.93,1,0,6,5.334754499933944,15.869861265024527,12.25629511679123,0.8406499981557422,0.013793322132335818
Cyprien,16.48273883399067,21.85022407160759,Comedy,Cyprien,5.407171771460119,France,Comedy,2.0,16.250614118247142,10.729875458480967,12.206077645517674,65.6,18.021096628854824,8.43,1,0,16,5.372140305152008,16.447546761343144,13.14939666311494,0.8070899970350383,0.013793322132335818
Rclbeauty101,16.48273883399067,22.08432254892049,Comedy,Rclbeauty101,6.139884552226255,United States,Entertainment,157.0,15.971450186411177,10.448743588106625,12.206077645517674,88.2,19.609254155938732,14.7,1,0,13,5.605268997105464,15.94659561328629,12.87030838926236,0.8245899991756934,0.013793322132335818
Coke Studio,16.48273883399067,22.118455202951928,Music,Rohail Hyatt,6.111467339502679,United States,Music,962.0,15.084428332066341,9.561067663645012,9.210440366976517,88.2,19.609254155938732,14.7,0,0,15,5.639278207499856,16.009207731443517,11.982935344196433,0.8245899991756934,0.0006942034294757837
Indore Physical Academy,16.48273883399067,22.147921839919633,People & Blogs,Indore Physical Academy,7.516977224604321,India,People,107.0,18.06983166806914,12.548246454396082,12.206077645517674,28.1,21.035458374912988,5.36,0,0,9,5.668641600979923,14.631488978969957,14.975155542038209,0.34471999988372515,0.013793322132335818
Rosanna Pansino,16.48273883399067,22.24871952303449,Howto & Style,Rosanna Pansino,7.130098510125578,United States,Howto,157.0,17.099537253945524,11.577785809317154,12.206077645517674,88.2,19.609254155938732,14.7,1,0,13,5.769108184577283,15.119422245355452,14.014362236381235,0.8245899991756934,0.013793322132335818
Harry Styles,16.48273883399067,22.46183977579496,People & Blogs,harrystyles,0.0,United States,Games,7574.0,17.975720900750336,0.0,12.206077645517674,88.2,19.609254155938732,14.7,1,0,10,5.981628913933728,0.0,0.0,0.8245899991756934,0.013793322132335818
Vlad and Niki PRT,16.48273883399067,22.60170478170201,Entertainment,Vlad and Niki PRT,6.248042874508429,United States,Entertainment,157.0,17.506612565375807,11.985432208809083,12.206077645517674,88.2,19.609254155938732,14.7,1,0,5,6.1211643292477715,16.355598094927117,14.391955930630372,0.8245899991756934,0.013793322132335818
RS 1313 SHORTS,16.48273883399067,22.8042034201229,Entertainment,RS 1313 SHORTS,8.635687085464026,India,Entertainment,108.0,19.17510645483691,13.653698437441703,12.206077645517674,28.1,21.035458374912988,5.36,0,0,3,6.32326035136333,14.168694704211882,16.073318030756198,0.34471999988372515,0.013793322132335818
Zig & Sharko,16.48273883399067,22.92314831748196,Film & Animation,Zig & Sharko,6.88653164253051,Unknown,Film,-1.0,17.95369656756727,12.432415074973783,11.51293546492023,68.0,19.609254155938732,9.02,0,1,8,6.442004033965578,16.037638755714546,14.849371325034047,0.8245899991756934,0.006920442844573781
SelenaGomezVEVO,16.48273883399067,23.15896412000548,Music,SelenaGomezVEVO,5.231108616854587,United States,Music,157.0,18.300285560857507,12.77874849269723,12.206077645517674,88.2,19.609254155938732,14.7,1,0,14,6.677485088620028,17.933217462486546,15.210269245389174,0.8245899991756934,0.013793322132335818
ZEE5,16.48273883399067,23.641878777624797,Entertainment,ZEE5,11.526848093810585,India,Entertainment,108.0,18.8248049601333,13.30335238007561,11.51293546492023,28.1,21.035458374912988,5.36,0,0,5,7.159917433852104,12.115046022053082,15.725142095922187,0.34471999988372515,0.006920442844573781
Super Polina,16.475770165160203,22.286975396678763,People & Blogs,Super Polina,6.3578422665081,United States,Entertainment,158.0,12.93307762680874,7.438971592395862,11.51293546492023,88.2,19.609254155938732,14.7,0,0,9,5.814194648128825,15.930867856363715,9.83633227734872,0.8245899991756934,0.00696866931609334
Rebecca Zamolo,16.475770165160203,22.577755824484502,Comedy,RebeccaZamolo,0.6931471805599453,United States,Entertainment,6342.0,17.975720900750336,0.0,12.206077645517674,88.2,19.609254155938732,14.7,1,0,12,6.104221645982438,22.577755824484502,0.0,0.8245899991756934,0.013889112160667122
Wish 107.5,16.468752592994022,22.523079116997604,Music,Wish 107.5,7.508787170634276,Philippines,Music,8.0,17.953201940649393,12.431617311859128,12.206077645517674,35.5,18.49872098032555,2.15,1,0,9,6.056671525291116,15.014840643549709,14.849406887531407,0.47149000179112155,0.01398624197473989
Invento na Hora,16.468752592994022,22.119584042801417,Film & Animation,Invento na Hora,7.156176637480615,Brazil,Entertainment,43.0,16.76147474183551,11.239816684367907,12.206077645517674,51.3,19.17473212136165,12.08,1,0,9,5.654339951338352,14.964188057713026,13.66037722882862,0.8620725611041735,0.01398624197473989
SIS vs BRO,16.468752592994022,22.665445114089152,Entertainment,SiS,4.110873864173311,Ukraine,Entertainment,2460.0,4.663439094112067,0.35065687161316933,2.3978952727983707,82.7,17.608415647179292,8.88,0,0,7,6.19872667512739,18.571100560327128,1.7369512327330598,0.6947300060121453,7.042251041461192e-07
NikkieTutorials,16.468752592994022,21.298934332530607,Howto & Style,NikkieTutorials,6.776506992372183,Netherlands,Entertainment,2.0,17.39719450830345,11.875490030985144,12.206077645517674,85.0,16.668114160567338,3.2,1,0,15,4.83813516680663,14.523568733631818,14.280627893698219,0.9187599846534182,0.01398624197473989
TommyInnit,16.468752592994022,21.457934518355003,Gaming,TommyInnit,5.83773044716594,United Kingdom,Games,27.0,17.809869043729705,12.288578471082884,12.206077645517674,60.0,18.0177285657893,3.85,0,0,8,4.995970137481798,15.62312394485793,14.7063197761474,0.8365199929587164,0.01398624197473989
E-MasterSensei,16.468752592994022,22.0895002236742,Gaming,E-MasterSensei,7.170888478512505,Mexico,Games,28.0,17.612683744147578,12.091228412360461,12.206077645517674,40.2,18.651903768245116,3.42,0,0,7,5.624363089421777,14.919381011554771,14.491664670716913,0.814408236023,0.01398624197473989
infobells - Kannada,16.468752592994022,22.603341436200758,Education,infobells - Kannada,6.073044534100405,India,Education,110.0,18.769138022176367,13.24776355108786,12.611541086966115,28.1,21.035458374912988,5.36,0,0,9,6.136753185450939,16.532603774112207,15.667879119476417,0.34471999988372515,0.02090668481931367
Crazy Frog,16.468752592994022,22.795975024853966,Music,CrazyFrog,0.0,Unknown,Games,-1.0,17.975720900750336,0.0,12.206077645517674,68.0,19.609254155938732,9.02,1,1,18,6.329007897633339,0.0,0.0,0.8245899991756934,0.01398624197473989
The Dodo,16.468752592994022,23.022256158284044,Pets & Animals,Dorukhan Gï¿½ï¿½ï,2.1972245773362196,Unknown,Entertainment,-1.0,8.883085524404578,3.4011973816621555,1.791759469228055,68.0,19.609254155938732,9.02,0,1,17,6.554927734863115,20.942814617306727,5.783825182329737,0.8245899991756934,3.5211261406468425e-07
SEVENGERS,16.468752592994022,23.049430059228566,Comedy,SEVENGERS,6.771935555839602,India,Comedy,110.0,19.723316286518518,14.220976332738882,12.899222326086994,28.1,21.035458374912988,5.36,0,0,5,6.582063484983714,16.278640720389866,16.624913313567735,0.34471999988372515,0.02777956410707571
Zee Bangla,16.468752592994022,23.15940186982393,Entertainment,Zee Bangla,11.793575369586431,India,Entertainment,109.0,17.908637729466903,12.387147592295292,12.206077645517674,28.1,21.035458374912988,5.36,0,0,15,6.691891051643632,11.365845637637111,14.816216332600751,0.34471999988372515,0.01398624197473989
DangMattSmith,16.468752592994022,21.92256942060785,Entertainment,DangMattSmith,7.45298232946546,United States,Entertainment,159.0,16.372892973581685,10.851296331126829,12.206077645517674,88.2,19.609254155938732,14.7,1,0,12,5.458087702243561,14.470167488703241,13.271819052927366,0.8245899991756934,0.01398624197473989
Neha Kakkar,16.46168542627038,21.480114647298038,Music,Neha Kakkar,5.0106352940962555,India,Music,110.0,17.05829824193366,11.536651757164861,11.51293546492023,28.1,21.035458374912988,5.36,0,0,11,5.02502241762608,16.476168410785657,13.931693202566677,0.34471999988372515,0.0070671672230924526
#Refugio Mental,16.46168542627038,22.00279224131665,Entertainment,#Refugio Mental,6.741700694652055,Unknown,Entertainment,-1.0,15.753100619454564,10.232827270254802,12.206077645517674,68.0,19.609254155938732,9.02,1,1,10,5.54502139701002,15.262273116763213,12.652042897966872,0.8245899991756934,0.014084739881739002
ýýýýýýýýýýýýýýýýýýýý ýýýýýýýýýýýýýýýýýýýý,16.46168542627038,22.08941394910396,Entertainment,ýýýýýýýýýýýýýýýýýýýý ýýýýýýýýýýýýýýýýýýýý,4.189654742026425,Unknown,Entertainment,-1.0,9.92093446613985,4.406719247264253,4.890349128221754,68.0,19.609254155938732,9.02,0,1,6,5.631318876419537,17.915026695533932,6.821107472256465,0.8245899991756934,9.3616583071997e-06
Trap City,16.46168542627038,22.35827984417089,Music,TrapCity,1.3862943611198906,Australia,People,3671.0,4.997212273764115,0.46373401623214017,0.6931471805599453,113.1,17.06458987042364,5.27,0,0,8,5.8993395075460695,21.259667555892683,2.0228711901914416,0.8477933355985393,7.092198330063892e-08
Supercar Blondie,16.46168542627038,22.410694511283303,Autos & Vehicles,Supercar Blondie,6.752270376141742,United Arab Emirates,Autos,7.0,19.68271205974215,14.151983508870947,13.122365377402328,36.8,16.094881270244645,2.35,0,0,16,5.951614183496947,15.659593200331914,16.58182973008354,0.8678899576471243,0.03484673133016816
Yudist Ardhana,16.46168542627038,22.521089700010172,Entertainment,Yudist Ardhana,7.956827122090111,Indonesia,Entertainment,27.0,18.98634676937605,13.464819105753202,12.899222326086994,36.3,19.41468748375534,4.69,0,0,7,6.061737412575464,14.564613374598384,15.891420997634969,0.5607236404348646,0.027973852042406124
Lana Del Rey,16.46168542627038,22.652496989211087,Music,Lana Del Rey,3.784189633918261,United States,Music,160.0,18.724947042256847,13.203576476825239,12.206077645517674,88.2,19.609254155938732,14.7,0,0,12,6.192857702809471,18.891296879618437,15.622700528962357,0.8245899991756934,0.014084739881739002
MalumaVEVO,16.46168542627038,23.66843838814098,Music,MalumaVEVO,5.209486152841421,United States,Music,160.0,18.408952243191735,12.887402779005837,12.206077645517674,88.2,19.609254155938732,14.7,1,0,12,7.207494318994592,18.464431710583515,15.297910464319711,0.8245899991756934,0.014084739881739002
F2Freestylers - Ultimate Soccer Skills Channel,16.46168542627038,21.91125617781771,Sports,F2Freestylers - Ultimate Soccer Skills Channï¿½,6.656726524178391,United Kingdom,Sports,28.0,16.140052916138572,10.61890979160975,12.206077645517674,60.0,18.0177285657893,3.85,1,0,12,5.453859760470539,15.255816064000642,13.038766527911386,0.8365199929587164,0.014084739881739002
Bie The Ska,16.46168542627038,22.255189611594627,Entertainment,Bie The Ska,7.340186835320115,Thailand,Entertainment,14.0,16.341399269461093,10.819798284210286,11.51293546492023,49.3,18.05864262960575,0.75,0,0,17,5.796546907445796,14.91565224879481,13.240325952498099,0.506919999605892,0.0070671672230924526
AM3NlC,16.454567959008102,22.324668094007823,Gaming,AM3NlC,8.65834547117212,Brazil,People,45.0,16.138878288084037,10.616461869895815,12.206077645517674,51.3,19.17473212136165,12.08,1,0,11,5.872918820676918,13.666497469819255,13.037896397054075,0.8620725611041735,0.014184634991956432
Narins Beauty,16.454567959008102,21.518142480012415,Howto & Style,Narins Beauty,6.068425588244111,Sweden,Entertainment,3.0,16.433563182362814,10.911463720944793,12.206077645517674,67.0,16.14624122204927,6.48,1,0,9,5.0698776034238335,15.452034584112534,13.332463836204683,0.8770799886013771,0.014184634991956432
TV Ana Emilia,16.454567959008102,22.26531628895989,People & Blogs,TV Ana Emilia,6.480044561926653,Mexico,Entertainment,29.0,17.10327795318864,11.581527593460411,11.51293546492023,40.2,18.651903768245116,3.42,0,0,9,5.813739112160021,15.786806785813596,14.014116304704732,0.814408236023,0.007117467768863979
ýýýýýýýýýýýý,16.454567959008102,22.76704692491132,Gaming,ýýýýýýýýýýýý,7.701200180857446,Russia,Games,12.0,18.829938656940655,13.308512599332609,12.206077645517674,81.9,18.78791449892918,4.59,0,0,10,6.3142909265878755,15.066299416548897,15.724801327462314,0.7458700031137978,0.014184634991956432
Luli Pampï¿½,16.454567959008102,22.87778067868317,Music,Luli Pampï¿½,5.68697535633982,Spain,Music,15.0,19.122088715034298,13.600584401192519,11.51293546492023,88.9,17.667290486278546,13.96,0,0,11,6.424834906745493,17.194200945320603,16.023235479884875,0.8056500082280477,0.007117467768863979
Gallina Pintadita,16.454567959008102,22.99135790931253,Music,Gallina Pintadita,4.143134726391533,Mexico,Film,29.0,18.072908920781764,12.551437369385376,12.206077645517674,40.2,18.651903768245116,3.42,1,0,12,6.538238105375749,18.864223530581516,14.974935999695294,0.814408236023,0.014184634991956432
ViralHog,16.454567959008102,23.66336314912311,People & Blogs,ViralHog,10.624201260813878,United States,Animals,159.0,21.03368739710082,15.520258832020865,13.910821646859095,88.2,19.609254155938732,14.7,0,0,9,7.209535035973258,13.039188382267444,17.932920409404016,0.8245899991756934,0.07563741420562003
ETV Jabardasth,16.454567959008102,23.329131179390963,People & Blogs,ETV Jabardasth,9.175024026848615,India,Comedy,111.0,18.710241058901847,13.188714629551823,11.51293546492023,28.1,21.035458374912988,5.36,0,0,8,6.8755965067738645,14.154211465268032,15.607136851658195,0.34471999988372515,0.007117467768863979
Zee Telugu,16.454567959008102,23.25672985658713,Entertainment,zeetelugu,1.3862943611198906,India,Music,4651.0,2.0794415416798357,0.0295588022415444,12.206077645517674,28.1,21.035458374912988,5.36,1,0,16,6.803272721615639,22.158117568077785,0.2776317365982795,0.34471999988372515,0.014184634991956432
Crescendo com Luluca,16.454567959008102,22.351339119618725,Entertainment,Crescendo com Luluca,7.176254532017144,Brazil,People,44.0,18.035870855462584,12.514296042962041,11.51293546492023,51.3,19.17473212136165,12.08,0,0,8,5.8995157663059175,15.175849662371986,14.945557235140145,0.8620725611041735,0.007117467768863979
Jazzghost,16.447399470043365,22.459045215016065,Gaming,Jazzghost,8.611593866837723,Brazil,Games,46.0,18.485700408696786,12.964307415212271,11.51293546492023,51.3,19.17473212136165,12.08,0,0,11,6.014092872776461,13.84763431657178,15.379909471801849,0.8620725611041735,0.007168489478612542
karameeshchannel,16.447399470043365,22.93228519479741,Entertainment,karameeshchannel,7.720905251936779,Jordan,Music,3.0,18.288736673721964,12.767404103718484,11.51293546492023,34.4,16.128213789513165,14.72,0,0,11,6.486410967990621,15.211823747595707,15.185955223648124,0.9120300020966781,0.007168489478612542
Darkar Company Studios,16.447399470043365,21.531667695558745,Film & Animation,Darkar Company Studios,5.214935757608986,United States,Comedy,161.0,15.341132201791103,9.820160289946374,12.206077645517674,88.2,19.609254155938732,14.7,1,0,14,5.090442613802584,16.322181623810984,12.239995696974733,0.8245899991756934,0.014285957247476522
Dental Digest,16.447399470043365,22.731526273764533,People & Blogs,Dental Digest,5.783825182329737,Unknown,People,-1.0,19.260358218526584,13.73884655270862,12.611541086966115,68.0,19.609254155938732,9.02,0,1,3,6.285990822534619,16.950782801325897,16.157825945791263,0.8245899991756934,0.021353124470568974
T-Series Regional,16.447399470043365,22.37529452709706,Entertainment,T-Series Regional,9.620859354387026,India,Music,111.0,17.326578300627094,11.804855999911272,11.51293546492023,28.1,21.035458374912988,5.36,0,0,12,5.93055567006797,12.754504394590798,14.220642944059941,0.34471999988372515,0.007168489478612542
ADEL et SAMI,16.447399470043365,22.421727447326848,Entertainment,ADEL et SAMI,6.222576268071369,United States,Entertainment,161.0,17.107004711732696,11.58525542883217,12.206077645517674,88.2,19.609254155938732,14.7,1,0,5,5.976868030981408,16.201137369075422,14.013870312530964,0.8245899991756934,0.014285957247476522
Jamuna TV,16.447399470043365,23.218913186352,News & Politics,jamuna tv24,1.9459101490553132,Bangladesh,Entertainment,3776.0,0.6931471805599453,0.0,12.206077645517674,20.6,18.935363951664748,4.19,1,0,2,6.7726590906579425,21.42715371753616,0.04879016416943201,0.36451563884940913,0.014285957247476522
Atlantic Records,16.447399470043365,23.250101256073396,Music,Atlantic Records,7.415175109613295,United States,Music,161.0,18.39314510403703,12.871594229002753,11.51293546492023,88.2,19.609254155938732,14.7,0,0,17,6.803812011391385,15.83552850729599,15.298954542438054,0.8245899991756934,0.007168489478612542
ýýýýýýýý ýý ýýýýýýýýýýýý,16.447399470043365,22.857639921844843,Entertainment,ýýýýýýýý ýý ýýýýýýýýýýýý,6.22455842927536,United States,People,161.0,18.55399587194338,13.032440858057756,12.206077645517674,88.2,19.609254155938732,14.7,0,0,5,6.411883801586888,16.63506371328774,15.455904548422469,0.8245899991756934,0.014285957247476522
Veritasium,16.447399470043365,21.4960951840389,Education,Veritasium,5.91350300563827,United States,Education,161.0,17.60308085735167,12.08164822965012,12.206077645517674,88.2,19.609254155938732,14.7,0,0,13,5.055092977783956,15.58529870990576,14.492325592136574,0.8245899991756934,0.014285957247476522
Alexa Rivera,16.447399470043365,21.884297550866055,Howto & Style,Alexa Rivera,5.666426688112432,Unknown,Entertainment,-1.0,18.776675463590998,13.255146239950099,12.611541086966115,68.0,19.609254155938732,9.02,0,1,13,5.441241670289912,16.221337160607863,15.682949537642132,0.8245899991756934,0.021353124470568974
Airrack,16.440179222591198,21.522982765697733,Entertainment,Airrack,5.159055299214529,United States,Entertainment,161.0,18.41721475434391,12.895716195538418,12.611541086966115,88.2,19.609254155938732,14.7,0,0,8,5.088986954025082,16.369691248506413,15.319810374447895,0.8245899991756934,0.021506205220963585
Hacksmith Industries,16.440179222591198,21.322409935227743,Science & Technology,Hacksmith Industries,6.78897174299217,Canada,Tech,10.0,18.245648566958067,12.724274001584217,11.51293546492023,68.9,17.42621174442237,5.56,0,0,17,4.889782285674672,14.534565439581511,15.136786549504409,0.827976257881404,0.007220247973487066
JD Pantoja,16.440179222591198,21.12457324177253,People & Blogs,JD Pantoja,2.833213344056216,Unknown,Music,-1.0,16.420641778952085,10.898607948952096,11.51293546492023,68.0,19.609254155938732,9.02,0,1,6,4.693590009117815,18.351984529574413,13.31957518872681,0.8245899991756934,0.007220247973487066
ýýýýýýýý/Atro,16.440179222591198,21.631910485081754,Gaming,ýýýýýýýý/Atro,7.577121930876679,Netherlands,Games,4.0,17.825059486623235,12.303657509006147,12.206077645517674,85.0,16.668114160567338,3.2,0,0,6,5.1972782898629815,14.05530150449828,14.70529344070264,0.9187599846534182,0.014388737452099606
123 GO! Spanish,16.440179222591198,22.33652378195646,People & Blogs,123 GO! Spanish,6.255750041753367,Mexico,Howto,30.0,17.09337205288916,11.572146749628347,11.51293546492023,40.2,18.651903768245116,3.42,0,0,4,5.899090335555345,16.082695073785217,14.01469005122779,0.814408236023,0.007220247973487066
Geo News,16.440179222591198,22.468612807616548,News & Politics,Geo News,12.155273965642806,Pakistan,News,6.0,18.421210613546673,12.899722199879273,11.51293546492023,9.0,19.193402764291193,4.45,0,0,16,6.03084002444827,10.313377289090498,15.319543731540495,0.36907000039590826,0.007220247973487066
Kids TV India Hindi Nursery Rhymes,16.440179222591198,22.617424450848436,Shows,Kids TV India Hindi Nursery Rhymes,7.317212408359839,India,Education,112.0,18.1805309146603,12.659060448240805,11.51293546492023,28.1,21.035458374912988,5.36,0,0,9,6.179319287495928,15.30087649993451,15.08639434815641,0.34471999988372515,0.007220247973487066
Think Music India,16.440179222591198,23.12473141624495,Music,Think Music India,8.512984346642183,India,Music,112.0,19.195896276106293,13.674408868528678,12.206077645517674,28.1,21.035458374912988,5.36,0,0,14,6.685801559663825,14.611948384159334,16.092644603328793,0.34471999988372515,0.014388737452099606
O Que Nï¿½ï¿½ï¿½ï¿½ï¿½ï¿,16.432906463791053,21.40024843932701,Comedy,O Que Nï¿½ï¿½ï¿½ï¿½ï¿½ï¿,6.546785410760524,Brazil,Entertainment,47.0,18.29061762704317,12.769113988119456,12.206077645517674,51.3,19.17473212136165,12.08,0,0,8,4.974279554909937,14.854899132155365,15.185828218587309,0.8620725611041735,0.014493007302566842
Goldmines Premiere,16.432906463791053,21.40314476121116,Entertainment,Goldmines Premiere,6.883462586413092,India,Film,113.0,17.443790416511117,11.922389234432126,11.51293546492023,28.1,21.035458374912988,5.36,0,0,10,4.97715588184985,14.520707783717887,14.338522229326983,0.34471999988372515,0.007272759329079776
MAIKI021,16.432906463791053,21.39118657150228,Entertainment,MAIKI021,8.101374671228582,Brazil,Entertainment,47.0,15.822112687911886,10.30229722897745,12.206077645517674,51.3,19.17473212136165,12.08,1,0,15,4.965280619023691,13.290116758996072,12.720992874945178,0.8620725611041735,0.014493007302566842
The Vishal bhatt,16.432906463791053,22.984657039713063,Comedy,The Vishal bhatt,6.947937068614969,India,Comedy,113.0,19.753679810650887,14.220976332738882,13.304686600863562,28.1,21.035458374912988,5.36,0,0,2,6.553177244896588,16.037681155847064,16.65458907995242,0.34471999988372515,0.04286370443178237
NishaMadhulika,16.432906463791053,21.80140374432214,Howto & Style,NishaMadhulika,7.677400430514807,India,Howto,113.0,16.917178226901072,11.395278670032656,11.51293546492023,28.1,21.035458374912988,5.36,0,0,14,5.37314765383818,14.124467332376605,13.848269089975132,0.34471999988372515,0.007272759329079776
MyMissAnand,16.432906463791053,22.325331645879007,People & Blogs,MyMissAnand,5.831882477283517,India,Entertainment,113.0,17.143491913160602,11.621788838451959,12.206077645517674,28.1,21.035458374912988,5.36,1,0,9,5.895181726522225,16.496386096570472,14.011407056883003,0.34471999988372515,0.014493007302566842
FAPTV,16.432906463791053,22.42020235467182,Comedy,FAPTV,6.761572768804055,Vietnam,Comedy,3.0,17.374395243932586,11.852969885168331,12.206077645517674,28.5,18.38466081561763,2.01,1,0,9,5.989803261001751,15.659787821544732,14.282134106166854,0.36627999807509903,0.014493007302566842
Wesley Safadï¿½,16.432906463791053,22.819365284233882,Music,Wesley Safadï¿½,6.0844994130751715,Brazil,Music,47.0,17.97531510726877,12.453717571637778,12.206077645517674,51.3,19.17473212136165,12.08,1,0,14,6.38814168624229,16.737146427580033,14.88290768338201,0.8620725611041735,0.014493007302566842
infobells,16.432906463791053,22.367712170390252,Education,infobells,6.206575926724928,India,Education,113.0,16.989096128825928,11.467938559235831,11.51293546492023,28.1,21.035458374912988,5.36,0,0,12,5.937448022160088,16.16315450322257,13.843418483695658,0.34471999988372515,0.007272759329079776
Desi Gamers,16.432906463791053,21.48182392675274,Gaming,Desi gamers,0.6931471805599453,Unknown,Tech,-1.0,1.791759469228055,0.019802627296179712,12.206077645517674,68.0,19.609254155938732,9.02,1,1,3,5.0553133138998385,21.48182392675274,0.1988508587451652,0.8245899991756934,0.014493007302566842
Acenix,16.42558042423569,21.47565410244158,Gaming,Acenix,5.910796644040527,Spain,Games,16.0,17.674892013147858,12.153204427390497,12.206077645517674,88.9,17.667290486278546,13.96,0,0,9,5.056462162608304,15.567571337217629,14.584553860983828,0.8056500082280477,0.014598799421152683
Zeinab Harake,16.42558042423569,20.614445288941177,Entertainment,Zeinab Harake,5.6131281063880705,Philippines,People,9.0,16.30772386566138,10.78727575364831,11.51293546492023,35.5,18.49872098032555,2.15,0,0,6,4.203914607204262,15.004973797025905,13.20652252398263,0.47149000179112155,0.007326040092072906
DALLMYD,16.42558042423569,21.390544062796813,Sports,DALLMYD,6.023447592961033,United States,Sports,164.0,17.239023778707555,11.717505780625043,11.51293546492023,88.2,19.609254155938732,14.7,0,0,12,4.971917680524017,15.369520924332694,14.157681525927146,0.8245899991756934,0.007326040092072906
Lindsey Stirling,16.42558042423569,22.048909670742447,Music,Lindsey Stirling,5.298317366548036,United States,Music,163.0,16.541859052805737,11.020283511637867,11.51293546492023,88.2,19.609254155938732,14.7,0,0,16,5.62693540361347,16.755604898613065,13.44081856306726,0.8245899991756934,0.007326040092072906
JOJO TV - Hindi Stories,16.42558042423569,22.360552580551584,Education,JOJO TV - Hindi Stories,7.001245622069476,India,Film,114.0,16.191717883731197,10.67130147767883,11.51293546492023,28.1,21.035458374912988,5.36,0,0,7,5.937614033227105,15.360218333456084,13.090668355068523,0.34471999988372515,0.007326040092072906
BBC,16.42558042423569,22.993850393465696,Pets & Animals,BBC,9.683339510201717,United Kingdom,Entertainment,29.0,17.609065315531765,12.087857641588924,11.51293546492023,60.0,18.0177285657893,3.85,0,0,18,6.569673282215547,13.310574855043441,14.491918922959897,0.8365199929587164,0.007326040092072906
Saturday Night Live,16.42558042423569,23.41228833694357,Entertainment,Saturday Night Live,9.028338763993148,United States,Comedy,164.0,17.851978819315416,12.330504638906516,12.206077645517674,88.2,19.609254155938732,14.7,1,0,10,6.987631643092843,14.384070108031523,14.7437697808555,0.8245899991756934,0.014598799421152683
BUDI01 GAMING,16.41820031748273,20.889874973480993,Gaming,BUDI01 GAMING,5.768320995793772,Indonesia,Games,29.0,16.41344830414123,10.891186902297498,12.206077645517674,36.3,19.41468748375534,4.69,1,0,4,4.483038081828393,15.124684139892787,13.312324015312234,0.5607236404348646,0.014706147389695468
Typical Gamer,16.41820031748273,22.182248608529644,Gaming,Typical Gamer,8.369388996647842,Canada,Games,11.0,17.298502987976907,11.776834689218662,12.206077645517674,68.9,17.42621174442237,5.56,1,0,15,5.767181830988153,13.813092498129828,14.222508490696303,0.827976257881404,0.014706147389695468
Anaysa,16.41820031748273,21.960420229796746,Howto & Style,Anaysa,6.3835066348840055,India,Howto,115.0,17.206859637234846,11.685205103383671,12.206077645517674,28.1,21.035458374912988,5.36,1,0,11,5.546130151100733,15.578604383613863,14.086225245020303,0.34471999988372515,0.014706147389695468
JULIA GISELLA,16.41820031748273,22.405978893157506,Entertainment,Julia Gisella,2.995732273553991,United Kingdom,Music,2492.0,7.38770923908104,1.9459101490553132,4.875197323201151,60.0,18.0177285657893,3.85,0,0,8,5.9902847384444025,19.461539917336708,4.304065093204169,0.8365199929587164,9.629583265043877e-06
Awakening Music,16.41820031748273,22.436331331856607,Music,Awakening Music,6.703188113240863,United Kingdom,Music,30.0,17.379648475235857,11.857939686169175,11.51293546492023,60.0,18.0177285657893,3.85,0,0,17,6.020562345045117,15.734371112447873,14.281820498934758,0.8365199929587164,0.00738010729762256
Lady Diana,16.41820031748273,22.835406954635182,Entertainment,Lady Diana,7.247080584585756,Ukraine,People,4.0,18.13515635535898,12.613539082975452,11.51293546492023,82.7,17.608415647179292,8.88,0,0,7,6.41883859076719,15.589039044144787,15.031758019505753,0.6947300060121453,0.00738010729762256
Sanjoy Das Official,16.41820031748273,22.08740005581425,Entertainment,Sanjoy Das Official,7.492203042618741,India,Games,114.0,19.004191619571056,13.482693034734677,12.899222326086994,28.1,21.035458374912988,5.36,0,0,8,5.672644497722548,14.595755040247571,15.902709557611013,0.34471999988372515,0.029199154692262308
Woody & Kleiny,16.41820031748273,23.18432516065122,Comedy,Woody & Kleiny,6.883462586413092,United Kingdom,Entertainment,29.0,20.02120101414681,14.508658238524095,12.899222326086994,60.0,18.0177285657893,3.85,0,0,10,6.7672764046319145,16.301887772778905,16.920097281273396,0.8365199929587164,0.029199154692262308
Vijay Kumar Viner Vlogs,16.41820031748273,22.797540537587633,Entertainment,Vijay Kumar Viner Vlogs,7.213768308118642,India,Entertainment,116.0,18.514289486223323,12.992940106310016,12.611541086966115,28.1,21.035458374912988,5.36,0,0,4,6.381035098668561,15.584509048130796,15.419051316315226,0.34471999988372515,0.021978906718775244
Conor Maynard,16.41820031748273,21.735227917213845,Music,Conor Maynard,5.7745515455444085,United States,Music,165.0,16.193852356061743,10.67130147767883,12.206077645517674,88.2,19.609254155938732,14.7,1,0,17,5.321922990025086,15.96378691040544,13.092730632429088,0.8245899991756934,0.014706147389695468
Wengie,16.41820031748273,21.365263309651873,Howto & Style,Wengie,6.137727054086234,United States,Howto,165.0,14.104442598879876,8.575650760987806,11.51293546492023,88.2,19.609254155938732,14.7,0,0,13,4.954142192481809,15.229698661166847,11.003781759319981,0.8245899991756934,0.00738010729762256
Vlad y Niki Show,16.410765339548004,22.254229418727167,Entertainment,Vlad y Niki Show,6.169610732491456,United States,Entertainment,166.0,18.339774340901336,12.818283594342818,12.206077645517674,88.2,19.609254155938732,14.7,0,0,5,5.846358743600613,16.08671303081053,15.232164614117673,0.8245899991756934,0.014815085785140639
Codiscos,16.410765339548004,23.190490295483876,Music,Codiscos,8.903407519932264,Colombia,Music,9.0,19.248804526693235,13.727335959239943,11.51293546492023,55.3,17.734299502715732,9.71,0,0,16,6.780860972433732,14.287219333610231,16.148944979335976,0.8110400029654679,0.00743497848751808
The World Adventures ï¿½ï¿½ï¿½ï¿½ï¿½ï¿½,16.410765339548004,21.48396381483734,People & Blogs,The World Adventures ï¿½ï¿½ï¿½ï¿½ï¿½ï¿½,6.9363427358340495,India,People,116.0,13.85761269275522,8.343077871169383,12.206077645517674,28.1,21.035458374912988,5.36,1,0,7,5.079441379980659,14.54859384878042,10.757924157061597,0.34471999988372515,0.014815085785140639
Vibhu 96,16.410765339548004,16.839022333296572,Entertainment,Vibhu 96,5.54907608489522,India,Education,114.0,16.824356520012245,11.303450570483712,12.611541086966115,28.1,21.035458374912988,5.36,0,0,1,0.9300281195041362,11.293857289425826,13.723286710532626,0.34471999988372515,0.022141125877213546
Blockbuster Movies,16.410765339548004,21.69784857554569,Entertainment,Blockbuster Movies,0.0,India,Entertainment,5589.0,17.975720900750336,0.0,12.206077645517674,28.1,21.035458374912988,5.36,1,0,6,5.2921270561253815,0.0,0.0,0.34471999988372515,0.014815085785140639
ATHLEAN-Xï¿½,16.410765339548004,21.56462428877227,Howto & Style,ATHLEAN-Xï¿½,7.2078598714324755,United States,Howto,166.0,16.48952133581799,10.968215530759236,12.206077645517674,88.2,19.609254155938732,14.7,1,0,17,5.159619467970723,14.357506013720121,13.388414682529783,0.8245899991756934,0.014815085785140639
My Mate Nate,16.410765339548004,21.936288048792175,Comedy,My Mate Nate,7.086737934510577,Thailand,Entertainment,15.0,17.545340022404094,12.023957067521133,12.206077645517674,49.3,18.05864262960575,0.75,1,0,9,5.529498654802532,14.850386939399625,14.444119750719839,0.506919999605892,0.014815085785140639
H2ODelirious,16.410765339548004,22.194977563356545,Gaming,H2ODelirious,8.223627175805483,United States,Games,166.0,16.635996247973274,11.11395422597838,12.206077645517674,88.2,19.609254155938732,14.7,1,0,16,5.78728330999994,13.971619519114093,13.53487162427789,0.8245899991756934,0.014815085785140639
GMA Integrated News,16.410765339548004,22.98187968914145,News & Politics,GMA Integrated News,12.599036605548674,Philippines,News,10.0,18.564426055212497,13.042889341339771,11.51293546492023,35.5,18.49872098032555,2.15,0,0,16,6.572513680784885,10.382877417290997,15.45520625159817,0.47149000179112155,0.00743497848751808
Peet Montzingo,16.410765339548004,23.028104148535768,People & Blogs,Peet Montzingo,5.768320995793772,United States,People,165.0,19.80124622885303,14.285514812209815,13.122365377402328,88.2,19.609254155938732,14.7,0,0,9,6.618674974633711,17.26291307747935,16.700311326676903,0.8245899991756934,0.036634133179780384
The Q,16.410765339548004,22.18332458813103,People & Blogs,Tom Duggan,4.574710978503383,United States,Sports,7615.0,1.3862943611198906,0.009950330853168083,0.6931471805599453,88.2,19.609254155938732,14.7,0,0,17,5.7756662746565475,17.61897641872434,0.12221763272424921,0.8245899991756934,7.462686288705738e-08
Trakin Tech,16.40327466837995,21.539820536725074,Science & Technology,Trakin Tech,8.200013648175434,India,Tech,116.0,17.592149049083755,12.07083122020422,11.51293546492023,28.1,21.035458374912988,5.36,0,0,12,5.142406692787044,13.340083184355196,14.49303686549315,0.34471999988372515,0.007490671729157603
theRadBrad,16.40327466837995,22.523341094795313,Gaming,theRadBrad,9.011401509358791,United States,Games,167.0,16.568789095388173,11.047726275896391,12.206077645517674,88.2,19.609254155938732,14.7,1,0,17,6.122262398457881,13.512062957973628,13.467655178504874,0.8245899991756934,0.014925650216675683
Matt Steffanina,16.40327466837995,21.916950883903255,Entertainment,Matt Steffanina,5.805134968916488,United States,Entertainment,692.0,14.47251281029105,8.94910546953925,12.206077645517674,88.2,19.609254155938732,14.7,1,0,16,5.517699446676853,16.114832608549932,11.371373421319406,0.8245899991756934,0.014925650216675683
Stray Kids,16.40327466837995,21.936465092762315,People & Blogs,straykids,1.3862943611198906,Unknown,Comedy,-1.0,1.0986122886681096,0.009950330853168083,0.6931471805599453,68.0,19.609254155938732,9.02,0,1,16,5.537136061064797,20.837852804688694,0.08617769624105234,0.8245899991756934,7.518796709819677e-08
Kurt Hugo Schneider,16.40327466837995,22.040707550051152,Entertainment,Kurt Hugo Schneider,6.54965074223381,United States,Entertainment,167.0,15.258421755742107,9.735128070758227,12.206077645517674,88.2,19.609254155938732,14.7,1,0,16,5.640988628182038,15.492488633959013,12.157412722878947,0.8245899991756934,0.014925650216675683
Vogue,16.40327466837995,22.152903189481865,Entertainment,Vogue,8.06054004653864,United States,People,167.0,17.624281955757354,12.102937429832547,11.51293546492023,88.2,19.609254155938732,14.7,0,0,15,5.7528075010869895,14.092679706728083,14.540495979704717,0.8245899991756934,0.007490671729157603
ýýýýýýýýýýýýýýýýýý,16.40327466837995,22.59240095594732,People & Blogs,ýýýýýýýýýýýýýýýýýý,6.411818267709897,Russia,Entertainment,13.0,18.317994438294345,12.796636007394284,11.51293546492023,81.9,18.78791449892918,4.59,0,0,8,6.191175879247338,16.18222616761516,15.209103469747312,0.7458700031137978,0.007490671729157603
Kids Lineï¿½ï¿½ï¿½ï¿½ï¿½ï¿½ï¿½,16.40327466837995,22.930282537132022,People & Blogs,Kids Lineï¿½ï¿½ï¿½ï¿½ï¿½ï¿½ï¿½,7.916807490937603,United States,Education,166.0,18.902421479341893,13.381030044947488,11.51293546492023,88.2,19.609254155938732,14.7,0,0,12,6.528470251950711,15.013839978597582,15.80534203079599,0.8245899991756934,0.007490671729157603
VexTrex,16.40327466837995,22.793149504069532,Entertainment,VexTrex,7.788211557847076,Ukraine,Entertainment,5.0,19.7539592779767,0.0,12.206077645517674,82.7,17.608415647179292,8.88,1,0,9,6.391551969847611,15.005352930031428,0.0,0.6947300060121453,0.014925650216675683
penguinz0,16.40327466837995,22.77399196042388,Gaming,penguinz0,8.4368504387337,United States,Entertainment,166.0,19.056982408185416,13.535533392998,12.206077645517674,88.2,19.609254155938732,14.7,0,0,16,6.372426836546727,14.337358870160298,15.959475112848933,0.8245899991756934,0.014925650216675683
Just For Laughs Gags,16.40327466837995,22.72564121145957,Comedy,Just For Laughs Gags,8.841737428600585,United States,Comedy,167.0,16.675881250835126,11.154835234271214,11.51293546492023,88.2,19.609254155938732,14.7,0,0,16,6.324160696574928,13.884049298279097,13.574840561883825,0.8245899991756934,0.007490671729157603
Kabita's Kitchen,16.40327466837995,21.763993155190366,Howto & Style,Kabita's Kitchen,7.306531398939505,India,Howto,117.0,17.57945112449226,12.058158312538197,12.206077645517674,28.1,21.035458374912988,5.36,1,0,9,5.365405092115731,14.458133648064399,14.49384913033004,0.34471999988372515,0.014925650216675683
BanderitaX,16.40327466837995,22.141361487935423,Gaming,BanderitaX,7.403061091090091,Saudi Arabia,Games,7.0,18.074125861864793,12.552498749066196,12.206077645517674,68.0,17.349737969089443,5.93,0,0,10,5.741302642788827,14.738910364041537,14.974873264457738,0.8406499981557422,0.014925650216675683
AzzyLand,16.40327466837995,22.58148597427214,Gaming,AzzyLand,7.4673710669175595,Canada,Entertainment,12.0,15.499499387294732,9.975854724662028,11.51293546492023,68.9,17.42621174442237,5.56,0,0,8,6.180283367252402,15.11468677185402,12.398348658581329,0.827976257881404,0.007490671729157603
HUBAï¿½ï¿½,16.395727463314174,23.014272770993756,Entertainment,HUBAï¿½ï¿½,6.289715570908998,United States,Entertainment,167.0,19.582727822996286,14.077875591662238,13.122365377402328,88.2,19.609254155938732,14.7,0,0,2,6.619879864507658,16.72641426515733,16.478640168431127,0.8245899991756934,0.03717900324175406
BIBO ï¿½ï¿½ï¿½ï¿½ï¿½ï¿,16.395727463314174,20.86165466398657,Entertainment,BIBO ï¿½ï¿½ï¿½ï¿½ï¿½ï¿,5.262690188904886,Russia,Entertainment,13.0,15.986733446799574,10.465984899076615,12.206077645517674,81.9,18.78791449892918,4.59,0,0,4,4.477355753692798,15.604159458273946,12.8856304067793,0.7458700031137978,0.015037877364540516
Brawl Stars,16.395727463314174,21.434453504419228,Gaming,Brawl Stars,5.153291594497779,Finland,Games,1.0,16.829524744290488,11.308370569092329,12.206077645517674,88.2,15.523945481842512,6.59,1,0,6,5.045187198926606,16.28695911157714,13.728427542045,0.8544600904948523,0.015037877364540516
Ei Nerd,16.395727463314174,21.995380973873626,Entertainment,Einerd,0.0,Unknown,Games,-1.0,17.975720900750336,0.0,12.206077645517674,68.0,19.609254155938732,9.02,1,1,16,5.603345905956152,0.0,0.0,0.8245899991756934,0.015037877364540516
Sonotek Bhakti,16.395727463314174,22.055562254410166,Entertainment,Sonotek Bhakti,8.98969370086056,India,Music,118.0,17.047144688424048,11.525851561856362,12.206077645517674,28.1,21.035458374912988,5.36,1,0,13,5.6633119066991044,13.065995365315434,13.932405199115093,0.34471999988372515,0.015037877364540516
Vilmei,16.395727463314174,22.159698237966783,Entertainment,Vilmei,7.1891677384203225,Indonesia,People,30.0,19.392625651534026,13.910821646859095,13.592368256649284,36.3,19.41468748375534,4.69,0,0,10,5.767104558791006,14.971285816045485,16.292645502802646,0.5607236404348646,0.058840500022933444
MC Divertida,16.395727463314174,22.376675651967393,Entertainment,MC Divertida,6.025865973825314,Brazil,Entertainment,49.0,17.982439328429876,12.46110626016646,11.51293546492023,51.3,19.17473212136165,12.08,0,0,5,5.983471507595008,16.353228137861578,14.882426103957334,0.8620725611041735,0.007547205635382911
The Infographics Show,16.395727463314174,22.38406981307031,Education,The Infographics Show,8.361708288575842,United States,Education,168.0,17.763286752395807,12.241927122338913,11.51293546492023,88.2,19.609254155938732,14.7,0,0,12,5.9908471034985995,14.022596009414018,14.667583144041863,0.8245899991756934,0.007547205635382911
jbalvinVEVO,16.395727463314174,23.755502956426543,Music,jbalvinVEVO,5.472270673671475,Colombia,Music,10.0,18.272992482644277,12.751592406792705,12.206077645517674,55.3,17.734299502715732,9.71,1,0,13,7.36041170770082,18.28744282666842,15.161295636081233,0.8110400029654679,0.015037877364540516
ýýýýýýTwinsFromRussia,16.395727463314174,22.961651082646426,People & Blogs,ýýýýýýTwinsFromRussia,8.837681215593197,United States,People,168.0,18.597897635751593,13.076530934860683,12.611541086966115,88.2,19.609254155938732,14.7,0,0,12,6.567330228579006,14.124115770903169,15.491073419992615,0.8245899991756934,0.022472855852058594
Technology Gyan,16.395727463314174,20.852768776112253,Science & Technology,Technology Gyan,6.930494765951626,India,Tech,118.0,16.73425384399164,11.21318430646977,11.51293546492023,28.1,21.035458374912988,5.36,0,0,8,4.468571284707873,13.923252902329379,13.63315020041758,0.34471999988372515,0.007547205635382911
CookingShooking Hindi,16.395727463314174,21.28778569226224,People & Blogs,CookingShooking Hindi,5.976350909297934,India,Howto,118.0,16.256987736857138,10.736418414365374,12.206077645517674,28.1,21.035458374912988,5.36,1,0,6,4.8995362316349125,15.31397630329713,13.155800087724673,0.34471999988372515,0.015037877364540516
Ryan Trahan,16.388122864507256,21.503806243040884,Entertainment,Ryan Trahan,3.5263605246161616,United States,People,7683.0,5.517452896464707,0.688134638736401,0.6931471805599453,88.2,19.609254155938732,14.7,0,0,1,5.12166738933247,18.00729869623547,2.506341930508065,0.8245899991756934,7.633587494901245e-08
Alex Gonzaga Official,16.388122864507256,21.061104649377402,People & Blogs,Alex Gonzaga Official,5.662960480135946,Philippines,People,11.0,16.1994913813452,10.6782377612977,12.206077645517674,35.5,18.49872098032555,2.15,1,0,6,4.682282836354736,15.401622637624495,13.098482485279742,0.47149000179112155,0.01515180502060222
WiederDude,16.388122864507256,21.728915545473814,Entertainment,WiederDude,5.66988092298052,United States,Games,169.0,17.8567004629584,12.335349374897772,11.51293546492023,88.2,19.609254155938732,14.7,0,0,7,5.345573381775362,16.06248896271376,14.743453537945106,0.8245899991756934,0.00760459938521931
Ian Boggs,16.388122864507256,22.9326767695515,Entertainment,Ian Boggs,7.191429330036379,Unknown,Entertainment,-1.0,19.61251619065459,14.077875591662238,13.45883704259595,68.0,19.609254155938732,9.02,0,1,13,6.545990873726941,15.742000880768055,16.510955039787962,0.8245899991756934,0.05205636195605315
Lokdhun Punjabi,16.388122864507256,22.273510806347744,Music,Lokdhun Punjabi,7.141245122350491,India,Music,119.0,17.354671192865958,11.833565894429414,11.51293546492023,28.1,21.035458374912988,5.36,0,0,13,5.888163928972031,15.133058030825689,14.283450183619323,0.34471999988372515,0.00760459938521931
Knowledge Tv ï¿½ï¿½ï¿½ï¿½ï¿½ï¿½,16.388122864507256,21.384190764501806,People & Blogs,Knowledge Tv ï¿½ï¿½ï¿½ï¿½ï¿½ï¿½,2.0794415416798357,Unknown,People,-1.0,1.0986122886681096,0.009950330853168083,12.206077645517674,68.0,19.609254155938732,9.02,1,1,4,5.0028096922135825,19.438280618544734,0.08617769624105234,0.8245899991756934,0.01515180502060222
Painzeiro,16.388122864507256,21.66163182859289,People & Blogs,Painzeiro,6.982862751468942,Brazil,People,50.0,17.59947291605734,12.07824495582233,11.51293546492023,51.3,19.17473212136165,12.08,0,0,8,5.278621541960458,14.679697572439323,14.492528864724289,0.8620725611041735,0.00760459938521931
Peppa Pig em Portuguï¿½ï¿½ï¿½ï¿½ï¿½ï¿½ï¿½ï¿½ï¿,16.388122864507256,22.16171920321813,Film & Animation,Peppa Pig em Portuguï¿½ï¿½ï¿½ï¿½ï¿½ï¿½ï¿½ï¿½ï¿½,7.2196420401307355,Brazil,Film,49.0,17.123861425836523,11.602775309696066,11.51293546492023,51.3,19.17473212136165,12.08,0,0,9,5.776700150957066,14.942809819268692,14.012721548269704,0.8620725611041735,0.00760459938521931
ýýýýýýýýýýýýýýý Ms Yeah,16.388122864507256,22.20483255965553,People & Blogs,ýýýýýýýýýýýýýýý Ms Yeah,6.077642243349034,United States,Howto,169.0,17.920811561901942,12.399173397495133,11.51293546492023,88.2,19.609254155938732,14.7,0,0,6,5.819682732948796,16.129486627206933,14.815407241610744,0.8245899991756934,0.00760459938521931
Hungria Hip Hop,16.388122864507256,22.251222909356866,Music,Hungria Hip Hop,4.304065093204169,Brazil,Music,50.0,17.69134666436764,12.169932382913561,12.206077645517674,51.3,19.17473212136165,12.08,1,0,10,5.865938507106155,17.960763483830924,14.58344094694033,0.8620725611041735,0.01515180502060222
RaptorGamer,16.388122864507256,21.780800514052014,People & Blogs,RaptorGamer,7.275864600546533,Ecuador,Games,2.0,17.9571998115918,12.435599778363322,12.611541086966115,44.9,16.670465996814066,3.97,0,0,7,5.3972171805629605,14.505628695768873,14.849157923487285,0.6398599788576524,0.022642476749759825
RedeTV,16.388122864507256,22.397286512351897,Entertainment,RedeTV,10.51219277958166,Brazil,Entertainment,50.0,16.682727466139784,11.161962746590705,12.206077645517674,51.3,19.17473212136165,12.08,1,0,12,6.011616853941678,11.885127827866103,13.581560071516186,0.8620725611041735,0.01515180502060222
twenty one pilots,16.388122864507256,22.38416456893494,Music,twenty one pilots,5.272999558563747,United States,Music,169.0,17.745805627817745,12.224408511383015,12.206077645517674,88.2,19.609254155938732,14.7,1,0,14,5.998527272243743,17.116306446535468,14.625195999770291,0.8245899991756934,0.01515180502060222
DJ Khaled,16.388122864507256,22.61604954355231,Music,DjKhaled,2.5649493574615367,Samoa,Music,81.0,5.940171252720432,1.0986122886681096,1.3862943611198906,7.6,12.21852973283251,8.36,0,0,17,6.229898349648149,20.13114289542148,2.8903717578961645,0.17573800282460766,2.2900760736554214e-07
Davie504,16.380459992348886,21.710312416018855,Entertainment,Davie504,6.732210706467206,Italy,Entertainment,2.0,17.212365223670698,11.691080018519527,11.51293546492023,61.9,17.91479949326982,9.89,0,0,12,5.33468558658413,14.979294627466315,14.085843755206414,0.7073599994268409,0.007662872745569125
Everson Zoio,16.380459992348886,20.747439067852195,Comedy,Everson Zoio,6.439350371100098,Brazil,Entertainment,51.0,14.931307999040428,9.409273194575334,12.206077645517674,51.3,19.17473212136165,12.08,1,0,14,4.379588830064432,14.309688027212367,11.829930875050733,0.8620725611041735,0.015267472130788435
Calon Sarjana,16.380459992348886,16.182439090568728,Entertainment,Calon Sarjana,3.4011973816621555,Indonesia,Entertainment,31.0,21.552690636235205,0.0,12.611541086966115,36.3,19.41468748375534,4.69,0,0,7,0.5990302692966807,12.815145886090946,0.0,0.5607236404348646,0.022814677766171347
Lofi Girl,16.380459992348886,21.252881548504607,Music,Lofi Girl,6.016157159698354,France,Music,3.0,17.232286002407836,11.710964518881163,11.51293546492023,65.6,18.021096628854824,8.43,0,0,8,4.880047288823994,15.239166632704908,14.158107571217943,0.8070899970350383,0.007662872745569125
Jomy Production,16.380459992348886,22.344071541892745,Entertainment,SRK Edie soon,2.1972245773362196,India,Entertainment,5227.0,1.0986122886681096,0.009950330853168083,12.206077645517674,28.1,21.035458374912988,5.36,1,0,2,5.9661789389997475,20.264630001597087,0.08617769624105234,0.34471999988372515,0.015267472130788435
GH'S,16.380459992348886,22.891081588516276,Gaming,GH'S,6.236369590203704,South Korea,Games,15.0,20.801152376528552,15.274125813221904,13.815511557963774,94.3,17.761144320124682,4.15,0,0,3,6.5121081223256185,16.65667092104139,17.7011896085867,0.8143000096424038,0.07410797215372188
JesseAndMike,16.380459992348886,23.025774750838902,Entertainment,JesseAndMike,6.57507584059962,United States,Entertainment,170.0,17.531737657922022,12.010063844310778,12.206077645517674,88.2,19.609254155938732,14.7,1,0,16,6.646614089952853,16.4520946553837,14.445026006129439,0.8245899991756934,0.015267472130788435
Wolfoo Channel,16.380459992348886,19.524439082298116,Entertainment,Wolfoo Channel,3.1354942159291497,Pakistan,People,3926.0,6.3818160174060985,1.0986122886681096,2.1972245773362196,9.0,19.193402764291193,4.45,0,0,2,3.1861866721572913,16.4333966985805,3.295836866004329,0.36907000039590826,6.153844260355807e-07
Susy Mouriz,16.380459992348886,22.559187161465374,Entertainment,Susy Mouriz,7.170119543449628,Mexico,Entertainment,31.0,19.724780294326937,14.220976332738882,13.304686600863562,40.2,18.651903768245116,3.42,0,0,6,6.180798164724521,15.389837351782289,16.624913313567735,0.814408236023,0.04512043528046959
7 Minutoz,16.380459992348886,22.193341170099295,Music,7 Minutoz,6.257667587882639,Brazil,Music,51.0,17.200781822944624,11.679295469550114,12.206077645517674,51.3,19.17473212136165,12.08,1,0,11,5.815865602985667,15.937591247898167,14.086606589355211,0.8620725611041735,0.015267472130788435
The LaBrant Fam,16.380459992348886,22.257435673920938,Comedy,The LaBrant Fam,6.418364935936212,United States,People,170.0,17.562941922606058,0.0,12.206077645517674,88.2,19.609254155938732,14.7,1,0,11,5.879775086675929,15.840703523161363,0.0,0.8245899991756934,0.015267472130788435
Pastor Antï¿½ï¿½ï¿½ï¿½ï,16.372737946851277,21.47103102911641,People & Blogs,Pastor Antï¿½ï¿½ï¿½ï¿½ï,8.45807992692373,Brazil,People,52.0,17.274851085125636,11.753523791492476,11.51293546492023,51.3,19.17473212136165,12.08,0,0,10,5.104381747807088,13.013165534080054,14.155263834653265,0.8620725611041735,0.0077220460939103055
Matheus Yurley,16.372737946851277,18.75731327486862,Entertainment,Matheus Yurley,4.248495242049359,Brazil,Entertainment,52.0,11.902444101248705,6.3835066348840055,12.206077645517674,51.3,19.17473212136165,12.08,1,0,8,2.4727035664672683,14.523207255907677,8.80357441813497,0.8620725611041735,0.01538491883947943
gymvirtual,16.372737946851277,21.64345015695887,Sports,gymvirtual,7.360739903058278,Spain,Sports,17.0,16.299833787595826,10.778977123006351,11.51293546492023,88.9,17.667290486278546,13.96,0,0,13,5.275839070934882,14.283346809927547,13.198770561486247,0.8056500082280477,0.0077220460939103055
BIBOï¿½ï¿½ï¿½ï¿½ï,16.372737946851277,21.8795880089598,Entertainment,BIBOï¿½ï¿½ï¿½ï¿½ï,5.267858159063328,South Korea,Entertainment,16.0,15.202055137776856,9.680406499268875,12.206077645517674,94.3,17.761144320124682,4.15,1,0,7,5.510900796464145,16.61689788046603,12.101273083619482,0.8143000096424038,0.01538491883947943
Top Viral Talent,16.372737946851277,22.016265075544688,Entertainment,Top Viral Talent,7.377133712833954,United States,Entertainment,171.0,17.19579072540896,11.674202123168433,11.51293546492023,88.2,19.609254155938732,14.7,0,0,9,5.647061312403465,14.6397573875093,14.086987788322052,0.8245899991756934,0.0077220460939103055
Akon,16.372737946851277,22.563963574137894,Music,Akon,3.6888794541139363,United States,Music,171.0,18.329003966340565,12.807655372286902,11.51293546492023,88.2,19.609254155938732,14.7,0,0,18,6.193270927562582,18.900401934039103,15.232891921964098,0.8245899991756934,0.0077220460939103055
AlArabiya ï¿½ï¿½ï¿½ï¿½ï¿,16.372737946851277,22.740882499163703,People & Blogs,AlArabiya ï¿½ï¿½ï¿½ï¿½ï¿,12.039457101057836,United Arab Emirates,News,8.0,18.200270964975086,12.67888794332868,11.51293546492023,36.8,16.094881270244645,2.35,0,0,17,6.369858499049092,10.701453816929359,15.1127827035313,0.8678899576471243,0.0077220460939103055
Rauw Alejandro,16.372737946851277,23.165968532626206,Music,Rauw Alejandro,5.1298987149230735,Unknown,Music,5.0,19.141190146133166,13.619740169694264,11.51293546492023,68.0,19.609254155938732,9.02,0,0,9,6.7943513752183895,18.04200456773952,16.043738524691367,0.8245899991756934,0.0077220460939103055
EnriqueIglesiasVEVO,16.372737946851277,23.460661716998487,Music,EnriqueIglesiasVEVO,4.927253685157205,United States,Music,171.0,18.143252599827733,12.621821362281626,11.51293546492023,88.2,19.609254155938732,14.7,0,0,14,7.088758628498232,18.540680799974826,15.03122446499154,0.8245899991756934,0.0077220460939103055
ýýýýýýýý ýýýý ýýýýýýýýýýýýýý,16.372737946851277,22.443365512144602,Shows,ýýýýýýýý ýýýý ýýýýýýýýýýýýýý,7.135687347028144,Ukraine,Entertainment,6.0,18.07985104135083,12.558492047480835,12.206077645517674,82.7,17.608415647179292,8.88,0,0,9,6.072934702398421,15.30847488510526,14.974465389452593,0.6947300060121453,0.01538491883947943
The Shiny Peanut,16.372737946851277,21.770046624314347,Education,The Shiny Peanut,7.757051142032013,Indonesia,Entertainment,32.0,13.638416513885966,8.131824785007195,12.206077645517674,36.3,19.41468748375534,4.69,1,0,7,5.4018272832289655,14.013424109865534,10.537441898283253,0.5607236404348646,0.01538491883947943
Talking Angela,16.36495580701484,22.01317015051462,Entertainment,Talking Angela,5.455321115357702,United Kingdom,Film,31.0,17.146178209205118,11.624475784206961,12.206077645517674,60.0,18.0177285657893,3.85,1,0,9,5.651732030490367,16.56213176081785,14.01116039726955,0.8365199929587164,0.015504186535965254
Melon City Show - ï¿½ï¿½ï¿½ï¿½ï¿½ï¿½ï¿½ï¿½ï¿½ï¿½ï¿,16.36495580701484,22.49200514699972,Comedy,Melon City Show - ï¿½ï¿½ï¿½ï¿½ï¿½ï¿½ï¿½ï¿½ï¿½ï¿,7.454719949364001,Iraq,Comedy,2.0,17.38041286055825,11.85864764578841,12.206077645517674,16.2,17.486984002597904,12.82,1,0,7,6.129230051254706,15.037864363218604,14.281757765684672,0.7067799890933003,0.015504186535965254
Duo Tiempo De Sol,16.36495580701484,22.61972882660819,Music,Duo Tiempo De Sol,5.780743515792329,Spain,Education,17.0,17.804272376133945,12.283038316285214,11.51293546492023,88.9,17.667290486278546,13.96,0,0,10,6.2566925161508395,16.842076551717273,14.706688999195542,0.8056500082280477,0.007782140442054949
Troom Troom India,16.36495580701484,22.640787225414403,Howto & Style,Troom Troom India,7.777373602657861,Unknown,Howto,-1.0,16.66448150802674,11.143324481431074,12.206077645517674,68.0,19.609254155938732,9.02,1,1,8,6.277710955258259,14.863833172470272,13.563454283154693,0.8245899991756934,0.015504186535965254
MrSuicideSheep,16.36495580701484,22.665010109632835,Entertainment,MrSuicideSheep,8.155936337972394,Canada,Entertainment,13.0,16.712416532405097,11.19135563385109,12.206077645517674,68.9,17.42621174442237,5.56,1,0,13,6.301888901756513,14.50936133877183,13.611189987582735,0.827976257881404,0.015504186535965254
Adam W,16.36495580701484,22.974871644247017,Comedy,Adam W,6.525029657843462,United States,Comedy,171.0,19.249018569191474,13.727554371146008,12.206077645517674,88.2,19.609254155938732,14.7,0,0,8,6.611261954336945,16.451309409653977,16.14892558671481,0.8245899991756934,0.015504186535965254
Right to Shiksha,16.36495580701484,22.787180066686172,Education,Right to Shiksha,7.623153068476902,India,Education,120.0,19.180261528532963,13.658857917508856,12.611541086966115,28.1,21.035458374912988,5.36,0,0,3,6.423848056303923,15.164516374733777,16.08338007840235,0.34471999988372515,0.02316705928153438
Beyoncï¿½ï¿½,16.36495580701484,23.3754940112926,Music,Beyoncï¿½ï¿½,5.1298987149230735,United States,Music,172.0,18.310486352809605,12.789128694246449,12.206077645517674,88.2,19.609254155938732,14.7,1,0,14,7.011440198237056,18.25153004366183,15.209599710608986,0.8245899991756934,0.015504186535965254
FACT FIRE KING,16.357112630168974,20.871073806533282,Entertainment,FACT FIRE KING,6.663132695990803,India,Games,120.0,17.753025875649953,12.231745265561225,13.122365377402328,28.1,21.035458374912988,5.36,0,0,3,4.524856661791428,14.209219739675799,14.668265359272256,0.34471999988372515,0.03861483612777958
Ian Lucas,16.357112630168974,21.09543234673839,Entertainment,Ian Lucas,3.9318256327243257,Unknown,Entertainment,-1.0,3.8918202981106265,0.0,2.1972245773362196,68.0,19.609254155938732,9.02,0,1,7,4.747035047482256,17.183409375082977,0.0,0.8245899991756934,6.299210614422062e-07
Franco Escamilla,16.357112630168974,22.174166798917646,Comedy,Franco Escamilla,7.81762544305337,Mexico,Comedy,32.0,18.165556222189203,12.644008170618003,11.51293546492023,40.2,18.651903768245116,3.42,0,0,16,5.8200261865288585,14.356944595088459,15.058973558360478,0.814408236023,0.007843177461025893
Adexe & Nau,16.357112630168974,22.244915463548075,Music,Adexe & Nau,6.38856140554563,Spain,Music,18.0,16.126361494552178,10.604131561522696,12.206077645517674,88.9,17.667290486278546,13.96,1,0,10,5.890572136727781,15.858036273667796,13.025414054939377,0.8056500082280477,0.015625317903080842
Diana and Roma IND,16.357112630168974,22.4402716250058,Entertainment,Diana and Roma IND,6.282266746896006,United States,Entertainment,173.0,17.657154038088144,12.135655546026104,11.51293546492023,88.2,19.609254155938732,14.7,0,0,4,6.085437435498807,16.15987588177406,14.53831410882138,0.8245899991756934,0.007843177461025893
Jass Records,16.357112630168974,22.508167545728735,Music,JassRecords,0.6931471805599453,Unknown,Music,-1.0,0.6931471805599453,0.0,12.206077645517674,68.0,19.609254155938732,9.02,1,1,11,6.153183958424683,22.508167545728735,0.04879016416943201,0.8245899991756934,0.015625317903080842
Future,16.357112630168974,23.018594608403284,Music,Future AMV's,4.787491742782046,United States,Film,1944.0,13.065513621806877,7.550135342488429,6.90875477931522,88.2,19.609254155938732,14.7,0,0,3,6.6627604883767475,18.23947112717769,9.966509298952284,0.8245899991756934,7.873705763683532e-05
YoungBoy Never Broke Again,16.357112630168974,23.301540888719963,Entertainment,YoungBoy Never Broke Again,4.962844630259907,United States,Music,173.0,18.95112074788539,13.429702478318,11.51293546492023,88.2,19.609254155938732,14.7,0,0,8,6.945391864126897,18.345713841821283,15.855444475335759,0.8245899991756934,0.007843177461025893
Blossom,16.357112630168974,22.278009525963242,Howto & Style,Blossom,6.70073110954781,United States,Howto,173.0,17.596695705657897,12.075400019877522,11.51293546492023,88.2,19.609254155938732,14.7,0,0,6,5.923576174759501,15.578509357120046,14.492732096000655,0.8245899991756934,0.007843177461025893
#Refï¿½ï¿½ï¿½ï¿½,16.357112630168974,21.72019759752591,Entertainment,#Refugio Mental,6.741700694652055,Unknown,Entertainment,-1.0,15.753100619454564,10.232827270254802,12.206077645517674,68.0,19.609254155938732,9.02,1,1,10,5.367760524567299,14.979678549733016,12.652042897966872,0.8245899991756934,0.015625317903080842
Piuzinho,16.357112630168974,20.801416876235276,Gaming,Piuzinho,6.22455842927536,Brazil,Games,53.0,15.101708578865267,9.581972891547895,12.206077645517674,51.3,19.17473212136165,12.08,1,0,8,4.455981157625181,14.57884107335064,12.000283875037855,0.8620725611041735,0.015625317903080842
Heidi y Zidane,16.357112630168974,22.515223456374752,Entertainment,Heidi y Zidane,6.398594934535208,United States,People,173.0,16.595385235551138,11.07443600653965,12.206077645517674,88.2,19.609254155938732,14.7,1,0,4,6.160224915972848,16.118293900972155,13.494204136791833,0.8245899991756934,0.015625317903080842
Go Ami Go!,16.357112630168974,21.262652841422586,People & Blogs,Go Ami Go!,5.53338948872752,Colombia,People,11.0,19.607303912995693,14.077875591662238,14.220976332738882,55.3,17.734299502715732,9.71,0,0,8,4.912918444678971,15.733223900270653,16.504527503727783,0.8110400029654679,0.11163997114266945
Morgz,16.349207451286784,21.91827720053913,Gaming,Morgz,6.716594773520978,United Kingdom,Entertainment,32.0,17.890298479632975,12.36904572188765,11.51293546492023,60.0,18.0177285657893,3.85,0,0,9,5.572876599839495,15.202894063629643,14.780020243279024,0.8365199929587164,0.007905179507113275
CaseyNeistat,16.349207451286784,21.871430667671493,People & Blogs,CaseyNeistat,7.00488198971286,United States,People,174.0,15.599238023505803,10.077482875583607,11.51293546492023,88.2,19.609254155938732,14.7,0,0,13,5.526212280494173,14.867456879888977,12.497999446362185,0.8245899991756934,0.007905179507113275
ýýýýýýýýýSULGI,16.349207451286784,21.971841099514105,People & Blogs,ýýýýýýýýýSULGI,6.52795791762255,South Korea,People,17.0,18.544065845362244,13.022545252064427,12.611541086966115,94.3,17.761144320124682,4.15,0,0,11,5.626242315863808,15.445346435618154,15.436995808914048,0.8143000096424038,0.023530497410194116
NickiMinajAtVEVO,16.349207451286784,22.901554445695943,Music,NickiMinajAtVEVO,4.605170185988092,United States,Music,174.0,17.371629779176438,11.850118870058369,12.206077645517674,88.2,19.609254155938732,14.7,1,0,13,6.553772819749497,18.3064346066584,14.282322223309206,0.8245899991756934,0.015748356968139168
Ellie Goulding,16.349207451286784,22.664763132527305,Music,Ellie Goulding,5.389071729816501,United Kingdom,Music,32.0,17.417769495056508,11.896151780740423,12.206077645517674,60.0,18.0177285657893,3.85,1,0,16,6.3173620887566955,17.28026810087532,14.340239678615058,0.8365199929587164,0.015748356968139168
colinfurze,16.341239282272525,21.200800332897057,Entertainment,colinfurze,5.955837369464831,United Kingdom,Entertainment,33.0,15.953456946913388,10.431199791458543,12.206077645517674,60.0,18.0177285657893,3.85,1,0,17,4.867285109218794,15.247557236808625,12.852654809442695,0.8365199929587164,0.01587334915629015
People Vs Food,16.341239282272525,20.85124973576649,Entertainment,People Vs Food,6.400257445308821,United States,Entertainment,175.0,16.54597441909243,11.02518140064756,12.206077645517674,88.2,19.609254155938732,14.7,1,0,10,4.52094883499914,14.452655329151673,13.444883013336034,0.8245899991756934,0.01587334915629015
Wolfoo Family,16.341239282272525,18.898491455964752,Entertainment,Wolfoo Family,4.127134385045092,United States,Film,175.0,20.445915542059698,0.0,12.206077645517674,88.2,19.609254155938732,14.7,1,0,4,2.631911982314907,14.787617963875114,0.0,0.8245899991756934,0.01587334915629015
Ja Mill,16.341239282272525,20.987795515979816,People & Blogs,jamill,0.0,Unknown,Entertainment,-1.0,17.975720900750336,0.0,12.206077645517674,68.0,19.609254155938732,9.02,1,1,17,4.656105163067662,0.0,0.0,0.8245899991756934,0.01587334915629015
Health Time,16.341239282272525,20.725483067073995,Howto & Style,Health Time,7.501634457883413,India,People,123.0,14.148405690083225,8.630700432209832,12.206077645517674,28.1,21.035458374912988,5.36,1,0,7,4.3966390405531905,13.224402747805968,11.046132675457146,0.34471999988372515,0.01587334915629015
Yair17,16.341239282272525,21.061195816971804,Gaming,Yair17,7.01211529430638,Mexico,Games,33.0,15.998072721110866,10.477316144080852,12.206077645517674,40.2,18.651903768245116,3.42,1,0,9,4.7288326703405374,14.049982619896836,12.896969796671371,0.814408236023,0.01587334915629015
Little Baby Bum en Espaï¿½ï,16.341239282272525,22.662916501238726,Education,Little Baby Bum en Espaï¿½ï,7.286191714702382,Spain,Education,19.0,16.607840692391335,11.086762629082946,12.206077645517674,88.9,17.667290486278546,13.96,1,0,9,6.323472613274199,15.377410162309483,13.506674305279985,0.8056500082280477,0.01587334915629015
First We Feast,16.341239282272525,21.81646340242438,Howto & Style,First We Feast,6.981934677156389,United States,Entertainment,175.0,18.52730846536572,13.005831808336863,12.206077645517674,88.2,19.609254155938732,14.7,0,0,9,5.479404738382292,14.835458021981456,15.418165719462724,0.8245899991756934,0.01587334915629015
Mï¿½ï¿½ï¿½ï¿½,16.341239282272525,21.867769852417315,Travel & Events,Mï¿½ï¿½ï¿½ï¿½,6.642486801367256,Mexico,Entertainment,33.0,17.249723575661374,11.728044909070785,12.206077645517674,40.2,18.651903768245116,3.42,1,0,8,5.530502523870824,15.226587926238764,14.156971046828328,0.814408236023,0.01587334915629015
Bebefinn - Nursery Rhymes & Kids Songs,16.341239282272525,22.149655311032156,Entertainment,Bebefinn - Nursery Rhymes & Kids Songs,5.777652323222656,United States,Entertainment,175.0,20.153148350450078,0.0,13.122365377402328,88.2,19.609254155938732,14.7,0,0,1,5.811413792410257,16.375103842583766,0.0,0.8245899991756934,0.039220713153281295
Troom Troom PT,16.341239282272525,22.201267967201204,Howto & Style,Troom Troom PT,7.915348169263078,Unknown,Howto,-1.0,16.41827438880797,10.896757843893464,12.206077645517674,68.0,19.609254155938732,9.02,1,1,8,5.86287586951717,14.286285585642974,13.317273695522019,0.8245899991756934,0.01587334915629015
Parafernalha,16.341239282272525,22.254910398306542,Entertainment,Parafernalha,7.543802867501509,Brazil,Entertainment,54.0,15.783741310011926,10.261196961231647,12.206077645517674,51.3,19.17473212136165,12.08,1,0,12,5.916369799482215,14.711637459532398,12.682620439940363,0.8620725611041735,0.01587334915629015
NDTV,16.341239282272525,22.31977926894589,Entertainment,NDTV,11.925941989231227,India,News,123.0,17.88499876127364,12.363507925148648,11.51293546492023,28.1,21.035458374912988,5.36,0,0,17,5.981069385950483,10.393874515985033,14.780363237492262,0.34471999988372515,0.007968169649176874
elcarteldesantatv,16.341239282272525,22.73676192849474,Music,elcarteldesantatv,5.934894195619588,Mexico,Entertainment,33.0,18.568074369074576,13.046563821483023,11.51293546492023,40.2,18.651903768245116,3.42,0,0,15,6.397190348032821,16.804516791250645,15.474195863356124,0.814408236023,0.007968169649176874
Family Fitness,16.341239282272525,23.06361373085597,Entertainment,Family Fitness,7.438383530044307,India,Entertainment,123.0,19.278134010344438,13.75671657201106,12.899222326086994,28.1,21.035458374912988,5.36,0,0,6,6.723577481302562,15.625818772691462,16.175694617740568,0.34471999988372515,0.03149866705937099
Zee Tamil,16.341239282272525,23.170140866589737,Entertainment,Zee Tamil,11.539567395916649,India,Entertainment,123.0,19.673272272038382,14.151983508870947,12.206077645517674,28.1,21.035458374912988,5.36,0,0,15,6.829983125155832,11.630592097695432,16.575520561288332,0.34471999988372515,0.01587334915629015
Flowers Comedy,16.341239282272525,23.182092106185216,Entertainment,Flowers Comedy,9.384965722135666,India,Entertainment,122.0,19.00858407427103,13.487146758932008,11.51293546492023,28.1,21.035458374912988,5.36,0,0,8,6.841921523742914,13.797211383116654,15.902411831528964,0.34471999988372515,0.007968169649176874
Mundo Bita,16.341239282272525,23.53812283252086,Music,Mundo Bita,5.537334267018537,Brazil,Music,54.0,19.180083724968835,13.65862397229074,11.51293546492023,51.3,19.17473212136165,12.08,0,0,12,7.1976322659656615,18.004733358891485,16.083390431600677,0.8620725611041735,0.007968169649176874
Wave Music Bhakti,16.341239282272525,22.361486368528134,Music,Wave Music Bhakti,9.898475010712584,India,Music,123.0,16.22056207276366,10.698762529141884,12.206077645517674,28.1,21.035458374912988,5.36,1,0,12,6.022673289778997,12.463065477016405,13.119561455685307,0.34471999988372515,0.01587334915629015
Troom Troom Indonesia,16.341239282272525,22.40589551962084,People & Blogs,TROOM TROOM INDONESIA,2.1972245773362196,Unknown,People,-1.0,0.6931471805599453,0.0,12.206077645517674,68.0,19.609254155938732,9.02,1,1,3,6.0669771783232305,20.326453979242196,0.04879016416943201,0.8245899991756934,0.01587334915629015
CKM,16.341239282272525,22.21970804795622,Comedy,CKM,4.770684624465665,India,Comedy,123.0,16.391323842531868,10.87049040995193,12.206077645517674,28.1,21.035458374912988,5.36,1,0,5,5.881264003165173,17.457534139133813,13.290249577302026,0.34471999988372515,0.01587334915629015
Quantum Tech HD,16.341239282272525,22.191189277632468,Science & Technology,Mr_Mughall Gaming,5.4116460518550396,Pakistan,Entertainment,3554.0,9.073603848402712,3.58351893845611,3.4965075614664802,9.0,19.193402764291193,4.45,0,0,1,5.852825978691953,16.78401755732191,5.976350909297934,0.36907000039590826,2.5599967232055924e-06
_vector_,16.333207111220425,22.751020983826958,Comedy,_vector_,5.988961416889864,United States,Comedy,176.0,20.621977021765236,15.096444681204078,13.997832948091215,88.2,19.609254155938732,14.7,0,0,4,6.419444842944003,16.7645690307999,17.52173867498285,0.8245899991756934,0.09237332013101514
DEV Ke Facts,16.333207111220425,21.401921691603835,Entertainment,DEV Ke Facts,5.389071729816501,India,Education,124.0,19.427433562596416,13.910821646859095,13.304686600863562,28.1,21.035458374912988,5.36,0,0,11,5.07498545828206,16.017426738898497,16.323401125582503,0.34471999988372515,0.04725288485054555
Hero Movies 2023,16.333207111220425,21.24745612638194,People & Blogs,Hero Movies 2023,6.536691597591305,Unknown,People,-1.0,16.89911638256234,11.377117196515812,12.206077645517674,68.0,19.609254155938732,9.02,1,1,6,4.9215635079442155,14.71221526268797,13.74776797596814,0.8245899991756934,0.01600034134644113
LOUD,16.333207111220425,21.5962912839793,Gaming,WatchLOUD,6.53813982376767,United States,Entertainment,1795.0,10.225462350145268,4.709530201312334,12.206077645517674,88.2,19.609254155938732,14.7,1,0,17,5.26825019228475,15.059599974173574,7.1049654482698426,0.8245899991756934,0.01600034134644113
Gibby :),16.333207111220425,21.77502584408702,People & Blogs,Gibby :),5.424950017481403,Mexico,People,34.0,16.145516343829502,10.623787731088578,12.206077645517674,40.2,18.651903768245116,3.42,1,0,9,5.446141056530914,16.354490923412268,13.044403998094442,0.814408236023,0.01600034134644113
Gustavo Parï¿½ï¿½,16.333207111220425,21.679782195725,Comedy,GustavoParodias,2.302585092994046,Brazil,Comedy,5075.0,17.975720900750336,0.0,12.206077645517674,51.3,19.17473212136165,12.08,1,0,13,5.351328291254017,19.48255762146261,0.0,0.8620725611041735,0.01600034134644113
SAAIHALILINTAR,16.333207111220425,20.83038438995059,Entertainment,SAAIHALILINTAR,6.016157159698354,Indonesia,Entertainment,34.0,13.599933309847449,8.071218539969863,12.206077645517674,36.3,19.41468748375534,4.69,1,0,11,4.508256158853126,14.816669600462738,10.499600568082863,0.5607236404348646,0.01600034134644113
Timba Vk,16.333207111220425,21.767118472798476,Gaming,Timba Vk,6.932447891572509,Spain,Games,19.0,16.99448067672508,11.473155000731508,11.51293546492023,88.9,17.667290486278546,13.96,0,0,11,5.438267923672885,14.835647027392724,13.935868941231037,0.8056500082280477,0.00803217169726426
Heidi and Zidane HZHtube,16.333207111220425,22.114898248291237,Entertainment,Heidi and Zidane HZHtube,6.70196036600254,Canada,Entertainment,14.0,16.076752791644882,10.555838779903407,12.206077645517674,68.9,17.42621174442237,5.56,1,0,8,5.784769969376625,15.41416734066267,12.975720112947148,0.827976257881404,0.01600034134644113
DaniRep | +6 Vï¿½ï¿½ï¿½ï¿½ï¿½ï¿½ï¿½ï¿½ï¿½ï¿½ï,16.333207111220425,22.65965378007143,Gaming,DaniRep | +6 Vï¿½ï¿½ï¿½ï¿½ï¿½ï¿½ï¿½ï¿½ï¿½ï¿½ï,9.42706335548747,Spain,Games,19.0,18.230101195610924,12.708667489167874,11.51293546492023,88.9,17.667290486278546,13.96,0,0,11,6.328233529154441,13.23267273409487,15.137826507722489,0.8056500082280477,0.00803217169726426
Zee Kids,16.333207111220425,22.762363167345235,Film & Animation,Zee Kids,7.10085190894405,India,Entertainment,124.0,18.371101779261586,12.849769569107353,11.51293546492023,28.1,21.035458374912988,5.36,0,0,11,6.4307686479413295,15.662336158322933,15.27749223270704,0.34471999988372515,0.00803217169726426
Pari's Lifestyle,16.333207111220425,22.769895502176745,People & Blogs,Pari's Lifestyle,6.131226489483141,India,People,124.0,17.457429449416725,11.936237039973754,12.206077645517674,28.1,21.035458374912988,5.36,1,0,5,6.438288892105549,16.640845351275836,14.337573406951835,0.34471999988372515,0.01600034134644113
DisneyChannelUK,16.333207111220425,23.25755681149833,Music,DisneyChannelUK,8.394573477868327,United Kingdom,Entertainment,34.0,17.36392034807717,11.842236406331555,12.206077645517674,60.0,18.0177285657893,3.85,1,0,16,6.925332839911213,14.86320980074548,14.282823696082536,0.8365199929587164,0.01600034134644113
MoniLina,16.333207111220425,23.501265451308033,Comedy,MoniLinaFamily,0.0,United States,People,2774.0,17.975720900750336,0.0,4.61512051684126,88.2,19.609254155938732,14.7,0,0,7,7.1688289416264235,0.0,0.0,0.8245899991756934,8.064483610996888e-06
bharatzkitchen HINDI,16.333207111220425,21.56277342422791,Howto & Style,bharatzkitchen HINDI,6.593044534142437,India,Howto,124.0,17.248465003531017,11.727238138609684,11.51293546492023,28.1,21.035458374912988,5.36,0,0,7,5.234907948808514,14.97110000665926,14.157042117457639,0.34471999988372515,0.00803217169726426
TKOR,16.333207111220425,21.944692196363448,Education,TKoR,0.0,Unknown,People,-1.0,17.975720900750336,0.0,12.206077645517674,68.0,19.609254155938732,9.02,1,1,17,5.615134135994949,0.0,0.0,0.8245899991756934,0.01600034134644113
ANNA KOVA,16.333207111220425,23.359432299815754,People & Blogs,annakova,0.6931471805599453,Unknown,Film,-1.0,1.0986122886681096,0.009950330853168083,12.206077645517674,68.0,19.609254155938732,9.02,1,1,17,7.027113153355331,23.359432299815754,0.08617769624105234,0.8245899991756934,0.01600034134644113
Avril Lavigne,16.333207111220425,22.548152199924605,Music,Avril Lavigne,5.327876168789581,United States,Music,176.0,17.731286532186807,12.210069646866993,12.206077645517674,88.2,19.609254155938732,14.7,1,0,18,6.216942499167987,17.22514225367833,14.626174516514954,0.8245899991756934,0.01600034134644113
Caylus,16.333207111220425,22.287526347579018,Education,Caylus,7.201170883281678,United States,Games,175.0,18.995044394152973,13.473584878316764,12.899222326086994,88.2,19.609254155938732,14.7,0,0,7,5.956910565947353,15.087101734809982,15.890843797114169,0.8245899991756934,0.0317486983145803
Migos ATL,16.333207111220425,22.66823357921877,Music,Migos ATL,4.605170185988092,United States,Entertainment,175.0,17.715703887876842,12.194005125011843,11.51293546492023,88.2,19.609254155938732,14.7,0,0,11,6.33679807718143,18.073113743097384,14.627240898440242,0.8245899991756934,0.00803217169726426
Natan por Aï¿,16.325109901643454,22.92377498638716,Sports,Natan por Aï¿,7.0909098220799835,Brazil,Entertainment,55.0,20.129987522301047,14.603968372873895,13.45883704259595,51.3,19.17473212136165,12.08,0,0,6,6.60002642411692,15.83369828339642,17.02635425145779,0.8620725611041735,0.05535009508316492
Free Fire India Official,16.325109901643454,21.238726669116645,People & Blogs,Free Fire India Official,7.313886831633462,India,Games,125.0,17.985812586922478,12.464201028227341,12.611541086966115,28.1,21.035458374912988,5.36,0,0,5,4.92093586999675,13.925507177266683,14.882219641758624,0.34471999988372515,0.024097551579060503
Panda,16.325109901643454,21.51837570387482,Entertainment,HybridPanda,7.8050670442584895,United Kingdom,Games,867.0,11.112985067504765,5.594711379601839,6.90875477931522,60.0,18.0177285657893,3.85,0,0,17,5.198804356358421,13.713717513522116,8.006367567650246,0.8365199929587164,8.129750827614924e-05
RobTopGames,16.325109901643454,19.74009647200731,Gaming,RobTopGames,3.6888794541139363,Sweden,Games,4.0,15.169023687890933,9.648659816955295,11.51293546492023,67.0,16.14624122204927,6.48,0,0,11,3.447334611922862,16.0765349274484,12.067965083912192,0.8770799886013771,0.00809721023261937
Make Joke Of,16.325109901643454,21.479281573934983,Comedy,Make Joke Of,4.143134726391533,India,Comedy,125.0,16.993564429978885,11.472113887062386,11.51293546492023,28.1,21.035458374912988,5.36,0,0,6,5.159930401669306,17.35214721753143,13.93595759756457,0.34471999988372515,0.00809721023261937
